file.name,database,uri,sub.database,pathway.id,pathway.name,macromolecule.ID.type,simple.chemical.ID.type
http___identifiers.org_panther.pathway_P00001.sbgn,pathwayCommons,http://identifiers.org/panther.pathway/P00001,panther.pathway,P00001,Adrenaline and noradrenaline biosynthesis,pathwayCommons,pathwayCommons
http___identifiers.org_panther.pathway_P00002.sbgn,pathwayCommons,http://identifiers.org/panther.pathway/P00002,panther.pathway,P00002,Alpha adrenergic receptor signaling pathway,pathwayCommons,pathwayCommons
http___identifiers.org_panther.pathway_P00003.sbgn,pathwayCommons,http://identifiers.org/panther.pathway/P00003,panther.pathway,P00003,Alzheimer disease-amyloid secretase pathway,pathwayCommons,pathwayCommons
http___identifiers.org_panther.pathway_P00004.sbgn,pathwayCommons,http://identifiers.org/panther.pathway/P00004,panther.pathway,P00004,Alzheimer disease-presenilin pathway,pathwayCommons,pathwayCommons
http___identifiers.org_panther.pathway_P00005.sbgn,pathwayCommons,http://identifiers.org/panther.pathway/P00005,panther.pathway,P00005,Angiogenesis,pathwayCommons,pathwayCommons
http___identifiers.org_panther.pathway_P00006.sbgn,pathwayCommons,http://identifiers.org/panther.pathway/P00006,panther.pathway,P00006,Apoptosis signaling pathway,pathwayCommons,pathwayCommons
http___identifiers.org_panther.pathway_P00007.sbgn,pathwayCommons,http://identifiers.org/panther.pathway/P00007,panther.pathway,P00007,Axon guidance mediated by semaphorins,pathwayCommons,pathwayCommons
http___identifiers.org_panther.pathway_P00008.sbgn,pathwayCommons,http://identifiers.org/panther.pathway/P00008,panther.pathway,P00008,Axon guidance mediated by Slit/Robo,pathwayCommons,pathwayCommons
http___identifiers.org_panther.pathway_P00009.sbgn,pathwayCommons,http://identifiers.org/panther.pathway/P00009,panther.pathway,P00009,Axon guidance mediated by netrin,pathwayCommons,pathwayCommons
http___identifiers.org_panther.pathway_P00010.sbgn,pathwayCommons,http://identifiers.org/panther.pathway/P00010,panther.pathway,P00010,B cell activation,pathwayCommons,pathwayCommons
http___identifiers.org_panther.pathway_P00011.sbgn,pathwayCommons,http://identifiers.org/panther.pathway/P00011,panther.pathway,P00011,Blood coagulation,pathwayCommons,pathwayCommons
http___identifiers.org_panther.pathway_P00012.sbgn,pathwayCommons,http://identifiers.org/panther.pathway/P00012,panther.pathway,P00012,Cadherin signaling pathway,pathwayCommons,pathwayCommons
http___identifiers.org_panther.pathway_P00013.sbgn,pathwayCommons,http://identifiers.org/panther.pathway/P00013,panther.pathway,P00013,Cell cycle,pathwayCommons,pathwayCommons
http___identifiers.org_panther.pathway_P00014.sbgn,pathwayCommons,http://identifiers.org/panther.pathway/P00014,panther.pathway,P00014,Cholesterol biosynthesis,pathwayCommons,pathwayCommons
http___identifiers.org_panther.pathway_P00015.sbgn,pathwayCommons,http://identifiers.org/panther.pathway/P00015,panther.pathway,P00015,Circadian clock system,pathwayCommons,pathwayCommons
http___identifiers.org_panther.pathway_P00016.sbgn,pathwayCommons,http://identifiers.org/panther.pathway/P00016,panther.pathway,P00016,Cytoskeletal regulation by Rho GTPase,pathwayCommons,pathwayCommons
http___identifiers.org_panther.pathway_P00017.sbgn,pathwayCommons,http://identifiers.org/panther.pathway/P00017,panther.pathway,P00017,DNA replication,pathwayCommons,pathwayCommons
http___identifiers.org_panther.pathway_P00018.sbgn,pathwayCommons,http://identifiers.org/panther.pathway/P00018,panther.pathway,P00018,EGF receptor signaling pathway,pathwayCommons,pathwayCommons
http___identifiers.org_panther.pathway_P00019.sbgn,pathwayCommons,http://identifiers.org/panther.pathway/P00019,panther.pathway,P00019,Endothelin signaling pathway,pathwayCommons,pathwayCommons
http___identifiers.org_panther.pathway_P00020.sbgn,pathwayCommons,http://identifiers.org/panther.pathway/P00020,panther.pathway,P00020,FAS signaling pathway,pathwayCommons,pathwayCommons
http___identifiers.org_panther.pathway_P00021.sbgn,pathwayCommons,http://identifiers.org/panther.pathway/P00021,panther.pathway,P00021,FGF signaling pathway,pathwayCommons,pathwayCommons
http___identifiers.org_panther.pathway_P00022.sbgn,pathwayCommons,http://identifiers.org/panther.pathway/P00022,panther.pathway,P00022,General transcription by RNA polymerase I,pathwayCommons,pathwayCommons
http___identifiers.org_panther.pathway_P00023.sbgn,pathwayCommons,http://identifiers.org/panther.pathway/P00023,panther.pathway,P00023,General transcription regulation,pathwayCommons,pathwayCommons
http___identifiers.org_panther.pathway_P00024.sbgn,pathwayCommons,http://identifiers.org/panther.pathway/P00024,panther.pathway,P00024,Glycolysis,pathwayCommons,pathwayCommons
http___identifiers.org_panther.pathway_P00025.sbgn,pathwayCommons,http://identifiers.org/panther.pathway/P00025,panther.pathway,P00025,Hedgehog signaling pathway,pathwayCommons,pathwayCommons
http___identifiers.org_panther.pathway_P00026.sbgn,pathwayCommons,http://identifiers.org/panther.pathway/P00026,panther.pathway,P00026,Heterotrimeric G-protein signaling pathway-Gi alpha and Gs alpha mediated pathway,pathwayCommons,pathwayCommons
http___identifiers.org_panther.pathway_P00027.sbgn,pathwayCommons,http://identifiers.org/panther.pathway/P00027,panther.pathway,P00027,Heterotrimeric G-protein signaling pathway-Gq alpha and Go alpha mediated pathway,pathwayCommons,pathwayCommons
http___identifiers.org_panther.pathway_P00028.sbgn,pathwayCommons,http://identifiers.org/panther.pathway/P00028,panther.pathway,P00028,Heterotrimeric G-protein signaling pathway-rod outer segment phototransduction,pathwayCommons,pathwayCommons
http___identifiers.org_panther.pathway_P00029.sbgn,pathwayCommons,http://identifiers.org/panther.pathway/P00029,panther.pathway,P00029,Huntington disease,pathwayCommons,pathwayCommons
http___identifiers.org_panther.pathway_P00030.sbgn,pathwayCommons,http://identifiers.org/panther.pathway/P00030,panther.pathway,P00030,Hypoxia response via HIF activation,pathwayCommons,pathwayCommons
http___identifiers.org_panther.pathway_P00031.sbgn,pathwayCommons,http://identifiers.org/panther.pathway/P00031,panther.pathway,P00031,Inflammation mediated by chemokine and cytokine signaling pathway,pathwayCommons,pathwayCommons
http___identifiers.org_panther.pathway_P00032.sbgn,pathwayCommons,http://identifiers.org/panther.pathway/P00032,panther.pathway,P00032,Insulin/IGF pathway-mitogen activated protein kinase kinase/MAP kinase cascade,pathwayCommons,pathwayCommons
http___identifiers.org_panther.pathway_P00033.sbgn,pathwayCommons,http://identifiers.org/panther.pathway/P00033,panther.pathway,P00033,Insulin/IGF pathway-protein kinase B signaling cascade,pathwayCommons,pathwayCommons
http___identifiers.org_panther.pathway_P00034.sbgn,pathwayCommons,http://identifiers.org/panther.pathway/P00034,panther.pathway,P00034,Integrin signalling pathway,pathwayCommons,pathwayCommons
http___identifiers.org_panther.pathway_P00035.sbgn,pathwayCommons,http://identifiers.org/panther.pathway/P00035,panther.pathway,P00035,Interferon-gamma signaling pathway,pathwayCommons,pathwayCommons
http___identifiers.org_panther.pathway_P00036.sbgn,pathwayCommons,http://identifiers.org/panther.pathway/P00036,panther.pathway,P00036,Interleukin signaling pathway,pathwayCommons,pathwayCommons
http___identifiers.org_panther.pathway_P00037.sbgn,pathwayCommons,http://identifiers.org/panther.pathway/P00037,panther.pathway,P00037,Ionotropic glutamate receptor pathway,pathwayCommons,pathwayCommons
http___identifiers.org_panther.pathway_P00038.sbgn,pathwayCommons,http://identifiers.org/panther.pathway/P00038,panther.pathway,P00038,JAK/STAT signaling pathway,pathwayCommons,pathwayCommons
http___identifiers.org_panther.pathway_P00039.sbgn,pathwayCommons,http://identifiers.org/panther.pathway/P00039,panther.pathway,P00039,Metabotropic glutamate receptor group III pathway,pathwayCommons,pathwayCommons
http___identifiers.org_panther.pathway_P00040.sbgn,pathwayCommons,http://identifiers.org/panther.pathway/P00040,panther.pathway,P00040,Metabotropic glutamate receptor group II pathway,pathwayCommons,pathwayCommons
http___identifiers.org_panther.pathway_P00041.sbgn,pathwayCommons,http://identifiers.org/panther.pathway/P00041,panther.pathway,P00041,Metabotropic glutamate receptor group I pathway,pathwayCommons,pathwayCommons
http___identifiers.org_panther.pathway_P00042.sbgn,pathwayCommons,http://identifiers.org/panther.pathway/P00042,panther.pathway,P00042,Muscarinic acetylcholine receptor 1 and 3 signaling pathway,pathwayCommons,pathwayCommons
http___identifiers.org_panther.pathway_P00043.sbgn,pathwayCommons,http://identifiers.org/panther.pathway/P00043,panther.pathway,P00043,Muscarinic acetylcholine receptor 2 and 4 signaling pathway,pathwayCommons,pathwayCommons
http___identifiers.org_panther.pathway_P00044.sbgn,pathwayCommons,http://identifiers.org/panther.pathway/P00044,panther.pathway,P00044,Nicotinic acetylcholine receptor signaling pathway,pathwayCommons,pathwayCommons
http___identifiers.org_panther.pathway_P00045.sbgn,pathwayCommons,http://identifiers.org/panther.pathway/P00045,panther.pathway,P00045,Notch signaling pathway,pathwayCommons,pathwayCommons
http___identifiers.org_panther.pathway_P00046.sbgn,pathwayCommons,http://identifiers.org/panther.pathway/P00046,panther.pathway,P00046,Oxidative stress response,pathwayCommons,pathwayCommons
http___identifiers.org_panther.pathway_P00047.sbgn,pathwayCommons,http://identifiers.org/panther.pathway/P00047,panther.pathway,P00047,PDGF signaling pathway,pathwayCommons,pathwayCommons
http___identifiers.org_panther.pathway_P00048.sbgn,pathwayCommons,http://identifiers.org/panther.pathway/P00048,panther.pathway,P00048,PI3 kinase pathway,pathwayCommons,pathwayCommons
http___identifiers.org_panther.pathway_P00049.sbgn,pathwayCommons,http://identifiers.org/panther.pathway/P00049,panther.pathway,P00049,Parkinson disease,pathwayCommons,pathwayCommons
http___identifiers.org_panther.pathway_P00050.sbgn,pathwayCommons,http://identifiers.org/panther.pathway/P00050,panther.pathway,P00050,Plasminogen activating cascade,pathwayCommons,pathwayCommons
http___identifiers.org_panther.pathway_P00051.sbgn,pathwayCommons,http://identifiers.org/panther.pathway/P00051,panther.pathway,P00051,TCA cycle,pathwayCommons,pathwayCommons
http___identifiers.org_panther.pathway_P00052.sbgn,pathwayCommons,http://identifiers.org/panther.pathway/P00052,panther.pathway,P00052,TGF-beta signaling pathway,pathwayCommons,pathwayCommons
http___identifiers.org_panther.pathway_P00053.sbgn,pathwayCommons,http://identifiers.org/panther.pathway/P00053,panther.pathway,P00053,T cell activation,pathwayCommons,pathwayCommons
http___identifiers.org_panther.pathway_P00054.sbgn,pathwayCommons,http://identifiers.org/panther.pathway/P00054,panther.pathway,P00054,Toll receptor signaling pathway,pathwayCommons,pathwayCommons
http___identifiers.org_panther.pathway_P00055.sbgn,pathwayCommons,http://identifiers.org/panther.pathway/P00055,panther.pathway,P00055,Transcription regulation by bZIP transcription factor,pathwayCommons,pathwayCommons
http___identifiers.org_panther.pathway_P00056.sbgn,pathwayCommons,http://identifiers.org/panther.pathway/P00056,panther.pathway,P00056,VEGF signaling pathway,pathwayCommons,pathwayCommons
http___identifiers.org_panther.pathway_P00057.sbgn,pathwayCommons,http://identifiers.org/panther.pathway/P00057,panther.pathway,P00057,Wnt signaling pathway,pathwayCommons,pathwayCommons
http___identifiers.org_panther.pathway_P00058.sbgn,pathwayCommons,http://identifiers.org/panther.pathway/P00058,panther.pathway,P00058,mRNA splicing,pathwayCommons,pathwayCommons
http___identifiers.org_panther.pathway_P00059.sbgn,pathwayCommons,http://identifiers.org/panther.pathway/P00059,panther.pathway,P00059,p53 pathway,pathwayCommons,pathwayCommons
http___identifiers.org_panther.pathway_P00060.sbgn,pathwayCommons,http://identifiers.org/panther.pathway/P00060,panther.pathway,P00060,Ubiquitin proteasome pathway,pathwayCommons,pathwayCommons
http___identifiers.org_panther.pathway_P02721.sbgn,pathwayCommons,http://identifiers.org/panther.pathway/P02721,panther.pathway,P02721,ATP synthesis,pathwayCommons,pathwayCommons
http___identifiers.org_panther.pathway_P02722.sbgn,pathwayCommons,http://identifiers.org/panther.pathway/P02722,panther.pathway,P02722,Acetate utilization,pathwayCommons,pathwayCommons
http___identifiers.org_panther.pathway_P02723.sbgn,pathwayCommons,http://identifiers.org/panther.pathway/P02723,panther.pathway,P02723,Adenine and hypoxanthine salvage pathway,pathwayCommons,pathwayCommons
http___identifiers.org_panther.pathway_P02724.sbgn,pathwayCommons,http://identifiers.org/panther.pathway/P02724,panther.pathway,P02724,Alanine biosynthesis,pathwayCommons,pathwayCommons
http___identifiers.org_panther.pathway_P02725.sbgn,pathwayCommons,http://identifiers.org/panther.pathway/P02725,panther.pathway,P02725,Allantoin degradation,pathwayCommons,pathwayCommons
http___identifiers.org_panther.pathway_P02726.sbgn,pathwayCommons,http://identifiers.org/panther.pathway/P02726,panther.pathway,P02726,Aminobutyrate degradation,pathwayCommons,pathwayCommons
http___identifiers.org_panther.pathway_P02727.sbgn,pathwayCommons,http://identifiers.org/panther.pathway/P02727,panther.pathway,P02727,Androgen/estrogene/progesterone biosynthesis,pathwayCommons,pathwayCommons
http___identifiers.org_panther.pathway_P02728.sbgn,pathwayCommons,http://identifiers.org/panther.pathway/P02728,panther.pathway,P02728,Arginine biosynthesis,pathwayCommons,pathwayCommons
http___identifiers.org_panther.pathway_P02729.sbgn,pathwayCommons,http://identifiers.org/panther.pathway/P02729,panther.pathway,P02729,Ascorbate degradation,pathwayCommons,pathwayCommons
http___identifiers.org_panther.pathway_P02730.sbgn,pathwayCommons,http://identifiers.org/panther.pathway/P02730,panther.pathway,P02730,Asparagine and aspartate biosynthesis,pathwayCommons,pathwayCommons
http___identifiers.org_panther.pathway_P02732.sbgn,pathwayCommons,http://identifiers.org/panther.pathway/P02732,panther.pathway,P02732,Coenzyme A linked carnitine metabolism,pathwayCommons,pathwayCommons
http___identifiers.org_panther.pathway_P02733.sbgn,pathwayCommons,http://identifiers.org/panther.pathway/P02733,panther.pathway,P02733,Carnitine metabolism,pathwayCommons,pathwayCommons
http___identifiers.org_panther.pathway_P02736.sbgn,pathwayCommons,http://identifiers.org/panther.pathway/P02736,panther.pathway,P02736,Coenzyme A biosynthesis,pathwayCommons,pathwayCommons
http___identifiers.org_panther.pathway_P02737.sbgn,pathwayCommons,http://identifiers.org/panther.pathway/P02737,panther.pathway,P02737,Cysteine biosynthesis,pathwayCommons,pathwayCommons
http___identifiers.org_panther.pathway_P02738.sbgn,pathwayCommons,http://identifiers.org/panther.pathway/P02738,panther.pathway,P02738,De novo purine biosynthesis,pathwayCommons,pathwayCommons
http___identifiers.org_panther.pathway_P02739.sbgn,pathwayCommons,http://identifiers.org/panther.pathway/P02739,panther.pathway,P02739,De novo pyrimidine deoxyribonucleotide biosynthesis,pathwayCommons,pathwayCommons
http___identifiers.org_panther.pathway_P02740.sbgn,pathwayCommons,http://identifiers.org/panther.pathway/P02740,panther.pathway,P02740,De novo pyrimidine ribonucleotides biosythesis,pathwayCommons,pathwayCommons
http___identifiers.org_panther.pathway_P02741.sbgn,pathwayCommons,http://identifiers.org/panther.pathway/P02741,panther.pathway,P02741,Flavin biosynthesis,pathwayCommons,pathwayCommons
http___identifiers.org_panther.pathway_P02742.sbgn,pathwayCommons,http://identifiers.org/panther.pathway/P02742,panther.pathway,P02742,Tetrahydrofolate biosynthesis,pathwayCommons,pathwayCommons
http___identifiers.org_panther.pathway_P02743.sbgn,pathwayCommons,http://identifiers.org/panther.pathway/P02743,panther.pathway,P02743,Formyltetrahydroformate biosynthesis,pathwayCommons,pathwayCommons
http___identifiers.org_panther.pathway_P02744.sbgn,pathwayCommons,http://identifiers.org/panther.pathway/P02744,panther.pathway,P02744,Fructose galactose metabolism,pathwayCommons,pathwayCommons
http___identifiers.org_panther.pathway_P02745.sbgn,pathwayCommons,http://identifiers.org/panther.pathway/P02745,panther.pathway,P02745,Glutamine glutamate conversion,pathwayCommons,pathwayCommons
http___identifiers.org_panther.pathway_P02746.sbgn,pathwayCommons,http://identifiers.org/panther.pathway/P02746,panther.pathway,P02746,Heme biosynthesis,pathwayCommons,pathwayCommons
http___identifiers.org_panther.pathway_P02748.sbgn,pathwayCommons,http://identifiers.org/panther.pathway/P02748,panther.pathway,P02748,Isoleucine biosynthesis,pathwayCommons,pathwayCommons
http___identifiers.org_panther.pathway_P02749.sbgn,pathwayCommons,http://identifiers.org/panther.pathway/P02749,panther.pathway,P02749,Leucine biosynthesis,pathwayCommons,pathwayCommons
http___identifiers.org_panther.pathway_P02750.sbgn,pathwayCommons,http://identifiers.org/panther.pathway/P02750,panther.pathway,P02750,Lipoate_biosynthesis,pathwayCommons,pathwayCommons
http___identifiers.org_panther.pathway_P02752.sbgn,pathwayCommons,http://identifiers.org/panther.pathway/P02752,panther.pathway,P02752,Mannose metabolism,pathwayCommons,pathwayCommons
http___identifiers.org_panther.pathway_P02753.sbgn,pathwayCommons,http://identifiers.org/panther.pathway/P02753,panther.pathway,P02753,Methionine biosynthesis,pathwayCommons,pathwayCommons
http___identifiers.org_panther.pathway_P02754.sbgn,pathwayCommons,http://identifiers.org/panther.pathway/P02754,panther.pathway,P02754,Methylcitrate cycle,pathwayCommons,pathwayCommons
http___identifiers.org_panther.pathway_P02755.sbgn,pathwayCommons,http://identifiers.org/panther.pathway/P02755,panther.pathway,P02755,Methylmalonyl pathway,pathwayCommons,pathwayCommons
http___identifiers.org_panther.pathway_P02756.sbgn,pathwayCommons,http://identifiers.org/panther.pathway/P02756,panther.pathway,P02756,N-acetylglucosamine metabolism,pathwayCommons,pathwayCommons
http___identifiers.org_panther.pathway_P02757.sbgn,pathwayCommons,http://identifiers.org/panther.pathway/P02757,panther.pathway,P02757,O-antigen biosynthesis,pathwayCommons,pathwayCommons
http___identifiers.org_panther.pathway_P02758.sbgn,pathwayCommons,http://identifiers.org/panther.pathway/P02758,panther.pathway,P02758,Ornithine degradation,pathwayCommons,pathwayCommons
http___identifiers.org_panther.pathway_P02759.sbgn,pathwayCommons,http://identifiers.org/panther.pathway/P02759,panther.pathway,P02759,Pyridoxal-5-phosphate biosynthesis,pathwayCommons,pathwayCommons
http___identifiers.org_panther.pathway_P02762.sbgn,pathwayCommons,http://identifiers.org/panther.pathway/P02762,panther.pathway,P02762,Pentose phosphate pathway,pathwayCommons,pathwayCommons
http___identifiers.org_panther.pathway_P02766.sbgn,pathwayCommons,http://identifiers.org/panther.pathway/P02766,panther.pathway,P02766,Phenylethylamine degradation,pathwayCommons,pathwayCommons
http___identifiers.org_panther.pathway_P02769.sbgn,pathwayCommons,http://identifiers.org/panther.pathway/P02769,panther.pathway,P02769,Purine metabolism,pathwayCommons,pathwayCommons
http___identifiers.org_panther.pathway_P02770.sbgn,pathwayCommons,http://identifiers.org/panther.pathway/P02770,panther.pathway,P02770,Pyridoxal phosphate salvage pathway,pathwayCommons,pathwayCommons
http___identifiers.org_panther.pathway_P02771.sbgn,pathwayCommons,http://identifiers.org/panther.pathway/P02771,panther.pathway,P02771,Pyrimidine Metabolism,pathwayCommons,pathwayCommons
http___identifiers.org_panther.pathway_P02772.sbgn,pathwayCommons,http://identifiers.org/panther.pathway/P02772,panther.pathway,P02772,Pyruvate metabolism,pathwayCommons,pathwayCommons
http___identifiers.org_panther.pathway_P02773.sbgn,pathwayCommons,http://identifiers.org/panther.pathway/P02773,panther.pathway,P02773,S-adenosylmethionine biosynthesis,pathwayCommons,pathwayCommons
http___identifiers.org_panther.pathway_P02774.sbgn,pathwayCommons,http://identifiers.org/panther.pathway/P02774,panther.pathway,P02774,Salvage pyrimidine deoxyribonucleotides,pathwayCommons,pathwayCommons
http___identifiers.org_panther.pathway_P02775.sbgn,pathwayCommons,http://identifiers.org/panther.pathway/P02775,panther.pathway,P02775,Salvage pyrimidine ribonucleotides,pathwayCommons,pathwayCommons
http___identifiers.org_panther.pathway_P02776.sbgn,pathwayCommons,http://identifiers.org/panther.pathway/P02776,panther.pathway,P02776,Serine glycine biosynthesis,pathwayCommons,pathwayCommons
http___identifiers.org_panther.pathway_P02777.sbgn,pathwayCommons,http://identifiers.org/panther.pathway/P02777,panther.pathway,P02777,Succinate to proprionate conversion,pathwayCommons,pathwayCommons
http___identifiers.org_panther.pathway_P02780.sbgn,pathwayCommons,http://identifiers.org/panther.pathway/P02780,panther.pathway,P02780,Thiamine metabolism,pathwayCommons,pathwayCommons
http___identifiers.org_panther.pathway_P02781.sbgn,pathwayCommons,http://identifiers.org/panther.pathway/P02781,panther.pathway,P02781,Threonine biosynthesis,pathwayCommons,pathwayCommons
http___identifiers.org_panther.pathway_P02782.sbgn,pathwayCommons,http://identifiers.org/panther.pathway/P02782,panther.pathway,P02782,Triacylglycerol metabolism,pathwayCommons,pathwayCommons
http___identifiers.org_panther.pathway_P02785.sbgn,pathwayCommons,http://identifiers.org/panther.pathway/P02785,panther.pathway,P02785,Valine biosynthesis,pathwayCommons,pathwayCommons
http___identifiers.org_panther.pathway_P02787.sbgn,pathwayCommons,http://identifiers.org/panther.pathway/P02787,panther.pathway,P02787,Vitamin B6 metabolism,pathwayCommons,pathwayCommons
http___identifiers.org_panther.pathway_P02788.sbgn,pathwayCommons,http://identifiers.org/panther.pathway/P02788,panther.pathway,P02788,Xanthine and guanine salvage pathway,pathwayCommons,pathwayCommons
http___identifiers.org_panther.pathway_P04371.sbgn,pathwayCommons,http://identifiers.org/panther.pathway/P04371,panther.pathway,P04371, 5-Hydroxytryptamine biosynthesis,pathwayCommons,pathwayCommons
http___identifiers.org_panther.pathway_P04372.sbgn,pathwayCommons,http://identifiers.org/panther.pathway/P04372,panther.pathway,P04372, 5-Hydroxytryptamine degredation,pathwayCommons,pathwayCommons
http___identifiers.org_panther.pathway_P04373.sbgn,pathwayCommons,http://identifiers.org/panther.pathway/P04373,panther.pathway,P04373, 5HT1 type receptor mediated signaling pathway,pathwayCommons,pathwayCommons
http___identifiers.org_panther.pathway_P04374.sbgn,pathwayCommons,http://identifiers.org/panther.pathway/P04374,panther.pathway,P04374, 5HT2 type receptor mediated signaling pathway,pathwayCommons,pathwayCommons
http___identifiers.org_panther.pathway_P04375.sbgn,pathwayCommons,http://identifiers.org/panther.pathway/P04375,panther.pathway,P04375, 5HT3 type receptor mediated signaling pathway,pathwayCommons,pathwayCommons
http___identifiers.org_panther.pathway_P04376.sbgn,pathwayCommons,http://identifiers.org/panther.pathway/P04376,panther.pathway,P04376, 5HT4 type receptor mediated signaling pathway,pathwayCommons,pathwayCommons
http___identifiers.org_panther.pathway_P04377.sbgn,pathwayCommons,http://identifiers.org/panther.pathway/P04377,panther.pathway,P04377,Beta1 adrenergic receptor signaling pathway,pathwayCommons,pathwayCommons
http___identifiers.org_panther.pathway_P04378.sbgn,pathwayCommons,http://identifiers.org/panther.pathway/P04378,panther.pathway,P04378,Beta2 adrenergic receptor signaling pathway,pathwayCommons,pathwayCommons
http___identifiers.org_panther.pathway_P04379.sbgn,pathwayCommons,http://identifiers.org/panther.pathway/P04379,panther.pathway,P04379,Beta3 adrenergic receptor signaling pathway,pathwayCommons,pathwayCommons
http___identifiers.org_panther.pathway_P04380.sbgn,pathwayCommons,http://identifiers.org/panther.pathway/P04380,panther.pathway,P04380,Cortocotropin releasing factor receptor signaling pathway,pathwayCommons,pathwayCommons
http___identifiers.org_panther.pathway_P04384.sbgn,pathwayCommons,http://identifiers.org/panther.pathway/P04384,panther.pathway,P04384,Gamma-aminobutyric acid synthesis,pathwayCommons,pathwayCommons
http___identifiers.org_panther.pathway_P04385.sbgn,pathwayCommons,http://identifiers.org/panther.pathway/P04385,panther.pathway,P04385,Histamine H1 receptor mediated signaling pathway,pathwayCommons,pathwayCommons
http___identifiers.org_panther.pathway_P04386.sbgn,pathwayCommons,http://identifiers.org/panther.pathway/P04386,panther.pathway,P04386,Histamine H2 receptor mediated signaling pathway,pathwayCommons,pathwayCommons
http___identifiers.org_panther.pathway_P04387.sbgn,pathwayCommons,http://identifiers.org/panther.pathway/P04387,panther.pathway,P04387,Histamine synthesis,pathwayCommons,pathwayCommons
http___identifiers.org_panther.pathway_P04391.sbgn,pathwayCommons,http://identifiers.org/panther.pathway/P04391,panther.pathway,P04391,Oxytocin receptor mediated signaling pathway,pathwayCommons,pathwayCommons
http___identifiers.org_panther.pathway_P04392.sbgn,pathwayCommons,http://identifiers.org/panther.pathway/P04392,panther.pathway,P04392,P53 pathway feedback loops 1,pathwayCommons,pathwayCommons
http___identifiers.org_panther.pathway_P04393.sbgn,pathwayCommons,http://identifiers.org/panther.pathway/P04393,panther.pathway,P04393,Ras Pathway,pathwayCommons,pathwayCommons
http___identifiers.org_panther.pathway_P04394.sbgn,pathwayCommons,http://identifiers.org/panther.pathway/P04394,panther.pathway,P04394,Thyrotropin-releasing hormone receptor signaling pathway,pathwayCommons,pathwayCommons
http___identifiers.org_panther.pathway_P04395.sbgn,pathwayCommons,http://identifiers.org/panther.pathway/P04395,panther.pathway,P04395,Vasopressin synthesis,pathwayCommons,pathwayCommons
http___identifiers.org_panther.pathway_P04396.sbgn,pathwayCommons,http://identifiers.org/panther.pathway/P04396,panther.pathway,P04396,Vitamin D metabolism and pathway,pathwayCommons,pathwayCommons
http___identifiers.org_panther.pathway_P04397.sbgn,pathwayCommons,http://identifiers.org/panther.pathway/P04397,panther.pathway,P04397,p53 pathway by glucose deprivation,pathwayCommons,pathwayCommons
http___identifiers.org_panther.pathway_P04398.sbgn,pathwayCommons,http://identifiers.org/panther.pathway/P04398,panther.pathway,P04398,p53 pathway feedback loops 2,pathwayCommons,pathwayCommons
http___identifiers.org_panther.pathway_P05726.sbgn,pathwayCommons,http://identifiers.org/panther.pathway/P05726,panther.pathway,P05726, 5-arachidonylglycerol_biosynthesis,pathwayCommons,pathwayCommons
http___identifiers.org_panther.pathway_P05728.sbgn,pathwayCommons,http://identifiers.org/panther.pathway/P05728,panther.pathway,P05728,Anandamide_degradation,pathwayCommons,pathwayCommons
http___identifiers.org_panther.pathway_P05729.sbgn,pathwayCommons,http://identifiers.org/panther.pathway/P05729,panther.pathway,P05729,Bupropion_degradation,pathwayCommons,pathwayCommons
http___identifiers.org_panther.pathway_P05730.sbgn,pathwayCommons,http://identifiers.org/panther.pathway/P05730,panther.pathway,P05730,Endogenous_cannabinoid_signaling,pathwayCommons,pathwayCommons
http___identifiers.org_panther.pathway_P05731.sbgn,pathwayCommons,http://identifiers.org/panther.pathway/P05731,panther.pathway,P05731,GABA-B_receptor_II_signaling,pathwayCommons,pathwayCommons
http___identifiers.org_panther.pathway_P05734.sbgn,pathwayCommons,http://identifiers.org/panther.pathway/P05734,panther.pathway,P05734,Synaptic_vesicle_trafficking,pathwayCommons,pathwayCommons
http___identifiers.org_panther.pathway_P05911.sbgn,pathwayCommons,http://identifiers.org/panther.pathway/P05911,panther.pathway,P05911,Angiotensin_II-stimulated_signaling_through_G_proteins_and_beta-arrestin,pathwayCommons,pathwayCommons
http___identifiers.org_panther.pathway_P05912.sbgn,pathwayCommons,http://identifiers.org/panther.pathway/P05912,panther.pathway,P05912,PNAT,pathwayCommons,pathwayCommons
http___identifiers.org_panther.pathway_P05913.sbgn,pathwayCommons,http://identifiers.org/panther.pathway/P05913,panther.pathway,P05913,Enkephalin release,pathwayCommons,pathwayCommons
http___identifiers.org_panther.pathway_P05914.sbgn,pathwayCommons,http://identifiers.org/panther.pathway/P05914,panther.pathway,P05914,Nicotine_degradation,pathwayCommons,pathwayCommons
http___identifiers.org_panther.pathway_P05915.sbgn,pathwayCommons,http://identifiers.org/panther.pathway/P05915,panther.pathway,P05915,Opioid proenkephalin pathway,pathwayCommons,pathwayCommons
http___identifiers.org_panther.pathway_P05916.sbgn,pathwayCommons,http://identifiers.org/panther.pathway/P05916,panther.pathway,P05916,Opioid prodynorphin pathway,pathwayCommons,pathwayCommons
http___identifiers.org_panther.pathway_P05917.sbgn,pathwayCommons,http://identifiers.org/panther.pathway/P05917,panther.pathway,P05917,Opioid proopiomelanocortin pathway,pathwayCommons,pathwayCommons
http___identifiers.org_panther.pathway_P05918.sbgn,pathwayCommons,http://identifiers.org/panther.pathway/P05918,panther.pathway,P05918,p38 MAPK pathway,pathwayCommons,pathwayCommons
http___identifiers.org_panther.pathway_P06587.sbgn,pathwayCommons,http://identifiers.org/panther.pathway/P06587,panther.pathway,P06587,Nicotine pharmacodynamics pathway,pathwayCommons,pathwayCommons
http___identifiers.org_panther.pathway_P06664.sbgn,pathwayCommons,http://identifiers.org/panther.pathway/P06664,panther.pathway,P06664,Gonadotropin-releasing hormone receptor pathway,pathwayCommons,pathwayCommons
http___identifiers.org_reactome_R-HSA-109688.sbgn,pathwayCommons,http://identifiers.org/reactome/R-HSA-109688,reactome,R-HSA-109688,Cleavage of Growing Transcript in the Termination Region,pathwayCommons,pathwayCommons
http___identifiers.org_reactome_R-HSA-109704.sbgn,pathwayCommons,http://identifiers.org/reactome/R-HSA-109704,reactome,R-HSA-109704,PI3K Cascade,pathwayCommons,pathwayCommons
http___identifiers.org_reactome_R-HSA-110056.sbgn,pathwayCommons,http://identifiers.org/reactome/R-HSA-110056,reactome,R-HSA-110056,MAPK3 (ERK1) activation,pathwayCommons,pathwayCommons
http___identifiers.org_reactome_R-HSA-110312.sbgn,pathwayCommons,http://identifiers.org/reactome/R-HSA-110312,reactome,R-HSA-110312,Translesion synthesis by REV1,pathwayCommons,pathwayCommons
http___identifiers.org_reactome_R-HSA-110314.sbgn,pathwayCommons,http://identifiers.org/reactome/R-HSA-110314,reactome,R-HSA-110314,Recognition of DNA damage by PCNA-containing replication complex,pathwayCommons,pathwayCommons
http___identifiers.org_reactome_R-HSA-110320.sbgn,pathwayCommons,http://identifiers.org/reactome/R-HSA-110320,reactome,R-HSA-110320,Translesion Synthesis by POLH,pathwayCommons,pathwayCommons
http___identifiers.org_reactome_R-HSA-110328.sbgn,pathwayCommons,http://identifiers.org/reactome/R-HSA-110328,reactome,R-HSA-110328,Recognition and association of DNA glycosylase with site containing an affected pyrimidine,pathwayCommons,pathwayCommons
http___identifiers.org_reactome_R-HSA-110329.sbgn,pathwayCommons,http://identifiers.org/reactome/R-HSA-110329,reactome,R-HSA-110329,Cleavage of the damaged pyrimidine,pathwayCommons,pathwayCommons
http___identifiers.org_reactome_R-HSA-110330.sbgn,pathwayCommons,http://identifiers.org/reactome/R-HSA-110330,reactome,R-HSA-110330,Recognition and association of DNA glycosylase with site containing an affected purine,pathwayCommons,pathwayCommons
http___identifiers.org_reactome_R-HSA-110331.sbgn,pathwayCommons,http://identifiers.org/reactome/R-HSA-110331,reactome,R-HSA-110331,Cleavage of the damaged purine,pathwayCommons,pathwayCommons
http___identifiers.org_reactome_R-HSA-110357.sbgn,pathwayCommons,http://identifiers.org/reactome/R-HSA-110357,reactome,R-HSA-110357,Displacement of DNA glycosylase by APEX1,pathwayCommons,pathwayCommons
http___identifiers.org_reactome_R-HSA-110362.sbgn,pathwayCommons,http://identifiers.org/reactome/R-HSA-110362,reactome,R-HSA-110362,POLB-Dependent Long Patch Base Excision Repair,pathwayCommons,pathwayCommons
http___identifiers.org_reactome_R-HSA-110373.sbgn,pathwayCommons,http://identifiers.org/reactome/R-HSA-110373,reactome,R-HSA-110373,Resolution of AP sites via the multiple-nucleotide patch replacement pathway,pathwayCommons,pathwayCommons
http___identifiers.org_reactome_R-HSA-110381.sbgn,pathwayCommons,http://identifiers.org/reactome/R-HSA-110381,reactome,R-HSA-110381,Resolution of AP sites via the single-nucleotide replacement pathway,pathwayCommons,pathwayCommons
http___identifiers.org_reactome_R-HSA-111367.sbgn,pathwayCommons,http://identifiers.org/reactome/R-HSA-111367,reactome,R-HSA-111367,SLBP independent Processing of Histone Pre-mRNAs,pathwayCommons,pathwayCommons
http___identifiers.org_reactome_R-HSA-111446.sbgn,pathwayCommons,http://identifiers.org/reactome/R-HSA-111446,reactome,R-HSA-111446,Activation of BIM and translocation to mitochondria,pathwayCommons,pathwayCommons
http___identifiers.org_reactome_R-HSA-111447.sbgn,pathwayCommons,http://identifiers.org/reactome/R-HSA-111447,reactome,R-HSA-111447,Activation of BAD and translocation to mitochondria,pathwayCommons,pathwayCommons
http___identifiers.org_reactome_R-HSA-111448.sbgn,pathwayCommons,http://identifiers.org/reactome/R-HSA-111448,reactome,R-HSA-111448,Activation of NOXA and translocation to mitochondria,pathwayCommons,pathwayCommons
http___identifiers.org_reactome_R-HSA-111452.sbgn,pathwayCommons,http://identifiers.org/reactome/R-HSA-111452,reactome,R-HSA-111452,Activation and oligomerization of BAK protein,pathwayCommons,pathwayCommons
http___identifiers.org_reactome_R-HSA-111453.sbgn,pathwayCommons,http://identifiers.org/reactome/R-HSA-111453,reactome,R-HSA-111453,BH3-only proteins associate with and inactivate anti-apoptotic BCL-2 members,pathwayCommons,pathwayCommons
http___identifiers.org_reactome_R-HSA-111457.sbgn,pathwayCommons,http://identifiers.org/reactome/R-HSA-111457,reactome,R-HSA-111457,Release of apoptotic factors from the mitochondria,pathwayCommons,pathwayCommons
http___identifiers.org_reactome_R-HSA-111458.sbgn,pathwayCommons,http://identifiers.org/reactome/R-HSA-111458,reactome,R-HSA-111458,Formation of apoptosome,pathwayCommons,pathwayCommons
http___identifiers.org_reactome_R-HSA-111459.sbgn,pathwayCommons,http://identifiers.org/reactome/R-HSA-111459,reactome,R-HSA-111459,Activation of caspases through apoptosome-mediated cleavage,pathwayCommons,pathwayCommons
http___identifiers.org_reactome_R-HSA-111463.sbgn,pathwayCommons,http://identifiers.org/reactome/R-HSA-111463,reactome,R-HSA-111463,SMAC binds to IAPs,pathwayCommons,pathwayCommons
http___identifiers.org_reactome_R-HSA-111464.sbgn,pathwayCommons,http://identifiers.org/reactome/R-HSA-111464,reactome,R-HSA-111464,SMAC-mediated dissociation of IAP:caspase complexes,pathwayCommons,pathwayCommons
http___identifiers.org_reactome_R-HSA-111465.sbgn,pathwayCommons,http://identifiers.org/reactome/R-HSA-111465,reactome,R-HSA-111465,Apoptotic cleavage of cellular proteins,pathwayCommons,pathwayCommons
http___identifiers.org_reactome_R-HSA-111885.sbgn,pathwayCommons,http://identifiers.org/reactome/R-HSA-111885,reactome,R-HSA-111885,Opioid Signalling,pathwayCommons,pathwayCommons
http___identifiers.org_reactome_R-HSA-111931.sbgn,pathwayCommons,http://identifiers.org/reactome/R-HSA-111931,reactome,R-HSA-111931,PKA-mediated phosphorylation of CREB,pathwayCommons,pathwayCommons
http___identifiers.org_reactome_R-HSA-111932.sbgn,pathwayCommons,http://identifiers.org/reactome/R-HSA-111932,reactome,R-HSA-111932,CaMK IV-mediated phosphorylation of CREB,pathwayCommons,pathwayCommons
http___identifiers.org_reactome_R-HSA-111933.sbgn,pathwayCommons,http://identifiers.org/reactome/R-HSA-111933,reactome,R-HSA-111933,Calmodulin induced events,pathwayCommons,pathwayCommons
http___identifiers.org_reactome_R-HSA-111957.sbgn,pathwayCommons,http://identifiers.org/reactome/R-HSA-111957,reactome,R-HSA-111957,Cam-PDE 1 activation,pathwayCommons,pathwayCommons
http___identifiers.org_reactome_R-HSA-111995.sbgn,pathwayCommons,http://identifiers.org/reactome/R-HSA-111995,reactome,R-HSA-111995,phospho-PLA2 pathway,pathwayCommons,pathwayCommons
http___identifiers.org_reactome_R-HSA-111997.sbgn,pathwayCommons,http://identifiers.org/reactome/R-HSA-111997,reactome,R-HSA-111997,CaM pathway,pathwayCommons,pathwayCommons
http___identifiers.org_reactome_R-HSA-112043.sbgn,pathwayCommons,http://identifiers.org/reactome/R-HSA-112043,reactome,R-HSA-112043,PLC beta mediated events,pathwayCommons,pathwayCommons
http___identifiers.org_reactome_R-HSA-112122.sbgn,pathwayCommons,http://identifiers.org/reactome/R-HSA-112122,reactome,R-HSA-112122,ALKBH2 mediated reversal of alkylation damage,pathwayCommons,pathwayCommons
http___identifiers.org_reactome_R-HSA-112126.sbgn,pathwayCommons,http://identifiers.org/reactome/R-HSA-112126,reactome,R-HSA-112126,ALKBH3 mediated reversal of alkylation damage,pathwayCommons,pathwayCommons
http___identifiers.org_reactome_R-HSA-112303.sbgn,pathwayCommons,http://identifiers.org/reactome/R-HSA-112303,reactome,R-HSA-112303,Electric Transmission Across Gap Junctions,pathwayCommons,pathwayCommons
http___identifiers.org_reactome_R-HSA-112308.sbgn,pathwayCommons,http://identifiers.org/reactome/R-HSA-112308,reactome,R-HSA-112308,Presynaptic depolarization and calcium channel opening,pathwayCommons,pathwayCommons
http___identifiers.org_reactome_R-HSA-112310.sbgn,pathwayCommons,http://identifiers.org/reactome/R-HSA-112310,reactome,R-HSA-112310,Neurotransmitter release cycle,pathwayCommons,pathwayCommons
http___identifiers.org_reactome_R-HSA-112311.sbgn,pathwayCommons,http://identifiers.org/reactome/R-HSA-112311,reactome,R-HSA-112311,Neurotransmitter clearance,pathwayCommons,pathwayCommons
http___identifiers.org_reactome_R-HSA-112314.sbgn,pathwayCommons,http://identifiers.org/reactome/R-HSA-112314,reactome,R-HSA-112314,Neurotransmitter receptors and postsynaptic signal transmission,pathwayCommons,pathwayCommons
http___identifiers.org_reactome_R-HSA-112382.sbgn,pathwayCommons,http://identifiers.org/reactome/R-HSA-112382,reactome,R-HSA-112382,Formation of RNA Pol II elongation complex,pathwayCommons,pathwayCommons
http___identifiers.org_reactome_R-HSA-112409.sbgn,pathwayCommons,http://identifiers.org/reactome/R-HSA-112409,reactome,R-HSA-112409,RAF-independent MAPK1/3 activation,pathwayCommons,pathwayCommons
http___identifiers.org_reactome_R-HSA-112411.sbgn,pathwayCommons,http://identifiers.org/reactome/R-HSA-112411,reactome,R-HSA-112411,MAPK1 (ERK2) activation,pathwayCommons,pathwayCommons
http___identifiers.org_reactome_R-HSA-112412.sbgn,pathwayCommons,http://identifiers.org/reactome/R-HSA-112412,reactome,R-HSA-112412,SOS-mediated signalling,pathwayCommons,pathwayCommons
http___identifiers.org_reactome_R-HSA-113418.sbgn,pathwayCommons,http://identifiers.org/reactome/R-HSA-113418,reactome,R-HSA-113418,Formation of the Early Elongation Complex,pathwayCommons,pathwayCommons
http___identifiers.org_reactome_R-HSA-113501.sbgn,pathwayCommons,http://identifiers.org/reactome/R-HSA-113501,reactome,R-HSA-113501,Inhibition of replication initiation of damaged DNA by RB1/E2F1,pathwayCommons,pathwayCommons
http___identifiers.org_reactome_R-HSA-113507.sbgn,pathwayCommons,http://identifiers.org/reactome/R-HSA-113507,reactome,R-HSA-113507,E2F-enabled inhibition of pre-replication complex formation,pathwayCommons,pathwayCommons
http___identifiers.org_reactome_R-HSA-114294.sbgn,pathwayCommons,http://identifiers.org/reactome/R-HSA-114294,reactome,R-HSA-114294,"""Activation, translocation and oligomerization of BAX""",pathwayCommons,pathwayCommons
http___identifiers.org_reactome_R-HSA-114508.sbgn,pathwayCommons,http://identifiers.org/reactome/R-HSA-114508,reactome,R-HSA-114508,Effects of PIP2 hydrolysis,pathwayCommons,pathwayCommons
http___identifiers.org_reactome_R-HSA-114516.sbgn,pathwayCommons,http://identifiers.org/reactome/R-HSA-114516,reactome,R-HSA-114516,Disinhibition of SNARE formation,pathwayCommons,pathwayCommons
http___identifiers.org_reactome_R-HSA-114604.sbgn,pathwayCommons,http://identifiers.org/reactome/R-HSA-114604,reactome,R-HSA-114604,GPVI-mediated activation cascade,pathwayCommons,pathwayCommons
http___identifiers.org_reactome_R-HSA-114608.sbgn,pathwayCommons,http://identifiers.org/reactome/R-HSA-114608,reactome,R-HSA-114608,Platelet degranulation,pathwayCommons,pathwayCommons
http___identifiers.org_reactome_R-HSA-1169091.sbgn,pathwayCommons,http://identifiers.org/reactome/R-HSA-1169091,reactome,R-HSA-1169091,Activation of NF-kappaB in B cells,pathwayCommons,pathwayCommons
http___identifiers.org_reactome_R-HSA-1169092.sbgn,pathwayCommons,http://identifiers.org/reactome/R-HSA-1169092,reactome,R-HSA-1169092,Activation of RAS in B cells,pathwayCommons,pathwayCommons
http___identifiers.org_reactome_R-HSA-1169408.sbgn,pathwayCommons,http://identifiers.org/reactome/R-HSA-1169408,reactome,R-HSA-1169408,ISG15 antiviral mechanism,pathwayCommons,pathwayCommons
http___identifiers.org_reactome_R-HSA-1170546.sbgn,pathwayCommons,http://identifiers.org/reactome/R-HSA-1170546,reactome,R-HSA-1170546,Prolactin receptor signaling,pathwayCommons,pathwayCommons
http___identifiers.org_reactome_R-HSA-1181150.sbgn,pathwayCommons,http://identifiers.org/reactome/R-HSA-1181150,reactome,R-HSA-1181150,Signaling by NODAL,pathwayCommons,pathwayCommons
http___identifiers.org_reactome_R-HSA-1221632.sbgn,pathwayCommons,http://identifiers.org/reactome/R-HSA-1221632,reactome,R-HSA-1221632,Meiotic synapsis,pathwayCommons,pathwayCommons
http___identifiers.org_reactome_R-HSA-1222387.sbgn,pathwayCommons,http://identifiers.org/reactome/R-HSA-1222387,reactome,R-HSA-1222387,Tolerance of reactive oxygen produced by macrophages,pathwayCommons,pathwayCommons
http___identifiers.org_reactome_R-HSA-1222449.sbgn,pathwayCommons,http://identifiers.org/reactome/R-HSA-1222449,reactome,R-HSA-1222449,Mtb iron assimilation by chelation,pathwayCommons,pathwayCommons
http___identifiers.org_reactome_R-HSA-1222538.sbgn,pathwayCommons,http://identifiers.org/reactome/R-HSA-1222538,reactome,R-HSA-1222538,Tolerance by Mtb to nitric oxide produced by macrophages,pathwayCommons,pathwayCommons
http___identifiers.org_reactome_R-HSA-1222541.sbgn,pathwayCommons,http://identifiers.org/reactome/R-HSA-1222541,reactome,R-HSA-1222541,Cell redox homeostasis,pathwayCommons,pathwayCommons
http___identifiers.org_reactome_R-HSA-1222556.sbgn,pathwayCommons,http://identifiers.org/reactome/R-HSA-1222556,reactome,R-HSA-1222556,"""ROS, RNS production in phagocytes""",pathwayCommons,pathwayCommons
http___identifiers.org_reactome_R-HSA-1227986.sbgn,pathwayCommons,http://identifiers.org/reactome/R-HSA-1227986,reactome,R-HSA-1227986,Signaling by ERBB2,pathwayCommons,pathwayCommons
http___identifiers.org_reactome_R-HSA-1234158.sbgn,pathwayCommons,http://identifiers.org/reactome/R-HSA-1234158,reactome,R-HSA-1234158,Regulation of gene expression by Hypoxia-inducible Factor,pathwayCommons,pathwayCommons
http___identifiers.org_reactome_R-HSA-1234162.sbgn,pathwayCommons,http://identifiers.org/reactome/R-HSA-1234162,reactome,R-HSA-1234162,Oxygen-dependent asparagine hydroxylation of Hypoxia-inducible Factor Alpha,pathwayCommons,pathwayCommons
http___identifiers.org_reactome_R-HSA-1234176.sbgn,pathwayCommons,http://identifiers.org/reactome/R-HSA-1234176,reactome,R-HSA-1234176,Oxygen-dependent proline hydroxylation of Hypoxia-inducible Factor Alpha,pathwayCommons,pathwayCommons
http___identifiers.org_reactome_R-HSA-1236382.sbgn,pathwayCommons,http://identifiers.org/reactome/R-HSA-1236382,reactome,R-HSA-1236382,Constitutive Signaling by Ligand-Responsive EGFR Cancer Variants,pathwayCommons,pathwayCommons
http___identifiers.org_reactome_R-HSA-1236394.sbgn,pathwayCommons,http://identifiers.org/reactome/R-HSA-1236394,reactome,R-HSA-1236394,Signaling by ERBB4,pathwayCommons,pathwayCommons
http___identifiers.org_reactome_R-HSA-1236973.sbgn,pathwayCommons,http://identifiers.org/reactome/R-HSA-1236973,reactome,R-HSA-1236973,Cross-presentation of particulate exogenous antigens (phagosomes),pathwayCommons,pathwayCommons
http___identifiers.org_reactome_R-HSA-1236974.sbgn,pathwayCommons,http://identifiers.org/reactome/R-HSA-1236974,reactome,R-HSA-1236974,ER-Phagosome pathway,pathwayCommons,pathwayCommons
http___identifiers.org_reactome_R-HSA-1236977.sbgn,pathwayCommons,http://identifiers.org/reactome/R-HSA-1236977,reactome,R-HSA-1236977,Endosomal/Vacuolar pathway,pathwayCommons,pathwayCommons
http___identifiers.org_reactome_R-HSA-1236978.sbgn,pathwayCommons,http://identifiers.org/reactome/R-HSA-1236978,reactome,R-HSA-1236978,Cross-presentation of soluble exogenous antigens (endosomes),pathwayCommons,pathwayCommons
http___identifiers.org_reactome_R-HSA-1237044.sbgn,pathwayCommons,http://identifiers.org/reactome/R-HSA-1237044,reactome,R-HSA-1237044,Erythrocytes take up carbon dioxide and release oxygen,pathwayCommons,pathwayCommons
http___identifiers.org_reactome_R-HSA-1237112.sbgn,pathwayCommons,http://identifiers.org/reactome/R-HSA-1237112,reactome,R-HSA-1237112,Methionine salvage pathway,pathwayCommons,pathwayCommons
http___identifiers.org_reactome_R-HSA-1247673.sbgn,pathwayCommons,http://identifiers.org/reactome/R-HSA-1247673,reactome,R-HSA-1247673,Erythrocytes take up oxygen and release carbon dioxide,pathwayCommons,pathwayCommons
http___identifiers.org_reactome_R-HSA-1250196.sbgn,pathwayCommons,http://identifiers.org/reactome/R-HSA-1250196,reactome,R-HSA-1250196,SHC1 events in ERBB2 signaling,pathwayCommons,pathwayCommons
http___identifiers.org_reactome_R-HSA-1250342.sbgn,pathwayCommons,http://identifiers.org/reactome/R-HSA-1250342,reactome,R-HSA-1250342,PI3K events in ERBB4 signaling,pathwayCommons,pathwayCommons
http___identifiers.org_reactome_R-HSA-1250347.sbgn,pathwayCommons,http://identifiers.org/reactome/R-HSA-1250347,reactome,R-HSA-1250347,SHC1 events in ERBB4 signaling,pathwayCommons,pathwayCommons
http___identifiers.org_reactome_R-HSA-1251932.sbgn,pathwayCommons,http://identifiers.org/reactome/R-HSA-1251932,reactome,R-HSA-1251932,PLCG1 events in ERBB2 signaling,pathwayCommons,pathwayCommons
http___identifiers.org_reactome_R-HSA-1251985.sbgn,pathwayCommons,http://identifiers.org/reactome/R-HSA-1251985,reactome,R-HSA-1251985,Nuclear signaling by ERBB4,pathwayCommons,pathwayCommons
http___identifiers.org_reactome_R-HSA-1253288.sbgn,pathwayCommons,http://identifiers.org/reactome/R-HSA-1253288,reactome,R-HSA-1253288,Downregulation of ERBB4 signaling,pathwayCommons,pathwayCommons
http___identifiers.org_reactome_R-HSA-1257604.sbgn,pathwayCommons,http://identifiers.org/reactome/R-HSA-1257604,reactome,R-HSA-1257604,PI3K/AKT Signaling,pathwayCommons,pathwayCommons
http___identifiers.org_reactome_R-HSA-1266695.sbgn,pathwayCommons,http://identifiers.org/reactome/R-HSA-1266695,reactome,R-HSA-1266695,Interleukin-7 signaling,pathwayCommons,pathwayCommons
http___identifiers.org_reactome_R-HSA-1268020.sbgn,pathwayCommons,http://identifiers.org/reactome/R-HSA-1268020,reactome,R-HSA-1268020,Mitochondrial protein import,pathwayCommons,pathwayCommons
http___identifiers.org_reactome_R-HSA-1295596.sbgn,pathwayCommons,http://identifiers.org/reactome/R-HSA-1295596,reactome,R-HSA-1295596,Spry regulation of FGF signaling,pathwayCommons,pathwayCommons
http___identifiers.org_reactome_R-HSA-1296025.sbgn,pathwayCommons,http://identifiers.org/reactome/R-HSA-1296025,reactome,R-HSA-1296025,ATP sensitive Potassium channels,pathwayCommons,pathwayCommons
http___identifiers.org_reactome_R-HSA-1296041.sbgn,pathwayCommons,http://identifiers.org/reactome/R-HSA-1296041,reactome,R-HSA-1296041,Activation of G protein gated Potassium channels,pathwayCommons,pathwayCommons
http___identifiers.org_reactome_R-HSA-1296052.sbgn,pathwayCommons,http://identifiers.org/reactome/R-HSA-1296052,reactome,R-HSA-1296052,Ca activated K+ channels,pathwayCommons,pathwayCommons
http___identifiers.org_reactome_R-HSA-1296053.sbgn,pathwayCommons,http://identifiers.org/reactome/R-HSA-1296053,reactome,R-HSA-1296053,Classical Kir channels,pathwayCommons,pathwayCommons
http___identifiers.org_reactome_R-HSA-1296061.sbgn,pathwayCommons,http://identifiers.org/reactome/R-HSA-1296061,reactome,R-HSA-1296061,HCN channels,pathwayCommons,pathwayCommons
http___identifiers.org_reactome_R-HSA-1296067.sbgn,pathwayCommons,http://identifiers.org/reactome/R-HSA-1296067,reactome,R-HSA-1296067,Potassium transport channels,pathwayCommons,pathwayCommons
http___identifiers.org_reactome_R-HSA-1296072.sbgn,pathwayCommons,http://identifiers.org/reactome/R-HSA-1296072,reactome,R-HSA-1296072,Voltage gated Potassium channels,pathwayCommons,pathwayCommons
http___identifiers.org_reactome_R-HSA-1299287.sbgn,pathwayCommons,http://identifiers.org/reactome/R-HSA-1299287,reactome,R-HSA-1299287,Tandem pore domain halothane-inhibited K+ channel (THIK),pathwayCommons,pathwayCommons
http___identifiers.org_reactome_R-HSA-1299308.sbgn,pathwayCommons,http://identifiers.org/reactome/R-HSA-1299308,reactome,R-HSA-1299308,Tandem of pore domain in a weak inwardly rectifying K+ channels (TWIK),pathwayCommons,pathwayCommons
http___identifiers.org_reactome_R-HSA-1299316.sbgn,pathwayCommons,http://identifiers.org/reactome/R-HSA-1299316,reactome,R-HSA-1299316,TWIK-releated acid-sensitive K+ channel (TASK),pathwayCommons,pathwayCommons
http___identifiers.org_reactome_R-HSA-1299344.sbgn,pathwayCommons,http://identifiers.org/reactome/R-HSA-1299344,reactome,R-HSA-1299344,TWIK-related spinal cord K+ channel (TRESK),pathwayCommons,pathwayCommons
http___identifiers.org_reactome_R-HSA-1299361.sbgn,pathwayCommons,http://identifiers.org/reactome/R-HSA-1299361,reactome,R-HSA-1299361,TWIK-related alkaline pH activated K+ channel (TALK),pathwayCommons,pathwayCommons
http___identifiers.org_reactome_R-HSA-1299503.sbgn,pathwayCommons,http://identifiers.org/reactome/R-HSA-1299503,reactome,R-HSA-1299503,TWIK related potassium channel (TREK),pathwayCommons,pathwayCommons
http___identifiers.org_reactome_R-HSA-1300642.sbgn,pathwayCommons,http://identifiers.org/reactome/R-HSA-1300642,reactome,R-HSA-1300642,Sperm Motility And Taxes,pathwayCommons,pathwayCommons
http___identifiers.org_reactome_R-HSA-1300644.sbgn,pathwayCommons,http://identifiers.org/reactome/R-HSA-1300644,reactome,R-HSA-1300644,Interaction With The Zona Pellucida,pathwayCommons,pathwayCommons
http___identifiers.org_reactome_R-HSA-1300645.sbgn,pathwayCommons,http://identifiers.org/reactome/R-HSA-1300645,reactome,R-HSA-1300645,Acrosome Reaction,pathwayCommons,pathwayCommons
http___identifiers.org_reactome_R-HSA-1300652.sbgn,pathwayCommons,http://identifiers.org/reactome/R-HSA-1300652,reactome,R-HSA-1300652,Sperm:Oocyte Membrane Binding,pathwayCommons,pathwayCommons
http___identifiers.org_reactome_R-HSA-1306955.sbgn,pathwayCommons,http://identifiers.org/reactome/R-HSA-1306955,reactome,R-HSA-1306955,GRB7 events in ERBB2 signaling,pathwayCommons,pathwayCommons
http___identifiers.org_reactome_R-HSA-1307965.sbgn,pathwayCommons,http://identifiers.org/reactome/R-HSA-1307965,reactome,R-HSA-1307965,betaKlotho-mediated ligand binding,pathwayCommons,pathwayCommons
http___identifiers.org_reactome_R-HSA-1358803.sbgn,pathwayCommons,http://identifiers.org/reactome/R-HSA-1358803,reactome,R-HSA-1358803,Downregulation of ERBB2:ERBB3 signaling,pathwayCommons,pathwayCommons
http___identifiers.org_reactome_R-HSA-1362277.sbgn,pathwayCommons,http://identifiers.org/reactome/R-HSA-1362277,reactome,R-HSA-1362277,Transcription of E2F targets under negative control by DREAM complex,pathwayCommons,pathwayCommons
http___identifiers.org_reactome_R-HSA-1362300.sbgn,pathwayCommons,http://identifiers.org/reactome/R-HSA-1362300,reactome,R-HSA-1362300,Transcription of E2F targets under negative control by p107 (RBL1) and p130 (RBL2) in complex with HDAC1,pathwayCommons,pathwayCommons
http___identifiers.org_reactome_R-HSA-1362409.sbgn,pathwayCommons,http://identifiers.org/reactome/R-HSA-1362409,reactome,R-HSA-1362409,Mitochondrial iron-sulfur cluster biogenesis,pathwayCommons,pathwayCommons
http___identifiers.org_reactome_R-HSA-1368071.sbgn,pathwayCommons,http://identifiers.org/reactome/R-HSA-1368071,reactome,R-HSA-1368071,NR1D1 (REV-ERBA) represses gene expression,pathwayCommons,pathwayCommons
http___identifiers.org_reactome_R-HSA-1368082.sbgn,pathwayCommons,http://identifiers.org/reactome/R-HSA-1368082,reactome,R-HSA-1368082,RORA activates gene expression,pathwayCommons,pathwayCommons
http___identifiers.org_reactome_R-HSA-1368108.sbgn,pathwayCommons,http://identifiers.org/reactome/R-HSA-1368108,reactome,R-HSA-1368108,"""BMAL1:CLOCK,NPAS2 activates circadian gene expression""",pathwayCommons,pathwayCommons
http___identifiers.org_reactome_R-HSA-1369007.sbgn,pathwayCommons,http://identifiers.org/reactome/R-HSA-1369007,reactome,R-HSA-1369007,Mitochondrial ABC transporters,pathwayCommons,pathwayCommons
http___identifiers.org_reactome_R-HSA-1369062.sbgn,pathwayCommons,http://identifiers.org/reactome/R-HSA-1369062,reactome,R-HSA-1369062,ABC transporters in lipid homeostasis,pathwayCommons,pathwayCommons
http___identifiers.org_reactome_R-HSA-139853.sbgn,pathwayCommons,http://identifiers.org/reactome/R-HSA-139853,reactome,R-HSA-139853,Elevation of cytosolic Ca2+ levels,pathwayCommons,pathwayCommons
http___identifiers.org_reactome_R-HSA-139910.sbgn,pathwayCommons,http://identifiers.org/reactome/R-HSA-139910,reactome,R-HSA-139910,Activation of BMF and translocation to mitochondria,pathwayCommons,pathwayCommons
http___identifiers.org_reactome_R-HSA-139915.sbgn,pathwayCommons,http://identifiers.org/reactome/R-HSA-139915,reactome,R-HSA-139915,Activation of PUMA and translocation to mitochondria,pathwayCommons,pathwayCommons
http___identifiers.org_reactome_R-HSA-139943.sbgn,pathwayCommons,http://identifiers.org/reactome/R-HSA-139943,reactome,R-HSA-139943,PLC-mediated hydrolysis of PIP2,pathwayCommons,pathwayCommons
http___identifiers.org_reactome_R-HSA-140180.sbgn,pathwayCommons,http://identifiers.org/reactome/R-HSA-140180,reactome,R-HSA-140180,COX reactions,pathwayCommons,pathwayCommons
http___identifiers.org_reactome_R-HSA-140534.sbgn,pathwayCommons,http://identifiers.org/reactome/R-HSA-140534,reactome,R-HSA-140534,Ligand-dependent caspase activation,pathwayCommons,pathwayCommons
http___identifiers.org_reactome_R-HSA-140834.sbgn,pathwayCommons,http://identifiers.org/reactome/R-HSA-140834,reactome,R-HSA-140834,Extrinsic Pathway of Fibrin Clot Formation,pathwayCommons,pathwayCommons
http___identifiers.org_reactome_R-HSA-140837.sbgn,pathwayCommons,http://identifiers.org/reactome/R-HSA-140837,reactome,R-HSA-140837,Intrinsic Pathway of Fibrin Clot Formation,pathwayCommons,pathwayCommons
http___identifiers.org_reactome_R-HSA-140875.sbgn,pathwayCommons,http://identifiers.org/reactome/R-HSA-140875,reactome,R-HSA-140875,Common Pathway of Fibrin Clot Formation,pathwayCommons,pathwayCommons
http___identifiers.org_reactome_R-HSA-141333.sbgn,pathwayCommons,http://identifiers.org/reactome/R-HSA-141333,reactome,R-HSA-141333,Biogenic amines are oxidatively deaminated to aldehydes by MAOA and MAOB,pathwayCommons,pathwayCommons
http___identifiers.org_reactome_R-HSA-141334.sbgn,pathwayCommons,http://identifiers.org/reactome/R-HSA-141334,reactome,R-HSA-141334,PAOs oxidise polyamines to amines,pathwayCommons,pathwayCommons
http___identifiers.org_reactome_R-HSA-141405.sbgn,pathwayCommons,http://identifiers.org/reactome/R-HSA-141405,reactome,R-HSA-141405,Inhibition of the proteolytic activity of APC/C required for the onset of anaphase by mitotic spindle checkpoint components,pathwayCommons,pathwayCommons
http___identifiers.org_reactome_R-HSA-141430.sbgn,pathwayCommons,http://identifiers.org/reactome/R-HSA-141430,reactome,R-HSA-141430,Inactivation of APC/C via direct inhibition of the APC/C complex,pathwayCommons,pathwayCommons
http___identifiers.org_reactome_R-HSA-141444.sbgn,pathwayCommons,http://identifiers.org/reactome/R-HSA-141444,reactome,R-HSA-141444,Amplification of signal from unattached kinetochores via a MAD2 inhibitory signal,pathwayCommons,pathwayCommons
http___identifiers.org_reactome_R-HSA-1433557.sbgn,pathwayCommons,http://identifiers.org/reactome/R-HSA-1433557,reactome,R-HSA-1433557,Signaling by SCF-KIT,pathwayCommons,pathwayCommons
http___identifiers.org_reactome_R-HSA-1433559.sbgn,pathwayCommons,http://identifiers.org/reactome/R-HSA-1433559,reactome,R-HSA-1433559,Regulation of KIT signaling,pathwayCommons,pathwayCommons
http___identifiers.org_reactome_R-HSA-1433617.sbgn,pathwayCommons,http://identifiers.org/reactome/R-HSA-1433617,reactome,R-HSA-1433617,Regulation of signaling by NODAL,pathwayCommons,pathwayCommons
http___identifiers.org_reactome_R-HSA-1442490.sbgn,pathwayCommons,http://identifiers.org/reactome/R-HSA-1442490,reactome,R-HSA-1442490,Collagen degradation,pathwayCommons,pathwayCommons
http___identifiers.org_reactome_R-HSA-1445148.sbgn,pathwayCommons,http://identifiers.org/reactome/R-HSA-1445148,reactome,R-HSA-1445148,Translocation of GLUT4 to the plasma membrane,pathwayCommons,pathwayCommons
http___identifiers.org_reactome_R-HSA-1461957.sbgn,pathwayCommons,http://identifiers.org/reactome/R-HSA-1461957,reactome,R-HSA-1461957,Beta defensins,pathwayCommons,pathwayCommons
http___identifiers.org_reactome_R-HSA-1461973.sbgn,pathwayCommons,http://identifiers.org/reactome/R-HSA-1461973,reactome,R-HSA-1461973,Defensins,pathwayCommons,pathwayCommons
http___identifiers.org_reactome_R-HSA-1462054.sbgn,pathwayCommons,http://identifiers.org/reactome/R-HSA-1462054,reactome,R-HSA-1462054,Alpha-defensins,pathwayCommons,pathwayCommons
http___identifiers.org_reactome_R-HSA-1474151.sbgn,pathwayCommons,http://identifiers.org/reactome/R-HSA-1474151,reactome,R-HSA-1474151,"""Tetrahydrobiopterin (BH4) synthesis, recycling, salvage and regulation""",pathwayCommons,pathwayCommons
http___identifiers.org_reactome_R-HSA-1474228.sbgn,pathwayCommons,http://identifiers.org/reactome/R-HSA-1474228,reactome,R-HSA-1474228,Degradation of the extracellular matrix,pathwayCommons,pathwayCommons
http___identifiers.org_reactome_R-HSA-1474244.sbgn,pathwayCommons,http://identifiers.org/reactome/R-HSA-1474244,reactome,R-HSA-1474244,Extracellular matrix organization,pathwayCommons,pathwayCommons
http___identifiers.org_reactome_R-HSA-1475029.sbgn,pathwayCommons,http://identifiers.org/reactome/R-HSA-1475029,reactome,R-HSA-1475029,Reversible hydration of carbon dioxide,pathwayCommons,pathwayCommons
http___identifiers.org_reactome_R-HSA-1482788.sbgn,pathwayCommons,http://identifiers.org/reactome/R-HSA-1482788,reactome,R-HSA-1482788,Acyl chain remodelling of PC,pathwayCommons,pathwayCommons
http___identifiers.org_reactome_R-HSA-1482798.sbgn,pathwayCommons,http://identifiers.org/reactome/R-HSA-1482798,reactome,R-HSA-1482798,Acyl chain remodeling of CL,pathwayCommons,pathwayCommons
http___identifiers.org_reactome_R-HSA-1482801.sbgn,pathwayCommons,http://identifiers.org/reactome/R-HSA-1482801,reactome,R-HSA-1482801,Acyl chain remodelling of PS,pathwayCommons,pathwayCommons
http___identifiers.org_reactome_R-HSA-1482839.sbgn,pathwayCommons,http://identifiers.org/reactome/R-HSA-1482839,reactome,R-HSA-1482839,Acyl chain remodelling of PE,pathwayCommons,pathwayCommons
http___identifiers.org_reactome_R-HSA-1482883.sbgn,pathwayCommons,http://identifiers.org/reactome/R-HSA-1482883,reactome,R-HSA-1482883,Acyl chain remodeling of DAG and TAG,pathwayCommons,pathwayCommons
http___identifiers.org_reactome_R-HSA-1482922.sbgn,pathwayCommons,http://identifiers.org/reactome/R-HSA-1482922,reactome,R-HSA-1482922,Acyl chain remodelling of PI,pathwayCommons,pathwayCommons
http___identifiers.org_reactome_R-HSA-1482925.sbgn,pathwayCommons,http://identifiers.org/reactome/R-HSA-1482925,reactome,R-HSA-1482925,Acyl chain remodelling of PG,pathwayCommons,pathwayCommons
http___identifiers.org_reactome_R-HSA-1483076.sbgn,pathwayCommons,http://identifiers.org/reactome/R-HSA-1483076,reactome,R-HSA-1483076,Synthesis of CL,pathwayCommons,pathwayCommons
http___identifiers.org_reactome_R-HSA-1483101.sbgn,pathwayCommons,http://identifiers.org/reactome/R-HSA-1483101,reactome,R-HSA-1483101,Synthesis of PS,pathwayCommons,pathwayCommons
http___identifiers.org_reactome_R-HSA-1483115.sbgn,pathwayCommons,http://identifiers.org/reactome/R-HSA-1483115,reactome,R-HSA-1483115,Hydrolysis of LPC,pathwayCommons,pathwayCommons
http___identifiers.org_reactome_R-HSA-1483148.sbgn,pathwayCommons,http://identifiers.org/reactome/R-HSA-1483148,reactome,R-HSA-1483148,Synthesis of PG,pathwayCommons,pathwayCommons
http___identifiers.org_reactome_R-HSA-1483152.sbgn,pathwayCommons,http://identifiers.org/reactome/R-HSA-1483152,reactome,R-HSA-1483152,Hydrolysis of LPE,pathwayCommons,pathwayCommons
http___identifiers.org_reactome_R-HSA-1483166.sbgn,pathwayCommons,http://identifiers.org/reactome/R-HSA-1483166,reactome,R-HSA-1483166,Synthesis of PA,pathwayCommons,pathwayCommons
http___identifiers.org_reactome_R-HSA-1483171.sbgn,pathwayCommons,http://identifiers.org/reactome/R-HSA-1483171,reactome,R-HSA-1483171,Synthesis of BMP,pathwayCommons,pathwayCommons
http___identifiers.org_reactome_R-HSA-1483191.sbgn,pathwayCommons,http://identifiers.org/reactome/R-HSA-1483191,reactome,R-HSA-1483191,Synthesis of PC,pathwayCommons,pathwayCommons
http___identifiers.org_reactome_R-HSA-1483196.sbgn,pathwayCommons,http://identifiers.org/reactome/R-HSA-1483196,reactome,R-HSA-1483196,PI and PC transport between ER and Golgi membranes,pathwayCommons,pathwayCommons
http___identifiers.org_reactome_R-HSA-1483206.sbgn,pathwayCommons,http://identifiers.org/reactome/R-HSA-1483206,reactome,R-HSA-1483206,Glycerophospholipid biosynthesis,pathwayCommons,pathwayCommons
http___identifiers.org_reactome_R-HSA-1483213.sbgn,pathwayCommons,http://identifiers.org/reactome/R-HSA-1483213,reactome,R-HSA-1483213,Synthesis of PE,pathwayCommons,pathwayCommons
http___identifiers.org_reactome_R-HSA-1483226.sbgn,pathwayCommons,http://identifiers.org/reactome/R-HSA-1483226,reactome,R-HSA-1483226,Synthesis of PI,pathwayCommons,pathwayCommons
http___identifiers.org_reactome_R-HSA-1483248.sbgn,pathwayCommons,http://identifiers.org/reactome/R-HSA-1483248,reactome,R-HSA-1483248,Synthesis of PIPs at the ER membrane,pathwayCommons,pathwayCommons
http___identifiers.org_reactome_R-HSA-1483255.sbgn,pathwayCommons,http://identifiers.org/reactome/R-HSA-1483255,reactome,R-HSA-1483255,PI Metabolism,pathwayCommons,pathwayCommons
http___identifiers.org_reactome_R-HSA-1489509.sbgn,pathwayCommons,http://identifiers.org/reactome/R-HSA-1489509,reactome,R-HSA-1489509,DAG and IP3 signaling,pathwayCommons,pathwayCommons
http___identifiers.org_reactome_R-HSA-1502540.sbgn,pathwayCommons,http://identifiers.org/reactome/R-HSA-1502540,reactome,R-HSA-1502540,Signaling by Activin,pathwayCommons,pathwayCommons
http___identifiers.org_reactome_R-HSA-1538133.sbgn,pathwayCommons,http://identifiers.org/reactome/R-HSA-1538133,reactome,R-HSA-1538133,G0 and Early G1,pathwayCommons,pathwayCommons
http___identifiers.org_reactome_R-HSA-156581.sbgn,pathwayCommons,http://identifiers.org/reactome/R-HSA-156581,reactome,R-HSA-156581,Methylation,pathwayCommons,pathwayCommons
http___identifiers.org_reactome_R-HSA-156582.sbgn,pathwayCommons,http://identifiers.org/reactome/R-HSA-156582,reactome,R-HSA-156582,Acetylation,pathwayCommons,pathwayCommons
http___identifiers.org_reactome_R-HSA-156584.sbgn,pathwayCommons,http://identifiers.org/reactome/R-HSA-156584,reactome,R-HSA-156584,Cytosolic sulfonation of small molecules,pathwayCommons,pathwayCommons
http___identifiers.org_reactome_R-HSA-156588.sbgn,pathwayCommons,http://identifiers.org/reactome/R-HSA-156588,reactome,R-HSA-156588,Glucuronidation,pathwayCommons,pathwayCommons
http___identifiers.org_reactome_R-HSA-156590.sbgn,pathwayCommons,http://identifiers.org/reactome/R-HSA-156590,reactome,R-HSA-156590,Glutathione conjugation,pathwayCommons,pathwayCommons
http___identifiers.org_reactome_R-HSA-1566948.sbgn,pathwayCommons,http://identifiers.org/reactome/R-HSA-1566948,reactome,R-HSA-1566948,Elastic fibre formation,pathwayCommons,pathwayCommons
http___identifiers.org_reactome_R-HSA-1566977.sbgn,pathwayCommons,http://identifiers.org/reactome/R-HSA-1566977,reactome,R-HSA-1566977,Fibronectin matrix formation,pathwayCommons,pathwayCommons
http___identifiers.org_reactome_R-HSA-156711.sbgn,pathwayCommons,http://identifiers.org/reactome/R-HSA-156711,reactome,R-HSA-156711,Polo-like kinase mediated events,pathwayCommons,pathwayCommons
http___identifiers.org_reactome_R-HSA-156827.sbgn,pathwayCommons,http://identifiers.org/reactome/R-HSA-156827,reactome,R-HSA-156827,L13a-mediated translational silencing of Ceruloplasmin expression,pathwayCommons,pathwayCommons
http___identifiers.org_reactome_R-HSA-156842.sbgn,pathwayCommons,http://identifiers.org/reactome/R-HSA-156842,reactome,R-HSA-156842,Eukaryotic Translation Elongation,pathwayCommons,pathwayCommons
http___identifiers.org_reactome_R-HSA-156902.sbgn,pathwayCommons,http://identifiers.org/reactome/R-HSA-156902,reactome,R-HSA-156902,Peptide chain elongation,pathwayCommons,pathwayCommons
http___identifiers.org_reactome_R-HSA-156988.sbgn,pathwayCommons,http://identifiers.org/reactome/R-HSA-156988,reactome,R-HSA-156988,Receptor-ligand binding initiates the second proteolytic cleavage of Notch receptor,pathwayCommons,pathwayCommons
http___identifiers.org_reactome_R-HSA-157052.sbgn,pathwayCommons,http://identifiers.org/reactome/R-HSA-157052,reactome,R-HSA-157052,NICD traffics to nucleus,pathwayCommons,pathwayCommons
http___identifiers.org_reactome_R-HSA-157212.sbgn,pathwayCommons,http://identifiers.org/reactome/R-HSA-157212,reactome,R-HSA-157212,A third proteolytic cleavage releases NICD,pathwayCommons,pathwayCommons
http___identifiers.org_reactome_R-HSA-159227.sbgn,pathwayCommons,http://identifiers.org/reactome/R-HSA-159227,reactome,R-HSA-159227,Transport of the SLBP independent Mature mRNA,pathwayCommons,pathwayCommons
http___identifiers.org_reactome_R-HSA-159230.sbgn,pathwayCommons,http://identifiers.org/reactome/R-HSA-159230,reactome,R-HSA-159230,Transport of the SLBP Dependant Mature mRNA,pathwayCommons,pathwayCommons
http___identifiers.org_reactome_R-HSA-159231.sbgn,pathwayCommons,http://identifiers.org/reactome/R-HSA-159231,reactome,R-HSA-159231,Transport of Mature mRNA Derived from an Intronless Transcript,pathwayCommons,pathwayCommons
http___identifiers.org_reactome_R-HSA-159236.sbgn,pathwayCommons,http://identifiers.org/reactome/R-HSA-159236,reactome,R-HSA-159236,Transport of Mature mRNA derived from an Intron-Containing Transcript,pathwayCommons,pathwayCommons
http___identifiers.org_reactome_R-HSA-1592389.sbgn,pathwayCommons,http://identifiers.org/reactome/R-HSA-1592389,reactome,R-HSA-1592389,Activation of Matrix Metalloproteinases,pathwayCommons,pathwayCommons
http___identifiers.org_reactome_R-HSA-159418.sbgn,pathwayCommons,http://identifiers.org/reactome/R-HSA-159418,reactome,R-HSA-159418,Recycling of bile acids and salts,pathwayCommons,pathwayCommons
http___identifiers.org_reactome_R-HSA-159740.sbgn,pathwayCommons,http://identifiers.org/reactome/R-HSA-159740,reactome,R-HSA-159740,Gamma-carboxylation of protein precursors,pathwayCommons,pathwayCommons
http___identifiers.org_reactome_R-HSA-159763.sbgn,pathwayCommons,http://identifiers.org/reactome/R-HSA-159763,reactome,R-HSA-159763,Transport of gamma-carboxylated protein precursors from the endoplasmic reticulum to the Golgi apparatus,pathwayCommons,pathwayCommons
http___identifiers.org_reactome_R-HSA-159782.sbgn,pathwayCommons,http://identifiers.org/reactome/R-HSA-159782,reactome,R-HSA-159782,Removal of aminoterminal propeptides from gamma-carboxylated proteins,pathwayCommons,pathwayCommons
http___identifiers.org_reactome_R-HSA-1606322.sbgn,pathwayCommons,http://identifiers.org/reactome/R-HSA-1606322,reactome,R-HSA-1606322,ZBP1(DAI) mediated induction of type I IFNs,pathwayCommons,pathwayCommons
http___identifiers.org_reactome_R-HSA-1606341.sbgn,pathwayCommons,http://identifiers.org/reactome/R-HSA-1606341,reactome,R-HSA-1606341,IRF3 mediated activation of type 1 IFN,pathwayCommons,pathwayCommons
http___identifiers.org_reactome_R-HSA-1614517.sbgn,pathwayCommons,http://identifiers.org/reactome/R-HSA-1614517,reactome,R-HSA-1614517,Sulfide oxidation to sulfate,pathwayCommons,pathwayCommons
http___identifiers.org_reactome_R-HSA-1614558.sbgn,pathwayCommons,http://identifiers.org/reactome/R-HSA-1614558,reactome,R-HSA-1614558,Degradation of cysteine and homocysteine,pathwayCommons,pathwayCommons
http___identifiers.org_reactome_R-HSA-1614603.sbgn,pathwayCommons,http://identifiers.org/reactome/R-HSA-1614603,reactome,R-HSA-1614603,Cysteine formation from homocysteine,pathwayCommons,pathwayCommons
http___identifiers.org_reactome_R-HSA-1614635.sbgn,pathwayCommons,http://identifiers.org/reactome/R-HSA-1614635,reactome,R-HSA-1614635,Sulfur amino acid metabolism,pathwayCommons,pathwayCommons
http___identifiers.org_reactome_R-HSA-162585.sbgn,pathwayCommons,http://identifiers.org/reactome/R-HSA-162585,reactome,R-HSA-162585,Uncoating of the HIV Virion,pathwayCommons,pathwayCommons
http___identifiers.org_reactome_R-HSA-162588.sbgn,pathwayCommons,http://identifiers.org/reactome/R-HSA-162588,reactome,R-HSA-162588,Budding and maturation of HIV virion,pathwayCommons,pathwayCommons
http___identifiers.org_reactome_R-HSA-162592.sbgn,pathwayCommons,http://identifiers.org/reactome/R-HSA-162592,reactome,R-HSA-162592,Integration of provirus,pathwayCommons,pathwayCommons
http___identifiers.org_reactome_R-HSA-162594.sbgn,pathwayCommons,http://identifiers.org/reactome/R-HSA-162594,reactome,R-HSA-162594,Early Phase of HIV Life Cycle,pathwayCommons,pathwayCommons
http___identifiers.org_reactome_R-HSA-162599.sbgn,pathwayCommons,http://identifiers.org/reactome/R-HSA-162599,reactome,R-HSA-162599,Late Phase of HIV Life Cycle,pathwayCommons,pathwayCommons
http___identifiers.org_reactome_R-HSA-162658.sbgn,pathwayCommons,http://identifiers.org/reactome/R-HSA-162658,reactome,R-HSA-162658,Golgi Cisternae Pericentriolar Stack Reorganization,pathwayCommons,pathwayCommons
http___identifiers.org_reactome_R-HSA-162699.sbgn,pathwayCommons,http://identifiers.org/reactome/R-HSA-162699,reactome,R-HSA-162699,Synthesis of dolichyl-phosphate mannose,pathwayCommons,pathwayCommons
http___identifiers.org_reactome_R-HSA-162710.sbgn,pathwayCommons,http://identifiers.org/reactome/R-HSA-162710,reactome,R-HSA-162710,Synthesis of glycosylphosphatidylinositol (GPI),pathwayCommons,pathwayCommons
http___identifiers.org_reactome_R-HSA-162791.sbgn,pathwayCommons,http://identifiers.org/reactome/R-HSA-162791,reactome,R-HSA-162791,Attachment of GPI anchor to uPAR,pathwayCommons,pathwayCommons
http___identifiers.org_reactome_R-HSA-163125.sbgn,pathwayCommons,http://identifiers.org/reactome/R-HSA-163125,reactome,R-HSA-163125,Post-translational modification: synthesis of GPI-anchored proteins,pathwayCommons,pathwayCommons
http___identifiers.org_reactome_R-HSA-163210.sbgn,pathwayCommons,http://identifiers.org/reactome/R-HSA-163210,reactome,R-HSA-163210,Formation of ATP by chemiosmotic coupling,pathwayCommons,pathwayCommons
http___identifiers.org_reactome_R-HSA-163282.sbgn,pathwayCommons,http://identifiers.org/reactome/R-HSA-163282,reactome,R-HSA-163282,Mitochondrial transcription initiation,pathwayCommons,pathwayCommons
http___identifiers.org_reactome_R-HSA-1632852.sbgn,pathwayCommons,http://identifiers.org/reactome/R-HSA-1632852,reactome,R-HSA-1632852,Macroautophagy,pathwayCommons,pathwayCommons
http___identifiers.org_reactome_R-HSA-163316.sbgn,pathwayCommons,http://identifiers.org/reactome/R-HSA-163316,reactome,R-HSA-163316,Mitochondrial transcription termination,pathwayCommons,pathwayCommons
http___identifiers.org_reactome_R-HSA-163358.sbgn,pathwayCommons,http://identifiers.org/reactome/R-HSA-163358,reactome,R-HSA-163358,PKA-mediated phosphorylation of key metabolic factors,pathwayCommons,pathwayCommons
http___identifiers.org_reactome_R-HSA-163359.sbgn,pathwayCommons,http://identifiers.org/reactome/R-HSA-163359,reactome,R-HSA-163359,Glucagon signaling in metabolic regulation,pathwayCommons,pathwayCommons
http___identifiers.org_reactome_R-HSA-163560.sbgn,pathwayCommons,http://identifiers.org/reactome/R-HSA-163560,reactome,R-HSA-163560,Triglyceride catabolism,pathwayCommons,pathwayCommons
http___identifiers.org_reactome_R-HSA-163615.sbgn,pathwayCommons,http://identifiers.org/reactome/R-HSA-163615,reactome,R-HSA-163615,PKA activation,pathwayCommons,pathwayCommons
http___identifiers.org_reactome_R-HSA-163680.sbgn,pathwayCommons,http://identifiers.org/reactome/R-HSA-163680,reactome,R-HSA-163680,AMPK inhibits chREBP transcriptional activation activity,pathwayCommons,pathwayCommons
http___identifiers.org_reactome_R-HSA-163685.sbgn,pathwayCommons,http://identifiers.org/reactome/R-HSA-163685,reactome,R-HSA-163685,Integration of energy metabolism,pathwayCommons,pathwayCommons
http___identifiers.org_reactome_R-HSA-163754.sbgn,pathwayCommons,http://identifiers.org/reactome/R-HSA-163754,reactome,R-HSA-163754,Insulin effects increased synthesis of Xylulose-5-Phosphate,pathwayCommons,pathwayCommons
http___identifiers.org_reactome_R-HSA-163765.sbgn,pathwayCommons,http://identifiers.org/reactome/R-HSA-163765,reactome,R-HSA-163765,ChREBP activates metabolic gene expression,pathwayCommons,pathwayCommons
http___identifiers.org_reactome_R-HSA-163767.sbgn,pathwayCommons,http://identifiers.org/reactome/R-HSA-163767,reactome,R-HSA-163767,PP2A-mediated dephosphorylation of key metabolic factors,pathwayCommons,pathwayCommons
http___identifiers.org_reactome_R-HSA-163841.sbgn,pathwayCommons,http://identifiers.org/reactome/R-HSA-163841,reactome,R-HSA-163841,"""Gamma carboxylation, hypusine formation and arylsulfatase activation""",pathwayCommons,pathwayCommons
http___identifiers.org_reactome_R-HSA-164378.sbgn,pathwayCommons,http://identifiers.org/reactome/R-HSA-164378,reactome,R-HSA-164378,PKA activation in glucagon signalling,pathwayCommons,pathwayCommons
http___identifiers.org_reactome_R-HSA-164516.sbgn,pathwayCommons,http://identifiers.org/reactome/R-HSA-164516,reactome,R-HSA-164516,Minus-strand DNA synthesis,pathwayCommons,pathwayCommons
http___identifiers.org_reactome_R-HSA-164525.sbgn,pathwayCommons,http://identifiers.org/reactome/R-HSA-164525,reactome,R-HSA-164525,Plus-strand DNA synthesis,pathwayCommons,pathwayCommons
http___identifiers.org_reactome_R-HSA-164843.sbgn,pathwayCommons,http://identifiers.org/reactome/R-HSA-164843,reactome,R-HSA-164843,2-LTR circle formation,pathwayCommons,pathwayCommons
http___identifiers.org_reactome_R-HSA-164928.sbgn,pathwayCommons,http://identifiers.org/reactome/R-HSA-164928,reactome,R-HSA-164928,Inhibition of HSL,pathwayCommons,pathwayCommons
http___identifiers.org_reactome_R-HSA-164939.sbgn,pathwayCommons,http://identifiers.org/reactome/R-HSA-164939,reactome,R-HSA-164939,Nef mediated downregulation of CD28 cell surface expression,pathwayCommons,pathwayCommons
http___identifiers.org_reactome_R-HSA-164940.sbgn,pathwayCommons,http://identifiers.org/reactome/R-HSA-164940,reactome,R-HSA-164940,Nef mediated downregulation of MHC class I complex cell surface expression,pathwayCommons,pathwayCommons
http___identifiers.org_reactome_R-HSA-164944.sbgn,pathwayCommons,http://identifiers.org/reactome/R-HSA-164944,reactome,R-HSA-164944,Nef and signal transduction,pathwayCommons,pathwayCommons
http___identifiers.org_reactome_R-HSA-165054.sbgn,pathwayCommons,http://identifiers.org/reactome/R-HSA-165054,reactome,R-HSA-165054,Rev-mediated nuclear export of HIV RNA,pathwayCommons,pathwayCommons
http___identifiers.org_reactome_R-HSA-1650814.sbgn,pathwayCommons,http://identifiers.org/reactome/R-HSA-1650814,reactome,R-HSA-1650814,Collagen biosynthesis and modifying enzymes,pathwayCommons,pathwayCommons
http___identifiers.org_reactome_R-HSA-165158.sbgn,pathwayCommons,http://identifiers.org/reactome/R-HSA-165158,reactome,R-HSA-165158,Activation of PKB,pathwayCommons,pathwayCommons
http___identifiers.org_reactome_R-HSA-165159.sbgn,pathwayCommons,http://identifiers.org/reactome/R-HSA-165159,reactome,R-HSA-165159,mTOR signalling,pathwayCommons,pathwayCommons
http___identifiers.org_reactome_R-HSA-165160.sbgn,pathwayCommons,http://identifiers.org/reactome/R-HSA-165160,reactome,R-HSA-165160,PDE3B signalling,pathwayCommons,pathwayCommons
http___identifiers.org_reactome_R-HSA-165181.sbgn,pathwayCommons,http://identifiers.org/reactome/R-HSA-165181,reactome,R-HSA-165181,Inhibition of TSC complex formation by PKB,pathwayCommons,pathwayCommons
http___identifiers.org_reactome_R-HSA-1655829.sbgn,pathwayCommons,http://identifiers.org/reactome/R-HSA-1655829,reactome,R-HSA-1655829,Regulation of cholesterol biosynthesis by SREBP (SREBF),pathwayCommons,pathwayCommons
http___identifiers.org_reactome_R-HSA-166016.sbgn,pathwayCommons,http://identifiers.org/reactome/R-HSA-166016,reactome,R-HSA-166016,Toll Like Receptor 4 (TLR4) Cascade,pathwayCommons,pathwayCommons
http___identifiers.org_reactome_R-HSA-166020.sbgn,pathwayCommons,http://identifiers.org/reactome/R-HSA-166020,reactome,R-HSA-166020,Transfer of LPS from LBP carrier to CD14,pathwayCommons,pathwayCommons
http___identifiers.org_reactome_R-HSA-1660499.sbgn,pathwayCommons,http://identifiers.org/reactome/R-HSA-1660499,reactome,R-HSA-1660499,Synthesis of PIPs at the plasma membrane,pathwayCommons,pathwayCommons
http___identifiers.org_reactome_R-HSA-1660502.sbgn,pathwayCommons,http://identifiers.org/reactome/R-HSA-1660502,reactome,R-HSA-1660502,PIPs transport between early and late endosome membranes,pathwayCommons,pathwayCommons
http___identifiers.org_reactome_R-HSA-1660508.sbgn,pathwayCommons,http://identifiers.org/reactome/R-HSA-1660508,reactome,R-HSA-1660508,PIPs transport between late endosome and Golgi membranes,pathwayCommons,pathwayCommons
http___identifiers.org_reactome_R-HSA-1660510.sbgn,pathwayCommons,http://identifiers.org/reactome/R-HSA-1660510,reactome,R-HSA-1660510,PIPs transport between Golgi and plasma membranes,pathwayCommons,pathwayCommons
http___identifiers.org_reactome_R-HSA-1660514.sbgn,pathwayCommons,http://identifiers.org/reactome/R-HSA-1660514,reactome,R-HSA-1660514,Synthesis of PIPs at the Golgi membrane,pathwayCommons,pathwayCommons
http___identifiers.org_reactome_R-HSA-1660516.sbgn,pathwayCommons,http://identifiers.org/reactome/R-HSA-1660516,reactome,R-HSA-1660516,Synthesis of PIPs at the early endosome membrane,pathwayCommons,pathwayCommons
http___identifiers.org_reactome_R-HSA-1660517.sbgn,pathwayCommons,http://identifiers.org/reactome/R-HSA-1660517,reactome,R-HSA-1660517,Synthesis of PIPs at the late endosome membrane,pathwayCommons,pathwayCommons
http___identifiers.org_reactome_R-HSA-1660524.sbgn,pathwayCommons,http://identifiers.org/reactome/R-HSA-1660524,reactome,R-HSA-1660524,PIPs transport between plasma and early endosome membranes,pathwayCommons,pathwayCommons
http___identifiers.org_reactome_R-HSA-1660537.sbgn,pathwayCommons,http://identifiers.org/reactome/R-HSA-1660537,reactome,R-HSA-1660537,PIPs transport between early endosome and Golgi membranes,pathwayCommons,pathwayCommons
http___identifiers.org_reactome_R-HSA-166058.sbgn,pathwayCommons,http://identifiers.org/reactome/R-HSA-166058,reactome,R-HSA-166058,MyD88:Mal cascade initiated on plasma membrane,pathwayCommons,pathwayCommons
http___identifiers.org_reactome_R-HSA-1660661.sbgn,pathwayCommons,http://identifiers.org/reactome/R-HSA-1660661,reactome,R-HSA-1660661,Sphingolipid de novo biosynthesis,pathwayCommons,pathwayCommons
http___identifiers.org_reactome_R-HSA-1660662.sbgn,pathwayCommons,http://identifiers.org/reactome/R-HSA-1660662,reactome,R-HSA-1660662,Glycosphingolipid metabolism,pathwayCommons,pathwayCommons
http___identifiers.org_reactome_R-HSA-166166.sbgn,pathwayCommons,http://identifiers.org/reactome/R-HSA-166166,reactome,R-HSA-166166,MyD88-independent TLR3/TLR4 cascade,pathwayCommons,pathwayCommons
http___identifiers.org_reactome_R-HSA-166208.sbgn,pathwayCommons,http://identifiers.org/reactome/R-HSA-166208,reactome,R-HSA-166208,mTORC1-mediated signalling,pathwayCommons,pathwayCommons
http___identifiers.org_reactome_R-HSA-1663150.sbgn,pathwayCommons,http://identifiers.org/reactome/R-HSA-1663150,reactome,R-HSA-1663150,The activation of arylsulfatases,pathwayCommons,pathwayCommons
http___identifiers.org_reactome_R-HSA-166662.sbgn,pathwayCommons,http://identifiers.org/reactome/R-HSA-166662,reactome,R-HSA-166662,Lectin pathway of complement activation,pathwayCommons,pathwayCommons
http___identifiers.org_reactome_R-HSA-166663.sbgn,pathwayCommons,http://identifiers.org/reactome/R-HSA-166663,reactome,R-HSA-166663,Initial triggering of complement,pathwayCommons,pathwayCommons
http___identifiers.org_reactome_R-HSA-166665.sbgn,pathwayCommons,http://identifiers.org/reactome/R-HSA-166665,reactome,R-HSA-166665,Terminal pathway of complement,pathwayCommons,pathwayCommons
http___identifiers.org_reactome_R-HSA-167021.sbgn,pathwayCommons,http://identifiers.org/reactome/R-HSA-167021,reactome,R-HSA-167021,PLC-gamma1 signalling,pathwayCommons,pathwayCommons
http___identifiers.org_reactome_R-HSA-167044.sbgn,pathwayCommons,http://identifiers.org/reactome/R-HSA-167044,reactome,R-HSA-167044,Signalling to RAS,pathwayCommons,pathwayCommons
http___identifiers.org_reactome_R-HSA-167060.sbgn,pathwayCommons,http://identifiers.org/reactome/R-HSA-167060,reactome,R-HSA-167060,NGF processing,pathwayCommons,pathwayCommons
http___identifiers.org_reactome_R-HSA-167152.sbgn,pathwayCommons,http://identifiers.org/reactome/R-HSA-167152,reactome,R-HSA-167152,Formation of HIV elongation complex in the absence of HIV Tat,pathwayCommons,pathwayCommons
http___identifiers.org_reactome_R-HSA-167158.sbgn,pathwayCommons,http://identifiers.org/reactome/R-HSA-167158,reactome,R-HSA-167158,Formation of the HIV-1 Early Elongation Complex,pathwayCommons,pathwayCommons
http___identifiers.org_reactome_R-HSA-167160.sbgn,pathwayCommons,http://identifiers.org/reactome/R-HSA-167160,reactome,R-HSA-167160,RNA Pol II CTD phosphorylation and interaction with CE during HIV infection,pathwayCommons,pathwayCommons
http___identifiers.org_reactome_R-HSA-167161.sbgn,pathwayCommons,http://identifiers.org/reactome/R-HSA-167161,reactome,R-HSA-167161,HIV Transcription Initiation,pathwayCommons,pathwayCommons
http___identifiers.org_reactome_R-HSA-167162.sbgn,pathwayCommons,http://identifiers.org/reactome/R-HSA-167162,reactome,R-HSA-167162,RNA Polymerase II HIV Promoter Escape,pathwayCommons,pathwayCommons
http___identifiers.org_reactome_R-HSA-167172.sbgn,pathwayCommons,http://identifiers.org/reactome/R-HSA-167172,reactome,R-HSA-167172,Transcription of the HIV genome,pathwayCommons,pathwayCommons
http___identifiers.org_reactome_R-HSA-167200.sbgn,pathwayCommons,http://identifiers.org/reactome/R-HSA-167200,reactome,R-HSA-167200,Formation of HIV-1 elongation complex containing HIV-1 Tat,pathwayCommons,pathwayCommons
http___identifiers.org_reactome_R-HSA-167238.sbgn,pathwayCommons,http://identifiers.org/reactome/R-HSA-167238,reactome,R-HSA-167238,Pausing and recovery of Tat-mediated HIV elongation,pathwayCommons,pathwayCommons
http___identifiers.org_reactome_R-HSA-167242.sbgn,pathwayCommons,http://identifiers.org/reactome/R-HSA-167242,reactome,R-HSA-167242,Abortive elongation of HIV-1 transcript in the absence of Tat,pathwayCommons,pathwayCommons
http___identifiers.org_reactome_R-HSA-167243.sbgn,pathwayCommons,http://identifiers.org/reactome/R-HSA-167243,reactome,R-HSA-167243,Tat-mediated HIV elongation arrest and recovery,pathwayCommons,pathwayCommons
http___identifiers.org_reactome_R-HSA-167246.sbgn,pathwayCommons,http://identifiers.org/reactome/R-HSA-167246,reactome,R-HSA-167246,Tat-mediated elongation of the HIV-1 transcript,pathwayCommons,pathwayCommons
http___identifiers.org_reactome_R-HSA-167287.sbgn,pathwayCommons,http://identifiers.org/reactome/R-HSA-167287,reactome,R-HSA-167287,HIV elongation arrest and recovery,pathwayCommons,pathwayCommons
http___identifiers.org_reactome_R-HSA-167290.sbgn,pathwayCommons,http://identifiers.org/reactome/R-HSA-167290,reactome,R-HSA-167290,Pausing and recovery of HIV elongation,pathwayCommons,pathwayCommons
http___identifiers.org_reactome_R-HSA-167590.sbgn,pathwayCommons,http://identifiers.org/reactome/R-HSA-167590,reactome,R-HSA-167590,Nef Mediated CD4 Down-regulation,pathwayCommons,pathwayCommons
http___identifiers.org_reactome_R-HSA-167826.sbgn,pathwayCommons,http://identifiers.org/reactome/R-HSA-167826,reactome,R-HSA-167826,The fatty acid cycling model,pathwayCommons,pathwayCommons
http___identifiers.org_reactome_R-HSA-167827.sbgn,pathwayCommons,http://identifiers.org/reactome/R-HSA-167827,reactome,R-HSA-167827,The proton buffering model,pathwayCommons,pathwayCommons
http___identifiers.org_reactome_R-HSA-1679131.sbgn,pathwayCommons,http://identifiers.org/reactome/R-HSA-1679131,reactome,R-HSA-1679131,Trafficking and processing of endosomal TLR,pathwayCommons,pathwayCommons
http___identifiers.org_reactome_R-HSA-168138.sbgn,pathwayCommons,http://identifiers.org/reactome/R-HSA-168138,reactome,R-HSA-168138,Toll Like Receptor 9 (TLR9) Cascade,pathwayCommons,pathwayCommons
http___identifiers.org_reactome_R-HSA-168142.sbgn,pathwayCommons,http://identifiers.org/reactome/R-HSA-168142,reactome,R-HSA-168142,Toll Like Receptor 10 (TLR10) Cascade,pathwayCommons,pathwayCommons
http___identifiers.org_reactome_R-HSA-168164.sbgn,pathwayCommons,http://identifiers.org/reactome/R-HSA-168164,reactome,R-HSA-168164,Toll Like Receptor 3 (TLR3) Cascade,pathwayCommons,pathwayCommons
http___identifiers.org_reactome_R-HSA-168176.sbgn,pathwayCommons,http://identifiers.org/reactome/R-HSA-168176,reactome,R-HSA-168176,Toll Like Receptor 5 (TLR5) Cascade,pathwayCommons,pathwayCommons
http___identifiers.org_reactome_R-HSA-168179.sbgn,pathwayCommons,http://identifiers.org/reactome/R-HSA-168179,reactome,R-HSA-168179,Toll Like Receptor TLR1:TLR2 Cascade,pathwayCommons,pathwayCommons
http___identifiers.org_reactome_R-HSA-168180.sbgn,pathwayCommons,http://identifiers.org/reactome/R-HSA-168180,reactome,R-HSA-168180,TRAF6 Mediated Induction of proinflammatory cytokines,pathwayCommons,pathwayCommons
http___identifiers.org_reactome_R-HSA-168181.sbgn,pathwayCommons,http://identifiers.org/reactome/R-HSA-168181,reactome,R-HSA-168181,Toll Like Receptor 7/8 (TLR7/8) Cascade,pathwayCommons,pathwayCommons
http___identifiers.org_reactome_R-HSA-168188.sbgn,pathwayCommons,http://identifiers.org/reactome/R-HSA-168188,reactome,R-HSA-168188,Toll Like Receptor TLR6:TLR2 Cascade,pathwayCommons,pathwayCommons
http___identifiers.org_reactome_R-HSA-168255.sbgn,pathwayCommons,http://identifiers.org/reactome/R-HSA-168255,reactome,R-HSA-168255,Influenza Life Cycle,pathwayCommons,pathwayCommons
http___identifiers.org_reactome_R-HSA-168271.sbgn,pathwayCommons,http://identifiers.org/reactome/R-HSA-168271,reactome,R-HSA-168271,Transport of Ribonucleoproteins into the Host Nucleus,pathwayCommons,pathwayCommons
http___identifiers.org_reactome_R-HSA-168275.sbgn,pathwayCommons,http://identifiers.org/reactome/R-HSA-168275,reactome,R-HSA-168275,Entry of Influenza Virion into Host Cell via Endocytosis,pathwayCommons,pathwayCommons
http___identifiers.org_reactome_R-HSA-168276.sbgn,pathwayCommons,http://identifiers.org/reactome/R-HSA-168276,reactome,R-HSA-168276,NS1 Mediated Effects on Host Pathways,pathwayCommons,pathwayCommons
http___identifiers.org_reactome_R-HSA-168277.sbgn,pathwayCommons,http://identifiers.org/reactome/R-HSA-168277,reactome,R-HSA-168277,Influenza Virus Induced Apoptosis,pathwayCommons,pathwayCommons
http___identifiers.org_reactome_R-HSA-168288.sbgn,pathwayCommons,http://identifiers.org/reactome/R-HSA-168288,reactome,R-HSA-168288,Fusion of the Influenza Virion to the Host Cell Endosome,pathwayCommons,pathwayCommons
http___identifiers.org_reactome_R-HSA-168298.sbgn,pathwayCommons,http://identifiers.org/reactome/R-HSA-168298,reactome,R-HSA-168298,Release,pathwayCommons,pathwayCommons
http___identifiers.org_reactome_R-HSA-168302.sbgn,pathwayCommons,http://identifiers.org/reactome/R-HSA-168302,reactome,R-HSA-168302,Budding,pathwayCommons,pathwayCommons
http___identifiers.org_reactome_R-HSA-168303.sbgn,pathwayCommons,http://identifiers.org/reactome/R-HSA-168303,reactome,R-HSA-168303,Packaging of Eight RNA Segments,pathwayCommons,pathwayCommons
http___identifiers.org_reactome_R-HSA-168315.sbgn,pathwayCommons,http://identifiers.org/reactome/R-HSA-168315,reactome,R-HSA-168315,Inhibition of Host mRNA Processing and RNA Silencing,pathwayCommons,pathwayCommons
http___identifiers.org_reactome_R-HSA-168316.sbgn,pathwayCommons,http://identifiers.org/reactome/R-HSA-168316,reactome,R-HSA-168316,Assembly of Viral Components at the Budding Site,pathwayCommons,pathwayCommons
http___identifiers.org_reactome_R-HSA-168325.sbgn,pathwayCommons,http://identifiers.org/reactome/R-HSA-168325,reactome,R-HSA-168325,Viral Messenger RNA Synthesis,pathwayCommons,pathwayCommons
http___identifiers.org_reactome_R-HSA-168330.sbgn,pathwayCommons,http://identifiers.org/reactome/R-HSA-168330,reactome,R-HSA-168330,Viral RNP Complexes in the Host Cell Nucleus,pathwayCommons,pathwayCommons
http___identifiers.org_reactome_R-HSA-168333.sbgn,pathwayCommons,http://identifiers.org/reactome/R-HSA-168333,reactome,R-HSA-168333,NEP/NS2 Interacts with the Cellular Export Machinery,pathwayCommons,pathwayCommons
http___identifiers.org_reactome_R-HSA-168336.sbgn,pathwayCommons,http://identifiers.org/reactome/R-HSA-168336,reactome,R-HSA-168336,Uncoating of the Influenza Virion,pathwayCommons,pathwayCommons
http___identifiers.org_reactome_R-HSA-168638.sbgn,pathwayCommons,http://identifiers.org/reactome/R-HSA-168638,reactome,R-HSA-168638,NOD1/2 Signaling Pathway,pathwayCommons,pathwayCommons
http___identifiers.org_reactome_R-HSA-168874.sbgn,pathwayCommons,http://identifiers.org/reactome/R-HSA-168874,reactome,R-HSA-168874,"""Transport of HA trimer, NA tetramer and M2 tetramer from the endoplasmic reticulum to the Golgi Apparatus""",pathwayCommons,pathwayCommons
http___identifiers.org_reactome_R-HSA-168888.sbgn,pathwayCommons,http://identifiers.org/reactome/R-HSA-168888,reactome,R-HSA-168888,Inhibition of IFN-beta,pathwayCommons,pathwayCommons
http___identifiers.org_reactome_R-HSA-168928.sbgn,pathwayCommons,http://identifiers.org/reactome/R-HSA-168928,reactome,R-HSA-168928,DDX58/IFIH1-mediated induction of interferon-alpha/beta,pathwayCommons,pathwayCommons
http___identifiers.org_reactome_R-HSA-169131.sbgn,pathwayCommons,http://identifiers.org/reactome/R-HSA-169131,reactome,R-HSA-169131,Inhibition of PKR,pathwayCommons,pathwayCommons
http___identifiers.org_reactome_R-HSA-169911.sbgn,pathwayCommons,http://identifiers.org/reactome/R-HSA-169911,reactome,R-HSA-169911,Regulation of Apoptosis,pathwayCommons,pathwayCommons
http___identifiers.org_reactome_R-HSA-170145.sbgn,pathwayCommons,http://identifiers.org/reactome/R-HSA-170145,reactome,R-HSA-170145,Phosphorylation of proteins involved in the G2/M transition by Cyclin A:Cdc2 complexes,pathwayCommons,pathwayCommons
http___identifiers.org_reactome_R-HSA-170660.sbgn,pathwayCommons,http://identifiers.org/reactome/R-HSA-170660,reactome,R-HSA-170660,Adenylate cyclase activating pathway,pathwayCommons,pathwayCommons
http___identifiers.org_reactome_R-HSA-170670.sbgn,pathwayCommons,http://identifiers.org/reactome/R-HSA-170670,reactome,R-HSA-170670,Adenylate cyclase inhibitory pathway,pathwayCommons,pathwayCommons
http___identifiers.org_reactome_R-HSA-170822.sbgn,pathwayCommons,http://identifiers.org/reactome/R-HSA-170822,reactome,R-HSA-170822,Regulation of Glucokinase by Glucokinase Regulatory Protein,pathwayCommons,pathwayCommons
http___identifiers.org_reactome_R-HSA-170968.sbgn,pathwayCommons,http://identifiers.org/reactome/R-HSA-170968,reactome,R-HSA-170968,Frs2-mediated activation,pathwayCommons,pathwayCommons
http___identifiers.org_reactome_R-HSA-170984.sbgn,pathwayCommons,http://identifiers.org/reactome/R-HSA-170984,reactome,R-HSA-170984,ARMS-mediated activation,pathwayCommons,pathwayCommons
http___identifiers.org_reactome_R-HSA-171007.sbgn,pathwayCommons,http://identifiers.org/reactome/R-HSA-171007,reactome,R-HSA-171007,p38MAPK events,pathwayCommons,pathwayCommons
http___identifiers.org_reactome_R-HSA-171286.sbgn,pathwayCommons,http://identifiers.org/reactome/R-HSA-171286,reactome,R-HSA-171286,Synthesis and processing of ENV and VPU,pathwayCommons,pathwayCommons
http___identifiers.org_reactome_R-HSA-171306.sbgn,pathwayCommons,http://identifiers.org/reactome/R-HSA-171306,reactome,R-HSA-171306,Packaging Of Telomere Ends,pathwayCommons,pathwayCommons
http___identifiers.org_reactome_R-HSA-171319.sbgn,pathwayCommons,http://identifiers.org/reactome/R-HSA-171319,reactome,R-HSA-171319,Telomere Extension By Telomerase,pathwayCommons,pathwayCommons
http___identifiers.org_reactome_R-HSA-173107.sbgn,pathwayCommons,http://identifiers.org/reactome/R-HSA-173107,reactome,R-HSA-173107,Binding and entry of HIV virion,pathwayCommons,pathwayCommons
http___identifiers.org_reactome_R-HSA-173599.sbgn,pathwayCommons,http://identifiers.org/reactome/R-HSA-173599,reactome,R-HSA-173599,"""Formation of the active cofactor, UDP-glucuronate""",pathwayCommons,pathwayCommons
http___identifiers.org_reactome_R-HSA-173623.sbgn,pathwayCommons,http://identifiers.org/reactome/R-HSA-173623,reactome,R-HSA-173623,Classical antibody-mediated complement activation,pathwayCommons,pathwayCommons
http___identifiers.org_reactome_R-HSA-173736.sbgn,pathwayCommons,http://identifiers.org/reactome/R-HSA-173736,reactome,R-HSA-173736,Alternative complement activation,pathwayCommons,pathwayCommons
http___identifiers.org_reactome_R-HSA-174048.sbgn,pathwayCommons,http://identifiers.org/reactome/R-HSA-174048,reactome,R-HSA-174048,APC/C:Cdc20 mediated degradation of Cyclin B,pathwayCommons,pathwayCommons
http___identifiers.org_reactome_R-HSA-174084.sbgn,pathwayCommons,http://identifiers.org/reactome/R-HSA-174084,reactome,R-HSA-174084,Autodegradation of Cdh1 by Cdh1:APC/C,pathwayCommons,pathwayCommons
http___identifiers.org_reactome_R-HSA-174113.sbgn,pathwayCommons,http://identifiers.org/reactome/R-HSA-174113,reactome,R-HSA-174113,SCF-beta-TrCP mediated degradation of Emi1,pathwayCommons,pathwayCommons
http___identifiers.org_reactome_R-HSA-174154.sbgn,pathwayCommons,http://identifiers.org/reactome/R-HSA-174154,reactome,R-HSA-174154,APC/C:Cdc20 mediated degradation of Securin,pathwayCommons,pathwayCommons
http___identifiers.org_reactome_R-HSA-174178.sbgn,pathwayCommons,http://identifiers.org/reactome/R-HSA-174178,reactome,R-HSA-174178,APC/C:Cdh1 mediated degradation of Cdc20 and other APC/C:Cdh1 targeted proteins in late mitosis/early G1,pathwayCommons,pathwayCommons
http___identifiers.org_reactome_R-HSA-174184.sbgn,pathwayCommons,http://identifiers.org/reactome/R-HSA-174184,reactome,R-HSA-174184,Cdc20:Phospho-APC/C mediated degradation of Cyclin A,pathwayCommons,pathwayCommons
http___identifiers.org_reactome_R-HSA-174362.sbgn,pathwayCommons,http://identifiers.org/reactome/R-HSA-174362,reactome,R-HSA-174362,Transport and synthesis of PAPS,pathwayCommons,pathwayCommons
http___identifiers.org_reactome_R-HSA-174403.sbgn,pathwayCommons,http://identifiers.org/reactome/R-HSA-174403,reactome,R-HSA-174403,Glutathione synthesis and recycling,pathwayCommons,pathwayCommons
http___identifiers.org_reactome_R-HSA-174411.sbgn,pathwayCommons,http://identifiers.org/reactome/R-HSA-174411,reactome,R-HSA-174411,Polymerase switching on the C-strand of the telomere,pathwayCommons,pathwayCommons
http___identifiers.org_reactome_R-HSA-174414.sbgn,pathwayCommons,http://identifiers.org/reactome/R-HSA-174414,reactome,R-HSA-174414,Processive synthesis on the C-strand of the telomere,pathwayCommons,pathwayCommons
http___identifiers.org_reactome_R-HSA-174417.sbgn,pathwayCommons,http://identifiers.org/reactome/R-HSA-174417,reactome,R-HSA-174417,Telomere C-strand (Lagging Strand) Synthesis,pathwayCommons,pathwayCommons
http___identifiers.org_reactome_R-HSA-174430.sbgn,pathwayCommons,http://identifiers.org/reactome/R-HSA-174430,reactome,R-HSA-174430,Telomere C-strand synthesis initiation,pathwayCommons,pathwayCommons
http___identifiers.org_reactome_R-HSA-174437.sbgn,pathwayCommons,http://identifiers.org/reactome/R-HSA-174437,reactome,R-HSA-174437,Removal of the Flap Intermediate from the C-strand,pathwayCommons,pathwayCommons
http___identifiers.org_reactome_R-HSA-174490.sbgn,pathwayCommons,http://identifiers.org/reactome/R-HSA-174490,reactome,R-HSA-174490,Membrane binding and targetting of GAG proteins,pathwayCommons,pathwayCommons
http___identifiers.org_reactome_R-HSA-174495.sbgn,pathwayCommons,http://identifiers.org/reactome/R-HSA-174495,reactome,R-HSA-174495,"""Synthesis And Processing Of GAG, GAGPOL Polyproteins""",pathwayCommons,pathwayCommons
http___identifiers.org_reactome_R-HSA-174577.sbgn,pathwayCommons,http://identifiers.org/reactome/R-HSA-174577,reactome,R-HSA-174577,Activation of C3 and C5,pathwayCommons,pathwayCommons
http___identifiers.org_reactome_R-HSA-175474.sbgn,pathwayCommons,http://identifiers.org/reactome/R-HSA-175474,reactome,R-HSA-175474,Assembly Of The HIV Virion,pathwayCommons,pathwayCommons
http___identifiers.org_reactome_R-HSA-175567.sbgn,pathwayCommons,http://identifiers.org/reactome/R-HSA-175567,reactome,R-HSA-175567,Integration of viral DNA into host genomic DNA,pathwayCommons,pathwayCommons
http___identifiers.org_reactome_R-HSA-176034.sbgn,pathwayCommons,http://identifiers.org/reactome/R-HSA-176034,reactome,R-HSA-176034,Interactions of Tat with host cellular proteins,pathwayCommons,pathwayCommons
http___identifiers.org_reactome_R-HSA-176187.sbgn,pathwayCommons,http://identifiers.org/reactome/R-HSA-176187,reactome,R-HSA-176187,Activation of ATR in response to replication stress,pathwayCommons,pathwayCommons
http___identifiers.org_reactome_R-HSA-176407.sbgn,pathwayCommons,http://identifiers.org/reactome/R-HSA-176407,reactome,R-HSA-176407,Conversion from APC/C:Cdc20 to APC/C:Cdh1 in late anaphase,pathwayCommons,pathwayCommons
http___identifiers.org_reactome_R-HSA-176408.sbgn,pathwayCommons,http://identifiers.org/reactome/R-HSA-176408,reactome,R-HSA-176408,Regulation of APC/C activators between G1/S and early anaphase,pathwayCommons,pathwayCommons
http___identifiers.org_reactome_R-HSA-176409.sbgn,pathwayCommons,http://identifiers.org/reactome/R-HSA-176409,reactome,R-HSA-176409,APC/C:Cdc20 mediated degradation of mitotic proteins,pathwayCommons,pathwayCommons
http___identifiers.org_reactome_R-HSA-176412.sbgn,pathwayCommons,http://identifiers.org/reactome/R-HSA-176412,reactome,R-HSA-176412,Phosphorylation of the APC/C,pathwayCommons,pathwayCommons
http___identifiers.org_reactome_R-HSA-176417.sbgn,pathwayCommons,http://identifiers.org/reactome/R-HSA-176417,reactome,R-HSA-176417,Phosphorylation of Emi1,pathwayCommons,pathwayCommons
http___identifiers.org_reactome_R-HSA-176974.sbgn,pathwayCommons,http://identifiers.org/reactome/R-HSA-176974,reactome,R-HSA-176974,Unwinding of DNA,pathwayCommons,pathwayCommons
http___identifiers.org_reactome_R-HSA-177128.sbgn,pathwayCommons,http://identifiers.org/reactome/R-HSA-177128,reactome,R-HSA-177128,Conjugation of salicylate with glycine,pathwayCommons,pathwayCommons
http___identifiers.org_reactome_R-HSA-177135.sbgn,pathwayCommons,http://identifiers.org/reactome/R-HSA-177135,reactome,R-HSA-177135,Conjugation of benzoate with glycine,pathwayCommons,pathwayCommons
http___identifiers.org_reactome_R-HSA-177162.sbgn,pathwayCommons,http://identifiers.org/reactome/R-HSA-177162,reactome,R-HSA-177162,Conjugation of phenylacetate with glutamine,pathwayCommons,pathwayCommons
http___identifiers.org_reactome_R-HSA-177504.sbgn,pathwayCommons,http://identifiers.org/reactome/R-HSA-177504,reactome,R-HSA-177504,Retrograde neurotrophin signalling,pathwayCommons,pathwayCommons
http___identifiers.org_reactome_R-HSA-177539.sbgn,pathwayCommons,http://identifiers.org/reactome/R-HSA-177539,reactome,R-HSA-177539,Autointegration results in viral DNA circles,pathwayCommons,pathwayCommons
http___identifiers.org_reactome_R-HSA-177929.sbgn,pathwayCommons,http://identifiers.org/reactome/R-HSA-177929,reactome,R-HSA-177929,Signaling by EGFR,pathwayCommons,pathwayCommons
http___identifiers.org_reactome_R-HSA-179409.sbgn,pathwayCommons,http://identifiers.org/reactome/R-HSA-179409,reactome,R-HSA-179409,APC-Cdc20 mediated degradation of Nek2A,pathwayCommons,pathwayCommons
http___identifiers.org_reactome_R-HSA-179812.sbgn,pathwayCommons,http://identifiers.org/reactome/R-HSA-179812,reactome,R-HSA-179812,GRB2 events in EGFR signaling,pathwayCommons,pathwayCommons
http___identifiers.org_reactome_R-HSA-1799339.sbgn,pathwayCommons,http://identifiers.org/reactome/R-HSA-1799339,reactome,R-HSA-1799339,SRP-dependent cotranslational protein targeting to membrane,pathwayCommons,pathwayCommons
http___identifiers.org_reactome_R-HSA-180024.sbgn,pathwayCommons,http://identifiers.org/reactome/R-HSA-180024,reactome,R-HSA-180024,DARPP-32 events,pathwayCommons,pathwayCommons
http___identifiers.org_reactome_R-HSA-180292.sbgn,pathwayCommons,http://identifiers.org/reactome/R-HSA-180292,reactome,R-HSA-180292,GAB1 signalosome,pathwayCommons,pathwayCommons
http___identifiers.org_reactome_R-HSA-180336.sbgn,pathwayCommons,http://identifiers.org/reactome/R-HSA-180336,reactome,R-HSA-180336,SHC1 events in EGFR signaling,pathwayCommons,pathwayCommons
http___identifiers.org_reactome_R-HSA-180534.sbgn,pathwayCommons,http://identifiers.org/reactome/R-HSA-180534,reactome,R-HSA-180534,Vpu mediated degradation of CD4,pathwayCommons,pathwayCommons
http___identifiers.org_reactome_R-HSA-180585.sbgn,pathwayCommons,http://identifiers.org/reactome/R-HSA-180585,reactome,R-HSA-180585,Vif-mediated degradation of APOBEC3G,pathwayCommons,pathwayCommons
http___identifiers.org_reactome_R-HSA-180689.sbgn,pathwayCommons,http://identifiers.org/reactome/R-HSA-180689,reactome,R-HSA-180689,APOBEC3G mediated resistance to HIV-1 infection,pathwayCommons,pathwayCommons
http___identifiers.org_reactome_R-HSA-180746.sbgn,pathwayCommons,http://identifiers.org/reactome/R-HSA-180746,reactome,R-HSA-180746,Nuclear import of Rev protein,pathwayCommons,pathwayCommons
http___identifiers.org_reactome_R-HSA-180897.sbgn,pathwayCommons,http://identifiers.org/reactome/R-HSA-180897,reactome,R-HSA-180897,Vpr-mediated induction of apoptosis by mitochondrial outer membrane permeabilization,pathwayCommons,pathwayCommons
http___identifiers.org_reactome_R-HSA-180910.sbgn,pathwayCommons,http://identifiers.org/reactome/R-HSA-180910,reactome,R-HSA-180910,Vpr-mediated nuclear import of PICs,pathwayCommons,pathwayCommons
http___identifiers.org_reactome_R-HSA-1810476.sbgn,pathwayCommons,http://identifiers.org/reactome/R-HSA-1810476,reactome,R-HSA-1810476,RIP-mediated NFkB activation via ZBP1,pathwayCommons,pathwayCommons
http___identifiers.org_reactome_R-HSA-181429.sbgn,pathwayCommons,http://identifiers.org/reactome/R-HSA-181429,reactome,R-HSA-181429,Serotonin Neurotransmitter Release Cycle,pathwayCommons,pathwayCommons
http___identifiers.org_reactome_R-HSA-181430.sbgn,pathwayCommons,http://identifiers.org/reactome/R-HSA-181430,reactome,R-HSA-181430,Norepinephrine Neurotransmitter Release Cycle,pathwayCommons,pathwayCommons
http___identifiers.org_reactome_R-HSA-182218.sbgn,pathwayCommons,http://identifiers.org/reactome/R-HSA-182218,reactome,R-HSA-182218,Nef Mediated CD8 Down-regulation,pathwayCommons,pathwayCommons
http___identifiers.org_reactome_R-HSA-182971.sbgn,pathwayCommons,http://identifiers.org/reactome/R-HSA-182971,reactome,R-HSA-182971,EGFR downregulation,pathwayCommons,pathwayCommons
http___identifiers.org_reactome_R-HSA-1834941.sbgn,pathwayCommons,http://identifiers.org/reactome/R-HSA-1834941,reactome,R-HSA-1834941,STING mediated induction of host immune responses,pathwayCommons,pathwayCommons
http___identifiers.org_reactome_R-HSA-1834949.sbgn,pathwayCommons,http://identifiers.org/reactome/R-HSA-1834949,reactome,R-HSA-1834949,Cytosolic sensors of pathogen-associated DNA,pathwayCommons,pathwayCommons
http___identifiers.org_reactome_R-HSA-1839117.sbgn,pathwayCommons,http://identifiers.org/reactome/R-HSA-1839117,reactome,R-HSA-1839117,Signaling by cytosolic FGFR1 fusion mutants,pathwayCommons,pathwayCommons
http___identifiers.org_reactome_R-HSA-1839120.sbgn,pathwayCommons,http://identifiers.org/reactome/R-HSA-1839120,reactome,R-HSA-1839120,Signaling by FGFR1 amplification mutants,pathwayCommons,pathwayCommons
http___identifiers.org_reactome_R-HSA-1839122.sbgn,pathwayCommons,http://identifiers.org/reactome/R-HSA-1839122,reactome,R-HSA-1839122,Signaling by activated point mutants of FGFR1,pathwayCommons,pathwayCommons
http___identifiers.org_reactome_R-HSA-1839128.sbgn,pathwayCommons,http://identifiers.org/reactome/R-HSA-1839128,reactome,R-HSA-1839128,FGFR4 mutant receptor activation,pathwayCommons,pathwayCommons
http___identifiers.org_reactome_R-HSA-1839130.sbgn,pathwayCommons,http://identifiers.org/reactome/R-HSA-1839130,reactome,R-HSA-1839130,Signaling by activated point mutants of FGFR3,pathwayCommons,pathwayCommons
http___identifiers.org_reactome_R-HSA-1855156.sbgn,pathwayCommons,http://identifiers.org/reactome/R-HSA-1855156,reactome,R-HSA-1855156,IPs transport between ER lumen and nucleus,pathwayCommons,pathwayCommons
http___identifiers.org_reactome_R-HSA-1855167.sbgn,pathwayCommons,http://identifiers.org/reactome/R-HSA-1855167,reactome,R-HSA-1855167,Synthesis of pyrophosphates in the cytosol,pathwayCommons,pathwayCommons
http___identifiers.org_reactome_R-HSA-1855170.sbgn,pathwayCommons,http://identifiers.org/reactome/R-HSA-1855170,reactome,R-HSA-1855170,IPs transport between nucleus and cytosol,pathwayCommons,pathwayCommons
http___identifiers.org_reactome_R-HSA-1855183.sbgn,pathwayCommons,http://identifiers.org/reactome/R-HSA-1855183,reactome,R-HSA-1855183,"""Synthesis of IP2, IP, and Ins in the cytosol""",pathwayCommons,pathwayCommons
http___identifiers.org_reactome_R-HSA-1855184.sbgn,pathwayCommons,http://identifiers.org/reactome/R-HSA-1855184,reactome,R-HSA-1855184,IPs transport between cytosol and ER lumen,pathwayCommons,pathwayCommons
http___identifiers.org_reactome_R-HSA-1855191.sbgn,pathwayCommons,http://identifiers.org/reactome/R-HSA-1855191,reactome,R-HSA-1855191,Synthesis of IPs in the nucleus,pathwayCommons,pathwayCommons
http___identifiers.org_reactome_R-HSA-1855192.sbgn,pathwayCommons,http://identifiers.org/reactome/R-HSA-1855192,reactome,R-HSA-1855192,IPs transport between nucleus and ER lumen,pathwayCommons,pathwayCommons
http___identifiers.org_reactome_R-HSA-1855196.sbgn,pathwayCommons,http://identifiers.org/reactome/R-HSA-1855196,reactome,R-HSA-1855196,IP3 and IP4 transport between cytosol and nucleus,pathwayCommons,pathwayCommons
http___identifiers.org_reactome_R-HSA-1855204.sbgn,pathwayCommons,http://identifiers.org/reactome/R-HSA-1855204,reactome,R-HSA-1855204,Synthesis of IP3 and IP4 in the cytosol,pathwayCommons,pathwayCommons
http___identifiers.org_reactome_R-HSA-1855215.sbgn,pathwayCommons,http://identifiers.org/reactome/R-HSA-1855215,reactome,R-HSA-1855215,IPs transport between ER lumen and cytosol,pathwayCommons,pathwayCommons
http___identifiers.org_reactome_R-HSA-1855229.sbgn,pathwayCommons,http://identifiers.org/reactome/R-HSA-1855229,reactome,R-HSA-1855229,IP6 and IP7 transport between cytosol and nucleus,pathwayCommons,pathwayCommons
http___identifiers.org_reactome_R-HSA-1855231.sbgn,pathwayCommons,http://identifiers.org/reactome/R-HSA-1855231,reactome,R-HSA-1855231,Synthesis of IPs in the ER lumen,pathwayCommons,pathwayCommons
http___identifiers.org_reactome_R-HSA-186763.sbgn,pathwayCommons,http://identifiers.org/reactome/R-HSA-186763,reactome,R-HSA-186763,Downstream signal transduction,pathwayCommons,pathwayCommons
http___identifiers.org_reactome_R-HSA-186797.sbgn,pathwayCommons,http://identifiers.org/reactome/R-HSA-186797,reactome,R-HSA-186797,Signaling by PDGF,pathwayCommons,pathwayCommons
http___identifiers.org_reactome_R-HSA-187024.sbgn,pathwayCommons,http://identifiers.org/reactome/R-HSA-187024,reactome,R-HSA-187024,NGF-independant TRKA activation,pathwayCommons,pathwayCommons
http___identifiers.org_reactome_R-HSA-187042.sbgn,pathwayCommons,http://identifiers.org/reactome/R-HSA-187042,reactome,R-HSA-187042,TRKA activation by NGF,pathwayCommons,pathwayCommons
http___identifiers.org_reactome_R-HSA-187577.sbgn,pathwayCommons,http://identifiers.org/reactome/R-HSA-187577,reactome,R-HSA-187577,SCF(Skp2)-mediated degradation of p27/p21,pathwayCommons,pathwayCommons
http___identifiers.org_reactome_R-HSA-187706.sbgn,pathwayCommons,http://identifiers.org/reactome/R-HSA-187706,reactome,R-HSA-187706,Signalling to p38 via RIT and RIN,pathwayCommons,pathwayCommons
http___identifiers.org_reactome_R-HSA-189085.sbgn,pathwayCommons,http://identifiers.org/reactome/R-HSA-189085,reactome,R-HSA-189085,Digestion of dietary carbohydrate,pathwayCommons,pathwayCommons
http___identifiers.org_reactome_R-HSA-189200.sbgn,pathwayCommons,http://identifiers.org/reactome/R-HSA-189200,reactome,R-HSA-189200,Cellular hexose transport,pathwayCommons,pathwayCommons
http___identifiers.org_reactome_R-HSA-189451.sbgn,pathwayCommons,http://identifiers.org/reactome/R-HSA-189451,reactome,R-HSA-189451,Heme biosynthesis,pathwayCommons,pathwayCommons
http___identifiers.org_reactome_R-HSA-189483.sbgn,pathwayCommons,http://identifiers.org/reactome/R-HSA-189483,reactome,R-HSA-189483,Heme degradation,pathwayCommons,pathwayCommons
http___identifiers.org_reactome_R-HSA-190322.sbgn,pathwayCommons,http://identifiers.org/reactome/R-HSA-190322,reactome,R-HSA-190322,FGFR4 ligand binding and activation,pathwayCommons,pathwayCommons
http___identifiers.org_reactome_R-HSA-190370.sbgn,pathwayCommons,http://identifiers.org/reactome/R-HSA-190370,reactome,R-HSA-190370,FGFR1b ligand binding and activation,pathwayCommons,pathwayCommons
http___identifiers.org_reactome_R-HSA-190371.sbgn,pathwayCommons,http://identifiers.org/reactome/R-HSA-190371,reactome,R-HSA-190371,FGFR3b ligand binding and activation,pathwayCommons,pathwayCommons
http___identifiers.org_reactome_R-HSA-190372.sbgn,pathwayCommons,http://identifiers.org/reactome/R-HSA-190372,reactome,R-HSA-190372,FGFR3c ligand binding and activation,pathwayCommons,pathwayCommons
http___identifiers.org_reactome_R-HSA-190373.sbgn,pathwayCommons,http://identifiers.org/reactome/R-HSA-190373,reactome,R-HSA-190373,FGFR1c ligand binding and activation,pathwayCommons,pathwayCommons
http___identifiers.org_reactome_R-HSA-190374.sbgn,pathwayCommons,http://identifiers.org/reactome/R-HSA-190374,reactome,R-HSA-190374,FGFR1c and Klotho ligand binding and activation,pathwayCommons,pathwayCommons
http___identifiers.org_reactome_R-HSA-190375.sbgn,pathwayCommons,http://identifiers.org/reactome/R-HSA-190375,reactome,R-HSA-190375,FGFR2c ligand binding and activation,pathwayCommons,pathwayCommons
http___identifiers.org_reactome_R-HSA-190377.sbgn,pathwayCommons,http://identifiers.org/reactome/R-HSA-190377,reactome,R-HSA-190377,FGFR2b ligand binding and activation,pathwayCommons,pathwayCommons
http___identifiers.org_reactome_R-HSA-190704.sbgn,pathwayCommons,http://identifiers.org/reactome/R-HSA-190704,reactome,R-HSA-190704,Oligomerization of connexins into connexons,pathwayCommons,pathwayCommons
http___identifiers.org_reactome_R-HSA-190827.sbgn,pathwayCommons,http://identifiers.org/reactome/R-HSA-190827,reactome,R-HSA-190827,Transport of connexins along the secretory pathway,pathwayCommons,pathwayCommons
http___identifiers.org_reactome_R-HSA-190840.sbgn,pathwayCommons,http://identifiers.org/reactome/R-HSA-190840,reactome,R-HSA-190840,Microtubule-dependent trafficking of connexons from Golgi to the plasma membrane,pathwayCommons,pathwayCommons
http___identifiers.org_reactome_R-HSA-190861.sbgn,pathwayCommons,http://identifiers.org/reactome/R-HSA-190861,reactome,R-HSA-190861,Gap junction assembly,pathwayCommons,pathwayCommons
http___identifiers.org_reactome_R-HSA-190872.sbgn,pathwayCommons,http://identifiers.org/reactome/R-HSA-190872,reactome,R-HSA-190872,Transport of connexons to the plasma membrane,pathwayCommons,pathwayCommons
http___identifiers.org_reactome_R-HSA-190873.sbgn,pathwayCommons,http://identifiers.org/reactome/R-HSA-190873,reactome,R-HSA-190873,Gap junction degradation,pathwayCommons,pathwayCommons
http___identifiers.org_reactome_R-HSA-1912399.sbgn,pathwayCommons,http://identifiers.org/reactome/R-HSA-1912399,reactome,R-HSA-1912399,Pre-NOTCH Processing in the Endoplasmic Reticulum,pathwayCommons,pathwayCommons
http___identifiers.org_reactome_R-HSA-1912408.sbgn,pathwayCommons,http://identifiers.org/reactome/R-HSA-1912408,reactome,R-HSA-1912408,Pre-NOTCH Transcription and Translation,pathwayCommons,pathwayCommons
http___identifiers.org_reactome_R-HSA-1912420.sbgn,pathwayCommons,http://identifiers.org/reactome/R-HSA-1912420,reactome,R-HSA-1912420,Pre-NOTCH Processing in Golgi,pathwayCommons,pathwayCommons
http___identifiers.org_reactome_R-HSA-191273.sbgn,pathwayCommons,http://identifiers.org/reactome/R-HSA-191273,reactome,R-HSA-191273,Cholesterol biosynthesis,pathwayCommons,pathwayCommons
http___identifiers.org_reactome_R-HSA-191647.sbgn,pathwayCommons,http://identifiers.org/reactome/R-HSA-191647,reactome,R-HSA-191647,c-src mediated regulation of Cx43 function and closure of gap junctions,pathwayCommons,pathwayCommons
http___identifiers.org_reactome_R-HSA-191859.sbgn,pathwayCommons,http://identifiers.org/reactome/R-HSA-191859,reactome,R-HSA-191859,snRNP Assembly,pathwayCommons,pathwayCommons
http___identifiers.org_reactome_R-HSA-192105.sbgn,pathwayCommons,http://identifiers.org/reactome/R-HSA-192105,reactome,R-HSA-192105,Synthesis of bile acids and bile salts,pathwayCommons,pathwayCommons
http___identifiers.org_reactome_R-HSA-192456.sbgn,pathwayCommons,http://identifiers.org/reactome/R-HSA-192456,reactome,R-HSA-192456,Digestion of dietary lipid,pathwayCommons,pathwayCommons
http___identifiers.org_reactome_R-HSA-192814.sbgn,pathwayCommons,http://identifiers.org/reactome/R-HSA-192814,reactome,R-HSA-192814,vRNA Synthesis,pathwayCommons,pathwayCommons
http___identifiers.org_reactome_R-HSA-192823.sbgn,pathwayCommons,http://identifiers.org/reactome/R-HSA-192823,reactome,R-HSA-192823,Viral mRNA Translation,pathwayCommons,pathwayCommons
http___identifiers.org_reactome_R-HSA-192869.sbgn,pathwayCommons,http://identifiers.org/reactome/R-HSA-192869,reactome,R-HSA-192869,cRNA Synthesis,pathwayCommons,pathwayCommons
http___identifiers.org_reactome_R-HSA-192905.sbgn,pathwayCommons,http://identifiers.org/reactome/R-HSA-192905,reactome,R-HSA-192905,vRNP Assembly,pathwayCommons,pathwayCommons
http___identifiers.org_reactome_R-HSA-193048.sbgn,pathwayCommons,http://identifiers.org/reactome/R-HSA-193048,reactome,R-HSA-193048,Androgen biosynthesis,pathwayCommons,pathwayCommons
http___identifiers.org_reactome_R-HSA-193144.sbgn,pathwayCommons,http://identifiers.org/reactome/R-HSA-193144,reactome,R-HSA-193144,Estrogen biosynthesis,pathwayCommons,pathwayCommons
http___identifiers.org_reactome_R-HSA-193368.sbgn,pathwayCommons,http://identifiers.org/reactome/R-HSA-193368,reactome,R-HSA-193368,Synthesis of bile acids and bile salts via 7alpha-hydroxycholesterol,pathwayCommons,pathwayCommons
http___identifiers.org_reactome_R-HSA-193634.sbgn,pathwayCommons,http://identifiers.org/reactome/R-HSA-193634,reactome,R-HSA-193634,Axonal growth inhibition (RHOA activation),pathwayCommons,pathwayCommons
http___identifiers.org_reactome_R-HSA-193648.sbgn,pathwayCommons,http://identifiers.org/reactome/R-HSA-193648,reactome,R-HSA-193648,NRAGE signals death through JNK,pathwayCommons,pathwayCommons
http___identifiers.org_reactome_R-HSA-193670.sbgn,pathwayCommons,http://identifiers.org/reactome/R-HSA-193670,reactome,R-HSA-193670,p75NTR negatively regulates cell cycle via SC1,pathwayCommons,pathwayCommons
http___identifiers.org_reactome_R-HSA-193681.sbgn,pathwayCommons,http://identifiers.org/reactome/R-HSA-193681,reactome,R-HSA-193681,Ceramide signalling,pathwayCommons,pathwayCommons
http___identifiers.org_reactome_R-HSA-193692.sbgn,pathwayCommons,http://identifiers.org/reactome/R-HSA-193692,reactome,R-HSA-193692,Regulated proteolysis of p75NTR,pathwayCommons,pathwayCommons
http___identifiers.org_reactome_R-HSA-193775.sbgn,pathwayCommons,http://identifiers.org/reactome/R-HSA-193775,reactome,R-HSA-193775,Synthesis of bile acids and bile salts via 24-hydroxycholesterol,pathwayCommons,pathwayCommons
http___identifiers.org_reactome_R-HSA-193807.sbgn,pathwayCommons,http://identifiers.org/reactome/R-HSA-193807,reactome,R-HSA-193807,Synthesis of bile acids and bile salts via 27-hydroxycholesterol,pathwayCommons,pathwayCommons
http___identifiers.org_reactome_R-HSA-193993.sbgn,pathwayCommons,http://identifiers.org/reactome/R-HSA-193993,reactome,R-HSA-193993,Mineralocorticoid biosynthesis,pathwayCommons,pathwayCommons
http___identifiers.org_reactome_R-HSA-194002.sbgn,pathwayCommons,http://identifiers.org/reactome/R-HSA-194002,reactome,R-HSA-194002,Glucocorticoid biosynthesis,pathwayCommons,pathwayCommons
http___identifiers.org_reactome_R-HSA-194306.sbgn,pathwayCommons,http://identifiers.org/reactome/R-HSA-194306,reactome,R-HSA-194306,Neurophilin interactions with VEGF and VEGFR,pathwayCommons,pathwayCommons
http___identifiers.org_reactome_R-HSA-194313.sbgn,pathwayCommons,http://identifiers.org/reactome/R-HSA-194313,reactome,R-HSA-194313,VEGF ligand-receptor interactions,pathwayCommons,pathwayCommons
http___identifiers.org_reactome_R-HSA-194840.sbgn,pathwayCommons,http://identifiers.org/reactome/R-HSA-194840,reactome,R-HSA-194840,Rho GTPase cycle,pathwayCommons,pathwayCommons
http___identifiers.org_reactome_R-HSA-195253.sbgn,pathwayCommons,http://identifiers.org/reactome/R-HSA-195253,reactome,R-HSA-195253,Degradation of beta-catenin by the destruction complex,pathwayCommons,pathwayCommons
http___identifiers.org_reactome_R-HSA-195399.sbgn,pathwayCommons,http://identifiers.org/reactome/R-HSA-195399,reactome,R-HSA-195399,VEGF binds to VEGFR leading to receptor dimerization,pathwayCommons,pathwayCommons
http___identifiers.org_reactome_R-HSA-196025.sbgn,pathwayCommons,http://identifiers.org/reactome/R-HSA-196025,reactome,R-HSA-196025,Formation of annular gap junctions,pathwayCommons,pathwayCommons
http___identifiers.org_reactome_R-HSA-196108.sbgn,pathwayCommons,http://identifiers.org/reactome/R-HSA-196108,reactome,R-HSA-196108,Pregnenolone biosynthesis,pathwayCommons,pathwayCommons
http___identifiers.org_reactome_R-HSA-196299.sbgn,pathwayCommons,http://identifiers.org/reactome/R-HSA-196299,reactome,R-HSA-196299,Beta-catenin phosphorylation cascade,pathwayCommons,pathwayCommons
http___identifiers.org_reactome_R-HSA-1963640.sbgn,pathwayCommons,http://identifiers.org/reactome/R-HSA-1963640,reactome,R-HSA-1963640,GRB2 events in ERBB2 signaling,pathwayCommons,pathwayCommons
http___identifiers.org_reactome_R-HSA-1963642.sbgn,pathwayCommons,http://identifiers.org/reactome/R-HSA-1963642,reactome,R-HSA-1963642,PI3K events in ERBB2 signaling,pathwayCommons,pathwayCommons
http___identifiers.org_reactome_R-HSA-196741.sbgn,pathwayCommons,http://identifiers.org/reactome/R-HSA-196741,reactome,R-HSA-196741,"""Cobalamin (Cbl, vitamin B12) transport and metabolism""",pathwayCommons,pathwayCommons
http___identifiers.org_reactome_R-HSA-196757.sbgn,pathwayCommons,http://identifiers.org/reactome/R-HSA-196757,reactome,R-HSA-196757,Metabolism of folate and pterines,pathwayCommons,pathwayCommons
http___identifiers.org_reactome_R-HSA-196780.sbgn,pathwayCommons,http://identifiers.org/reactome/R-HSA-196780,reactome,R-HSA-196780,Biotin transport and metabolism,pathwayCommons,pathwayCommons
http___identifiers.org_reactome_R-HSA-196783.sbgn,pathwayCommons,http://identifiers.org/reactome/R-HSA-196783,reactome,R-HSA-196783,Coenzyme A biosynthesis,pathwayCommons,pathwayCommons
http___identifiers.org_reactome_R-HSA-196791.sbgn,pathwayCommons,http://identifiers.org/reactome/R-HSA-196791,reactome,R-HSA-196791,Vitamin D (calciferol) metabolism,pathwayCommons,pathwayCommons
http___identifiers.org_reactome_R-HSA-196807.sbgn,pathwayCommons,http://identifiers.org/reactome/R-HSA-196807,reactome,R-HSA-196807,Nicotinate metabolism,pathwayCommons,pathwayCommons
http___identifiers.org_reactome_R-HSA-196819.sbgn,pathwayCommons,http://identifiers.org/reactome/R-HSA-196819,reactome,R-HSA-196819,Vitamin B1 (thiamin) metabolism,pathwayCommons,pathwayCommons
http___identifiers.org_reactome_R-HSA-196836.sbgn,pathwayCommons,http://identifiers.org/reactome/R-HSA-196836,reactome,R-HSA-196836,Vitamin C (ascorbate) metabolism,pathwayCommons,pathwayCommons
http___identifiers.org_reactome_R-HSA-196843.sbgn,pathwayCommons,http://identifiers.org/reactome/R-HSA-196843,reactome,R-HSA-196843,Vitamin B2 (riboflavin) metabolism,pathwayCommons,pathwayCommons
http___identifiers.org_reactome_R-HSA-1971475.sbgn,pathwayCommons,http://identifiers.org/reactome/R-HSA-1971475,reactome,R-HSA-1971475,A tetrasaccharide linker sequence is required for GAG synthesis,pathwayCommons,pathwayCommons
http___identifiers.org_reactome_R-HSA-197264.sbgn,pathwayCommons,http://identifiers.org/reactome/R-HSA-197264,reactome,R-HSA-197264,Nicotinamide salvaging,pathwayCommons,pathwayCommons
http___identifiers.org_reactome_R-HSA-1980148.sbgn,pathwayCommons,http://identifiers.org/reactome/R-HSA-1980148,reactome,R-HSA-1980148,Signaling by NOTCH3,pathwayCommons,pathwayCommons
http___identifiers.org_reactome_R-HSA-1980150.sbgn,pathwayCommons,http://identifiers.org/reactome/R-HSA-1980150,reactome,R-HSA-1980150,Signaling by NOTCH4,pathwayCommons,pathwayCommons
http___identifiers.org_reactome_R-HSA-198203.sbgn,pathwayCommons,http://identifiers.org/reactome/R-HSA-198203,reactome,R-HSA-198203,PI3K/AKT activation,pathwayCommons,pathwayCommons
http___identifiers.org_reactome_R-HSA-198323.sbgn,pathwayCommons,http://identifiers.org/reactome/R-HSA-198323,reactome,R-HSA-198323,AKT phosphorylates targets in the cytosol,pathwayCommons,pathwayCommons
http___identifiers.org_reactome_R-HSA-198693.sbgn,pathwayCommons,http://identifiers.org/reactome/R-HSA-198693,reactome,R-HSA-198693,AKT phosphorylates targets in the nucleus,pathwayCommons,pathwayCommons
http___identifiers.org_reactome_R-HSA-198745.sbgn,pathwayCommons,http://identifiers.org/reactome/R-HSA-198745,reactome,R-HSA-198745,Signalling to STAT3,pathwayCommons,pathwayCommons
http___identifiers.org_reactome_R-HSA-198753.sbgn,pathwayCommons,http://identifiers.org/reactome/R-HSA-198753,reactome,R-HSA-198753,ERK/MAPK targets,pathwayCommons,pathwayCommons
http___identifiers.org_reactome_R-HSA-198765.sbgn,pathwayCommons,http://identifiers.org/reactome/R-HSA-198765,reactome,R-HSA-198765,Signalling to ERK5,pathwayCommons,pathwayCommons
http___identifiers.org_reactome_R-HSA-198933.sbgn,pathwayCommons,http://identifiers.org/reactome/R-HSA-198933,reactome,R-HSA-198933,Immunoregulatory interactions between a Lymphoid and a non-Lymphoid cell,pathwayCommons,pathwayCommons
http___identifiers.org_reactome_R-HSA-1989781.sbgn,pathwayCommons,http://identifiers.org/reactome/R-HSA-1989781,reactome,R-HSA-1989781,PPARA activates gene expression,pathwayCommons,pathwayCommons
http___identifiers.org_reactome_R-HSA-199220.sbgn,pathwayCommons,http://identifiers.org/reactome/R-HSA-199220,reactome,R-HSA-199220,Vitamin B5 (pantothenate) metabolism,pathwayCommons,pathwayCommons
http___identifiers.org_reactome_R-HSA-199418.sbgn,pathwayCommons,http://identifiers.org/reactome/R-HSA-199418,reactome,R-HSA-199418,Negative regulation of the PI3K/AKT network,pathwayCommons,pathwayCommons
http___identifiers.org_reactome_R-HSA-199920.sbgn,pathwayCommons,http://identifiers.org/reactome/R-HSA-199920,reactome,R-HSA-199920,CREB phosphorylation,pathwayCommons,pathwayCommons
http___identifiers.org_reactome_R-HSA-200425.sbgn,pathwayCommons,http://identifiers.org/reactome/R-HSA-200425,reactome,R-HSA-200425,Import of palmitoyl-CoA into the mitochondrial matrix,pathwayCommons,pathwayCommons
http___identifiers.org_reactome_R-HSA-201451.sbgn,pathwayCommons,http://identifiers.org/reactome/R-HSA-201451,reactome,R-HSA-201451,Signaling by BMP,pathwayCommons,pathwayCommons
http___identifiers.org_reactome_R-HSA-201681.sbgn,pathwayCommons,http://identifiers.org/reactome/R-HSA-201681,reactome,R-HSA-201681,TCF dependent signaling in response to WNT,pathwayCommons,pathwayCommons
http___identifiers.org_reactome_R-HSA-201688.sbgn,pathwayCommons,http://identifiers.org/reactome/R-HSA-201688,reactome,R-HSA-201688,WNT mediated activation of DVL,pathwayCommons,pathwayCommons
http___identifiers.org_reactome_R-HSA-201722.sbgn,pathwayCommons,http://identifiers.org/reactome/R-HSA-201722,reactome,R-HSA-201722,Formation of the beta-catenin:TCF transactivating complex,pathwayCommons,pathwayCommons
http___identifiers.org_reactome_R-HSA-202040.sbgn,pathwayCommons,http://identifiers.org/reactome/R-HSA-202040,reactome,R-HSA-202040,G-protein activation,pathwayCommons,pathwayCommons
http___identifiers.org_reactome_R-HSA-2022090.sbgn,pathwayCommons,http://identifiers.org/reactome/R-HSA-2022090,reactome,R-HSA-2022090,Assembly of collagen fibrils and other multimeric structures,pathwayCommons,pathwayCommons
http___identifiers.org_reactome_R-HSA-2022377.sbgn,pathwayCommons,http://identifiers.org/reactome/R-HSA-2022377,reactome,R-HSA-2022377,Metabolism of Angiotensinogen to Angiotensins,pathwayCommons,pathwayCommons
http___identifiers.org_reactome_R-HSA-2022854.sbgn,pathwayCommons,http://identifiers.org/reactome/R-HSA-2022854,reactome,R-HSA-2022854,Keratan sulfate biosynthesis,pathwayCommons,pathwayCommons
http___identifiers.org_reactome_R-HSA-2022857.sbgn,pathwayCommons,http://identifiers.org/reactome/R-HSA-2022857,reactome,R-HSA-2022857,Keratan sulfate degradation,pathwayCommons,pathwayCommons
http___identifiers.org_reactome_R-HSA-2022870.sbgn,pathwayCommons,http://identifiers.org/reactome/R-HSA-2022870,reactome,R-HSA-2022870,Chondroitin sulfate biosynthesis,pathwayCommons,pathwayCommons
http___identifiers.org_reactome_R-HSA-2022923.sbgn,pathwayCommons,http://identifiers.org/reactome/R-HSA-2022923,reactome,R-HSA-2022923,Dermatan sulfate biosynthesis,pathwayCommons,pathwayCommons
http___identifiers.org_reactome_R-HSA-2022928.sbgn,pathwayCommons,http://identifiers.org/reactome/R-HSA-2022928,reactome,R-HSA-2022928,HS-GAG biosynthesis,pathwayCommons,pathwayCommons
http___identifiers.org_reactome_R-HSA-2023837.sbgn,pathwayCommons,http://identifiers.org/reactome/R-HSA-2023837,reactome,R-HSA-2023837,Signaling by FGFR2 amplification mutants,pathwayCommons,pathwayCommons
http___identifiers.org_reactome_R-HSA-2024096.sbgn,pathwayCommons,http://identifiers.org/reactome/R-HSA-2024096,reactome,R-HSA-2024096,HS-GAG degradation,pathwayCommons,pathwayCommons
http___identifiers.org_reactome_R-HSA-2024101.sbgn,pathwayCommons,http://identifiers.org/reactome/R-HSA-2024101,reactome,R-HSA-2024101,CS/DS degradation,pathwayCommons,pathwayCommons
http___identifiers.org_reactome_R-HSA-202424.sbgn,pathwayCommons,http://identifiers.org/reactome/R-HSA-202424,reactome,R-HSA-202424,Downstream TCR signaling,pathwayCommons,pathwayCommons
http___identifiers.org_reactome_R-HSA-202427.sbgn,pathwayCommons,http://identifiers.org/reactome/R-HSA-202427,reactome,R-HSA-202427,Phosphorylation of CD3 and TCR zeta chains,pathwayCommons,pathwayCommons
http___identifiers.org_reactome_R-HSA-202430.sbgn,pathwayCommons,http://identifiers.org/reactome/R-HSA-202430,reactome,R-HSA-202430,Translocation of ZAP-70 to Immunological synapse,pathwayCommons,pathwayCommons
http___identifiers.org_reactome_R-HSA-202433.sbgn,pathwayCommons,http://identifiers.org/reactome/R-HSA-202433,reactome,R-HSA-202433,Generation of second messenger molecules,pathwayCommons,pathwayCommons
http___identifiers.org_reactome_R-HSA-202670.sbgn,pathwayCommons,http://identifiers.org/reactome/R-HSA-202670,reactome,R-HSA-202670,ERKs are inactivated,pathwayCommons,pathwayCommons
http___identifiers.org_reactome_R-HSA-202733.sbgn,pathwayCommons,http://identifiers.org/reactome/R-HSA-202733,reactome,R-HSA-202733,Cell surface interactions at the vascular wall,pathwayCommons,pathwayCommons
http___identifiers.org_reactome_R-HSA-2028269.sbgn,pathwayCommons,http://identifiers.org/reactome/R-HSA-2028269,reactome,R-HSA-2028269,Signaling by Hippo,pathwayCommons,pathwayCommons
http___identifiers.org_reactome_R-HSA-2029481.sbgn,pathwayCommons,http://identifiers.org/reactome/R-HSA-2029481,reactome,R-HSA-2029481,FCGR activation,pathwayCommons,pathwayCommons
http___identifiers.org_reactome_R-HSA-2029482.sbgn,pathwayCommons,http://identifiers.org/reactome/R-HSA-2029482,reactome,R-HSA-2029482,Regulation of actin dynamics for phagocytic cup formation,pathwayCommons,pathwayCommons
http___identifiers.org_reactome_R-HSA-2029485.sbgn,pathwayCommons,http://identifiers.org/reactome/R-HSA-2029485,reactome,R-HSA-2029485,Role of phospholipids in phagocytosis,pathwayCommons,pathwayCommons
http___identifiers.org_reactome_R-HSA-2032785.sbgn,pathwayCommons,http://identifiers.org/reactome/R-HSA-2032785,reactome,R-HSA-2032785,YAP1- and WWTR1 (TAZ)-stimulated gene expression,pathwayCommons,pathwayCommons
http___identifiers.org_reactome_R-HSA-2033514.sbgn,pathwayCommons,http://identifiers.org/reactome/R-HSA-2033514,reactome,R-HSA-2033514,FGFR3 mutant receptor activation,pathwayCommons,pathwayCommons
http___identifiers.org_reactome_R-HSA-2033515.sbgn,pathwayCommons,http://identifiers.org/reactome/R-HSA-2033515,reactome,R-HSA-2033515,t(4;14) translocations of FGFR3,pathwayCommons,pathwayCommons
http___identifiers.org_reactome_R-HSA-2033519.sbgn,pathwayCommons,http://identifiers.org/reactome/R-HSA-2033519,reactome,R-HSA-2033519,Activated point mutants of FGFR2,pathwayCommons,pathwayCommons
http___identifiers.org_reactome_R-HSA-203615.sbgn,pathwayCommons,http://identifiers.org/reactome/R-HSA-203615,reactome,R-HSA-203615,eNOS activation,pathwayCommons,pathwayCommons
http___identifiers.org_reactome_R-HSA-203641.sbgn,pathwayCommons,http://identifiers.org/reactome/R-HSA-203641,reactome,R-HSA-203641,NOSTRIN mediated eNOS trafficking,pathwayCommons,pathwayCommons
http___identifiers.org_reactome_R-HSA-203754.sbgn,pathwayCommons,http://identifiers.org/reactome/R-HSA-203754,reactome,R-HSA-203754,NOSIP mediated eNOS trafficking,pathwayCommons,pathwayCommons
http___identifiers.org_reactome_R-HSA-203927.sbgn,pathwayCommons,http://identifiers.org/reactome/R-HSA-203927,reactome,R-HSA-203927,MicroRNA (miRNA) biogenesis,pathwayCommons,pathwayCommons
http___identifiers.org_reactome_R-HSA-204005.sbgn,pathwayCommons,http://identifiers.org/reactome/R-HSA-204005,reactome,R-HSA-204005,COPII (Coat Protein 2) Mediated Vesicle Transport,pathwayCommons,pathwayCommons
http___identifiers.org_reactome_R-HSA-204174.sbgn,pathwayCommons,http://identifiers.org/reactome/R-HSA-204174,reactome,R-HSA-204174,Regulation of pyruvate dehydrogenase (PDH) complex,pathwayCommons,pathwayCommons
http___identifiers.org_reactome_R-HSA-2046105.sbgn,pathwayCommons,http://identifiers.org/reactome/R-HSA-2046105,reactome,R-HSA-2046105,Linoleic acid (LA) metabolism,pathwayCommons,pathwayCommons
http___identifiers.org_reactome_R-HSA-2046106.sbgn,pathwayCommons,http://identifiers.org/reactome/R-HSA-2046106,reactome,R-HSA-2046106,alpha-linolenic acid (ALA) metabolism,pathwayCommons,pathwayCommons
http___identifiers.org_reactome_R-HSA-204626.sbgn,pathwayCommons,http://identifiers.org/reactome/R-HSA-204626,reactome,R-HSA-204626,Hypusinylation,pathwayCommons,pathwayCommons
http___identifiers.org_reactome_R-HSA-205017.sbgn,pathwayCommons,http://identifiers.org/reactome/R-HSA-205017,reactome,R-HSA-205017,NFG and proNGF binds to p75NTR,pathwayCommons,pathwayCommons
http___identifiers.org_reactome_R-HSA-205025.sbgn,pathwayCommons,http://identifiers.org/reactome/R-HSA-205025,reactome,R-HSA-205025,NADE modulates death signalling,pathwayCommons,pathwayCommons
http___identifiers.org_reactome_R-HSA-205043.sbgn,pathwayCommons,http://identifiers.org/reactome/R-HSA-205043,reactome,R-HSA-205043,NRIF signals cell death from the nucleus,pathwayCommons,pathwayCommons
http___identifiers.org_reactome_R-HSA-209543.sbgn,pathwayCommons,http://identifiers.org/reactome/R-HSA-209543,reactome,R-HSA-209543,p75NTR recruits signalling complexes,pathwayCommons,pathwayCommons
http___identifiers.org_reactome_R-HSA-209560.sbgn,pathwayCommons,http://identifiers.org/reactome/R-HSA-209560,reactome,R-HSA-209560,NF-kB is activated and signals survival,pathwayCommons,pathwayCommons
http___identifiers.org_reactome_R-HSA-209563.sbgn,pathwayCommons,http://identifiers.org/reactome/R-HSA-209563,reactome,R-HSA-209563,Axonal growth stimulation,pathwayCommons,pathwayCommons
http___identifiers.org_reactome_R-HSA-209822.sbgn,pathwayCommons,http://identifiers.org/reactome/R-HSA-209822,reactome,R-HSA-209822,Glycoprotein hormones,pathwayCommons,pathwayCommons
http___identifiers.org_reactome_R-HSA-209905.sbgn,pathwayCommons,http://identifiers.org/reactome/R-HSA-209905,reactome,R-HSA-209905,Catecholamine biosynthesis,pathwayCommons,pathwayCommons
http___identifiers.org_reactome_R-HSA-209931.sbgn,pathwayCommons,http://identifiers.org/reactome/R-HSA-209931,reactome,R-HSA-209931,Serotonin and melatonin biosynthesis,pathwayCommons,pathwayCommons
http___identifiers.org_reactome_R-HSA-209952.sbgn,pathwayCommons,http://identifiers.org/reactome/R-HSA-209952,reactome,R-HSA-209952,Peptide hormone biosynthesis,pathwayCommons,pathwayCommons
http___identifiers.org_reactome_R-HSA-209968.sbgn,pathwayCommons,http://identifiers.org/reactome/R-HSA-209968,reactome,R-HSA-209968,Thyroxine biosynthesis,pathwayCommons,pathwayCommons
http___identifiers.org_reactome_R-HSA-210455.sbgn,pathwayCommons,http://identifiers.org/reactome/R-HSA-210455,reactome,R-HSA-210455,Astrocytic Glutamate-Glutamine Uptake And Metabolism,pathwayCommons,pathwayCommons
http___identifiers.org_reactome_R-HSA-210500.sbgn,pathwayCommons,http://identifiers.org/reactome/R-HSA-210500,reactome,R-HSA-210500,Glutamate Neurotransmitter Release Cycle,pathwayCommons,pathwayCommons
http___identifiers.org_reactome_R-HSA-210744.sbgn,pathwayCommons,http://identifiers.org/reactome/R-HSA-210744,reactome,R-HSA-210744,Regulation of gene expression in late stage (branching morphogenesis) pancreatic bud precursor cells,pathwayCommons,pathwayCommons
http___identifiers.org_reactome_R-HSA-210745.sbgn,pathwayCommons,http://identifiers.org/reactome/R-HSA-210745,reactome,R-HSA-210745,Regulation of gene expression in beta cells,pathwayCommons,pathwayCommons
http___identifiers.org_reactome_R-HSA-210746.sbgn,pathwayCommons,http://identifiers.org/reactome/R-HSA-210746,reactome,R-HSA-210746,Regulation of gene expression in endocrine-committed (NEUROG3+) progenitor cells,pathwayCommons,pathwayCommons
http___identifiers.org_reactome_R-HSA-210747.sbgn,pathwayCommons,http://identifiers.org/reactome/R-HSA-210747,reactome,R-HSA-210747,Regulation of gene expression in early pancreatic precursor cells,pathwayCommons,pathwayCommons
http___identifiers.org_reactome_R-HSA-210990.sbgn,pathwayCommons,http://identifiers.org/reactome/R-HSA-210990,reactome,R-HSA-210990,PECAM1 interactions,pathwayCommons,pathwayCommons
http___identifiers.org_reactome_R-HSA-210991.sbgn,pathwayCommons,http://identifiers.org/reactome/R-HSA-210991,reactome,R-HSA-210991,Basigin interactions,pathwayCommons,pathwayCommons
http___identifiers.org_reactome_R-HSA-210993.sbgn,pathwayCommons,http://identifiers.org/reactome/R-HSA-210993,reactome,R-HSA-210993,Tie2 Signaling,pathwayCommons,pathwayCommons
http___identifiers.org_reactome_R-HSA-211163.sbgn,pathwayCommons,http://identifiers.org/reactome/R-HSA-211163,reactome,R-HSA-211163,AKT-mediated inactivation of FOXO1A,pathwayCommons,pathwayCommons
http___identifiers.org_reactome_R-HSA-211227.sbgn,pathwayCommons,http://identifiers.org/reactome/R-HSA-211227,reactome,R-HSA-211227,Activation of DNA fragmentation factor,pathwayCommons,pathwayCommons
http___identifiers.org_reactome_R-HSA-211728.sbgn,pathwayCommons,http://identifiers.org/reactome/R-HSA-211728,reactome,R-HSA-211728,Regulation of PAK-2p34 activity by PS-GAP/RHG10,pathwayCommons,pathwayCommons
http___identifiers.org_reactome_R-HSA-211733.sbgn,pathwayCommons,http://identifiers.org/reactome/R-HSA-211733,reactome,R-HSA-211733,Regulation of activated PAK-2p34 by proteasome mediated degradation,pathwayCommons,pathwayCommons
http___identifiers.org_reactome_R-HSA-211736.sbgn,pathwayCommons,http://identifiers.org/reactome/R-HSA-211736,reactome,R-HSA-211736,Stimulation of the cell death response by PAK-2p34,pathwayCommons,pathwayCommons
http___identifiers.org_reactome_R-HSA-211897.sbgn,pathwayCommons,http://identifiers.org/reactome/R-HSA-211897,reactome,R-HSA-211897,Cytochrome P450 - arranged by substrate type,pathwayCommons,pathwayCommons
http___identifiers.org_reactome_R-HSA-211916.sbgn,pathwayCommons,http://identifiers.org/reactome/R-HSA-211916,reactome,R-HSA-211916,Vitamins,pathwayCommons,pathwayCommons
http___identifiers.org_reactome_R-HSA-211935.sbgn,pathwayCommons,http://identifiers.org/reactome/R-HSA-211935,reactome,R-HSA-211935,Fatty acids,pathwayCommons,pathwayCommons
http___identifiers.org_reactome_R-HSA-211945.sbgn,pathwayCommons,http://identifiers.org/reactome/R-HSA-211945,reactome,R-HSA-211945,Phase I - Functionalization of compounds,pathwayCommons,pathwayCommons
http___identifiers.org_reactome_R-HSA-211957.sbgn,pathwayCommons,http://identifiers.org/reactome/R-HSA-211957,reactome,R-HSA-211957,Aromatic amines can be N-hydroxylated or N-dealkylated by CYP1A2,pathwayCommons,pathwayCommons
http___identifiers.org_reactome_R-HSA-211958.sbgn,pathwayCommons,http://identifiers.org/reactome/R-HSA-211958,reactome,R-HSA-211958,Miscellaneous substrates,pathwayCommons,pathwayCommons
http___identifiers.org_reactome_R-HSA-211976.sbgn,pathwayCommons,http://identifiers.org/reactome/R-HSA-211976,reactome,R-HSA-211976,Endogenous sterols,pathwayCommons,pathwayCommons
http___identifiers.org_reactome_R-HSA-211979.sbgn,pathwayCommons,http://identifiers.org/reactome/R-HSA-211979,reactome,R-HSA-211979,Eicosanoids,pathwayCommons,pathwayCommons
http___identifiers.org_reactome_R-HSA-211981.sbgn,pathwayCommons,http://identifiers.org/reactome/R-HSA-211981,reactome,R-HSA-211981,Xenobiotics,pathwayCommons,pathwayCommons
http___identifiers.org_reactome_R-HSA-211994.sbgn,pathwayCommons,http://identifiers.org/reactome/R-HSA-211994,reactome,R-HSA-211994,Sterols are 12-hydroxylated by CYP8B1,pathwayCommons,pathwayCommons
http___identifiers.org_reactome_R-HSA-211999.sbgn,pathwayCommons,http://identifiers.org/reactome/R-HSA-211999,reactome,R-HSA-211999,CYP2E1 reactions,pathwayCommons,pathwayCommons
http___identifiers.org_reactome_R-HSA-2122947.sbgn,pathwayCommons,http://identifiers.org/reactome/R-HSA-2122947,reactome,R-HSA-2122947,NOTCH1 Intracellular Domain Regulates Transcription,pathwayCommons,pathwayCommons
http___identifiers.org_reactome_R-HSA-2122948.sbgn,pathwayCommons,http://identifiers.org/reactome/R-HSA-2122948,reactome,R-HSA-2122948,Activated NOTCH1 Transmits Signal to the Nucleus,pathwayCommons,pathwayCommons
http___identifiers.org_reactome_R-HSA-212300.sbgn,pathwayCommons,http://identifiers.org/reactome/R-HSA-212300,reactome,R-HSA-212300,PRC2 methylates histones and DNA,pathwayCommons,pathwayCommons
http___identifiers.org_reactome_R-HSA-212436.sbgn,pathwayCommons,http://identifiers.org/reactome/R-HSA-212436,reactome,R-HSA-212436,Generic Transcription Pathway,pathwayCommons,pathwayCommons
http___identifiers.org_reactome_R-HSA-212676.sbgn,pathwayCommons,http://identifiers.org/reactome/R-HSA-212676,reactome,R-HSA-212676,Dopamine Neurotransmitter Release Cycle,pathwayCommons,pathwayCommons
http___identifiers.org_reactome_R-HSA-212718.sbgn,pathwayCommons,http://identifiers.org/reactome/R-HSA-212718,reactome,R-HSA-212718,EGFR interacts with phospholipase C-gamma,pathwayCommons,pathwayCommons
http___identifiers.org_reactome_R-HSA-2129379.sbgn,pathwayCommons,http://identifiers.org/reactome/R-HSA-2129379,reactome,R-HSA-2129379,Molecules associated with elastic fibres,pathwayCommons,pathwayCommons
http___identifiers.org_reactome_R-HSA-2132295.sbgn,pathwayCommons,http://identifiers.org/reactome/R-HSA-2132295,reactome,R-HSA-2132295,MHC class II antigen presentation,pathwayCommons,pathwayCommons
http___identifiers.org_reactome_R-HSA-2142670.sbgn,pathwayCommons,http://identifiers.org/reactome/R-HSA-2142670,reactome,R-HSA-2142670,Synthesis of epoxy (EET) and dihydroxyeicosatrienoic acids (DHET),pathwayCommons,pathwayCommons
http___identifiers.org_reactome_R-HSA-2142688.sbgn,pathwayCommons,http://identifiers.org/reactome/R-HSA-2142688,reactome,R-HSA-2142688,Synthesis of 5-eicosatetraenoic acids,pathwayCommons,pathwayCommons
http___identifiers.org_reactome_R-HSA-2142691.sbgn,pathwayCommons,http://identifiers.org/reactome/R-HSA-2142691,reactome,R-HSA-2142691,Synthesis of Leukotrienes (LT) and Eoxins (EX),pathwayCommons,pathwayCommons
http___identifiers.org_reactome_R-HSA-2142696.sbgn,pathwayCommons,http://identifiers.org/reactome/R-HSA-2142696,reactome,R-HSA-2142696,Synthesis of Hepoxilins (HX) and Trioxilins (TrX),pathwayCommons,pathwayCommons
http___identifiers.org_reactome_R-HSA-2142700.sbgn,pathwayCommons,http://identifiers.org/reactome/R-HSA-2142700,reactome,R-HSA-2142700,Synthesis of Lipoxins (LX),pathwayCommons,pathwayCommons
http___identifiers.org_reactome_R-HSA-2142712.sbgn,pathwayCommons,http://identifiers.org/reactome/R-HSA-2142712,reactome,R-HSA-2142712,Synthesis of 12-eicosatetraenoic acid derivatives,pathwayCommons,pathwayCommons
http___identifiers.org_reactome_R-HSA-2142753.sbgn,pathwayCommons,http://identifiers.org/reactome/R-HSA-2142753,reactome,R-HSA-2142753,Arachidonic acid metabolism,pathwayCommons,pathwayCommons
http___identifiers.org_reactome_R-HSA-2142770.sbgn,pathwayCommons,http://identifiers.org/reactome/R-HSA-2142770,reactome,R-HSA-2142770,Synthesis of 15-eicosatetraenoic acid derivatives,pathwayCommons,pathwayCommons
http___identifiers.org_reactome_R-HSA-2142789.sbgn,pathwayCommons,http://identifiers.org/reactome/R-HSA-2142789,reactome,R-HSA-2142789,Ubiquinol biosynthesis,pathwayCommons,pathwayCommons
http___identifiers.org_reactome_R-HSA-2142816.sbgn,pathwayCommons,http://identifiers.org/reactome/R-HSA-2142816,reactome,R-HSA-2142816,Synthesis of (16-20)-hydroxyeicosatetraenoic acids (HETE),pathwayCommons,pathwayCommons
http___identifiers.org_reactome_R-HSA-2142850.sbgn,pathwayCommons,http://identifiers.org/reactome/R-HSA-2142850,reactome,R-HSA-2142850,Hyaluronan biosynthesis and export,pathwayCommons,pathwayCommons
http___identifiers.org_reactome_R-HSA-2151201.sbgn,pathwayCommons,http://identifiers.org/reactome/R-HSA-2151201,reactome,R-HSA-2151201,Transcriptional activation of mitochondrial biogenesis,pathwayCommons,pathwayCommons
http___identifiers.org_reactome_R-HSA-2151209.sbgn,pathwayCommons,http://identifiers.org/reactome/R-HSA-2151209,reactome,R-HSA-2151209,Activation of PPARGC1A (PGC-1alpha) by phosphorylation,pathwayCommons,pathwayCommons
http___identifiers.org_reactome_R-HSA-2160456.sbgn,pathwayCommons,http://identifiers.org/reactome/R-HSA-2160456,reactome,R-HSA-2160456,Phenylketonuria,pathwayCommons,pathwayCommons
http___identifiers.org_reactome_R-HSA-216083.sbgn,pathwayCommons,http://identifiers.org/reactome/R-HSA-216083,reactome,R-HSA-216083,Integrin cell surface interactions,pathwayCommons,pathwayCommons
http___identifiers.org_reactome_R-HSA-2160916.sbgn,pathwayCommons,http://identifiers.org/reactome/R-HSA-2160916,reactome,R-HSA-2160916,Hyaluronan uptake and degradation,pathwayCommons,pathwayCommons
http___identifiers.org_reactome_R-HSA-2161517.sbgn,pathwayCommons,http://identifiers.org/reactome/R-HSA-2161517,reactome,R-HSA-2161517,Abacavir transmembrane transport,pathwayCommons,pathwayCommons
http___identifiers.org_reactome_R-HSA-2161541.sbgn,pathwayCommons,http://identifiers.org/reactome/R-HSA-2161541,reactome,R-HSA-2161541,Abacavir metabolism,pathwayCommons,pathwayCommons
http___identifiers.org_reactome_R-HSA-2162123.sbgn,pathwayCommons,http://identifiers.org/reactome/R-HSA-2162123,reactome,R-HSA-2162123,Synthesis of Prostaglandins (PG) and Thromboxanes (TX),pathwayCommons,pathwayCommons
http___identifiers.org_reactome_R-HSA-2168880.sbgn,pathwayCommons,http://identifiers.org/reactome/R-HSA-2168880,reactome,R-HSA-2168880,Scavenging of heme from plasma,pathwayCommons,pathwayCommons
http___identifiers.org_reactome_R-HSA-2172127.sbgn,pathwayCommons,http://identifiers.org/reactome/R-HSA-2172127,reactome,R-HSA-2172127,DAP12 interactions,pathwayCommons,pathwayCommons
http___identifiers.org_reactome_R-HSA-217271.sbgn,pathwayCommons,http://identifiers.org/reactome/R-HSA-217271,reactome,R-HSA-217271,FMO oxidises nucleophiles,pathwayCommons,pathwayCommons
http___identifiers.org_reactome_R-HSA-2173788.sbgn,pathwayCommons,http://identifiers.org/reactome/R-HSA-2173788,reactome,R-HSA-2173788,Downregulation of TGF-beta receptor signaling,pathwayCommons,pathwayCommons
http___identifiers.org_reactome_R-HSA-2173789.sbgn,pathwayCommons,http://identifiers.org/reactome/R-HSA-2173789,reactome,R-HSA-2173789,TGF-beta receptor signaling activates SMADs,pathwayCommons,pathwayCommons
http___identifiers.org_reactome_R-HSA-2173791.sbgn,pathwayCommons,http://identifiers.org/reactome/R-HSA-2173791,reactome,R-HSA-2173791,TGF-beta receptor signaling in EMT (epithelial to mesenchymal transition),pathwayCommons,pathwayCommons
http___identifiers.org_reactome_R-HSA-2173795.sbgn,pathwayCommons,http://identifiers.org/reactome/R-HSA-2173795,reactome,R-HSA-2173795,Downregulation of SMAD2/3:SMAD4 transcriptional activity,pathwayCommons,pathwayCommons
http___identifiers.org_reactome_R-HSA-2173796.sbgn,pathwayCommons,http://identifiers.org/reactome/R-HSA-2173796,reactome,R-HSA-2173796,SMAD2/SMAD3:SMAD4 heterotrimer regulates transcription,pathwayCommons,pathwayCommons
http___identifiers.org_reactome_R-HSA-2179392.sbgn,pathwayCommons,http://identifiers.org/reactome/R-HSA-2179392,reactome,R-HSA-2179392,EGFR Transactivation by Gastrin,pathwayCommons,pathwayCommons
http___identifiers.org_reactome_R-HSA-2187335.sbgn,pathwayCommons,http://identifiers.org/reactome/R-HSA-2187335,reactome,R-HSA-2187335,The retinoid cycle in cones (daylight vision),pathwayCommons,pathwayCommons
http___identifiers.org_reactome_R-HSA-2197563.sbgn,pathwayCommons,http://identifiers.org/reactome/R-HSA-2197563,reactome,R-HSA-2197563,NOTCH2 intracellular domain regulates transcription,pathwayCommons,pathwayCommons
http___identifiers.org_reactome_R-HSA-2206280.sbgn,pathwayCommons,http://identifiers.org/reactome/R-HSA-2206280,reactome,R-HSA-2206280,MPS IX - Natowicz syndrome,pathwayCommons,pathwayCommons
http___identifiers.org_reactome_R-HSA-2206282.sbgn,pathwayCommons,http://identifiers.org/reactome/R-HSA-2206282,reactome,R-HSA-2206282,MPS IIIB - Sanfilippo syndrome B,pathwayCommons,pathwayCommons
http___identifiers.org_reactome_R-HSA-2206285.sbgn,pathwayCommons,http://identifiers.org/reactome/R-HSA-2206285,reactome,R-HSA-2206285,MPS VI - Maroteaux-Lamy syndrome,pathwayCommons,pathwayCommons
http___identifiers.org_reactome_R-HSA-2206290.sbgn,pathwayCommons,http://identifiers.org/reactome/R-HSA-2206290,reactome,R-HSA-2206290,MPS IV - Morquio syndrome A,pathwayCommons,pathwayCommons
http___identifiers.org_reactome_R-HSA-2206291.sbgn,pathwayCommons,http://identifiers.org/reactome/R-HSA-2206291,reactome,R-HSA-2206291,MPS IIIC - Sanfilippo syndrome C,pathwayCommons,pathwayCommons
http___identifiers.org_reactome_R-HSA-2206292.sbgn,pathwayCommons,http://identifiers.org/reactome/R-HSA-2206292,reactome,R-HSA-2206292,MPS VII - Sly syndrome,pathwayCommons,pathwayCommons
http___identifiers.org_reactome_R-HSA-2206296.sbgn,pathwayCommons,http://identifiers.org/reactome/R-HSA-2206296,reactome,R-HSA-2206296,MPS II - Hunter syndrome,pathwayCommons,pathwayCommons
http___identifiers.org_reactome_R-HSA-2206302.sbgn,pathwayCommons,http://identifiers.org/reactome/R-HSA-2206302,reactome,R-HSA-2206302,MPS I - Hurler syndrome,pathwayCommons,pathwayCommons
http___identifiers.org_reactome_R-HSA-2206305.sbgn,pathwayCommons,http://identifiers.org/reactome/R-HSA-2206305,reactome,R-HSA-2206305,MPS IIID - Sanfilippo syndrome D,pathwayCommons,pathwayCommons
http___identifiers.org_reactome_R-HSA-2206307.sbgn,pathwayCommons,http://identifiers.org/reactome/R-HSA-2206307,reactome,R-HSA-2206307,MPS IIIA - Sanfilippo syndrome A,pathwayCommons,pathwayCommons
http___identifiers.org_reactome_R-HSA-2206308.sbgn,pathwayCommons,http://identifiers.org/reactome/R-HSA-2206308,reactome,R-HSA-2206308,MPS IV - Morquio syndrome B,pathwayCommons,pathwayCommons
http___identifiers.org_reactome_R-HSA-2214320.sbgn,pathwayCommons,http://identifiers.org/reactome/R-HSA-2214320,reactome,R-HSA-2214320,Anchoring fibril formation,pathwayCommons,pathwayCommons
http___identifiers.org_reactome_R-HSA-2219530.sbgn,pathwayCommons,http://identifiers.org/reactome/R-HSA-2219530,reactome,R-HSA-2219530,Constitutive Signaling by Aberrant PI3K in Cancer,pathwayCommons,pathwayCommons
http___identifiers.org_reactome_R-HSA-2243919.sbgn,pathwayCommons,http://identifiers.org/reactome/R-HSA-2243919,reactome,R-HSA-2243919,Crosslinking of collagen fibrils,pathwayCommons,pathwayCommons
http___identifiers.org_reactome_R-HSA-2299718.sbgn,pathwayCommons,http://identifiers.org/reactome/R-HSA-2299718,reactome,R-HSA-2299718,Condensation of Prophase Chromosomes,pathwayCommons,pathwayCommons
http___identifiers.org_reactome_R-HSA-2393930.sbgn,pathwayCommons,http://identifiers.org/reactome/R-HSA-2393930,reactome,R-HSA-2393930,Phosphate bond hydrolysis by NUDT proteins,pathwayCommons,pathwayCommons
http___identifiers.org_reactome_R-HSA-2395516.sbgn,pathwayCommons,http://identifiers.org/reactome/R-HSA-2395516,reactome,R-HSA-2395516,Electron transport from NADPH to Ferredoxin,pathwayCommons,pathwayCommons
http___identifiers.org_reactome_R-HSA-2404192.sbgn,pathwayCommons,http://identifiers.org/reactome/R-HSA-2404192,reactome,R-HSA-2404192,Signaling by Type 1 Insulin-like Growth Factor 1 Receptor (IGF1R),pathwayCommons,pathwayCommons
http___identifiers.org_reactome_R-HSA-2408499.sbgn,pathwayCommons,http://identifiers.org/reactome/R-HSA-2408499,reactome,R-HSA-2408499,Formation of selenosugars for excretion,pathwayCommons,pathwayCommons
http___identifiers.org_reactome_R-HSA-2408508.sbgn,pathwayCommons,http://identifiers.org/reactome/R-HSA-2408508,reactome,R-HSA-2408508,"""Metabolism of ingested SeMet, Sec, MeSec into H2Se""",pathwayCommons,pathwayCommons
http___identifiers.org_reactome_R-HSA-2408517.sbgn,pathwayCommons,http://identifiers.org/reactome/R-HSA-2408517,reactome,R-HSA-2408517,SeMet incorporation into proteins,pathwayCommons,pathwayCommons
http___identifiers.org_reactome_R-HSA-2408550.sbgn,pathwayCommons,http://identifiers.org/reactome/R-HSA-2408550,reactome,R-HSA-2408550,Metabolism of ingested H2SeO4 and H2SeO3 into H2Se,pathwayCommons,pathwayCommons
http___identifiers.org_reactome_R-HSA-2408552.sbgn,pathwayCommons,http://identifiers.org/reactome/R-HSA-2408552,reactome,R-HSA-2408552,Methylation of MeSeH for excretion,pathwayCommons,pathwayCommons
http___identifiers.org_reactome_R-HSA-2408557.sbgn,pathwayCommons,http://identifiers.org/reactome/R-HSA-2408557,reactome,R-HSA-2408557,Selenocysteine synthesis,pathwayCommons,pathwayCommons
http___identifiers.org_reactome_R-HSA-2424491.sbgn,pathwayCommons,http://identifiers.org/reactome/R-HSA-2424491,reactome,R-HSA-2424491,DAP12 signaling,pathwayCommons,pathwayCommons
http___identifiers.org_reactome_R-HSA-2426168.sbgn,pathwayCommons,http://identifiers.org/reactome/R-HSA-2426168,reactome,R-HSA-2426168,Activation of gene expression by SREBF (SREBP),pathwayCommons,pathwayCommons
http___identifiers.org_reactome_R-HSA-2428928.sbgn,pathwayCommons,http://identifiers.org/reactome/R-HSA-2428928,reactome,R-HSA-2428928,IRS-related events triggered by IGF1R,pathwayCommons,pathwayCommons
http___identifiers.org_reactome_R-HSA-2428933.sbgn,pathwayCommons,http://identifiers.org/reactome/R-HSA-2428933,reactome,R-HSA-2428933,SHC-related events triggered by IGF1R,pathwayCommons,pathwayCommons
http___identifiers.org_reactome_R-HSA-2453864.sbgn,pathwayCommons,http://identifiers.org/reactome/R-HSA-2453864,reactome,R-HSA-2453864,Retinoid cycle disease events,pathwayCommons,pathwayCommons
http___identifiers.org_reactome_R-HSA-2453902.sbgn,pathwayCommons,http://identifiers.org/reactome/R-HSA-2453902,reactome,R-HSA-2453902,The canonical retinoid cycle in rods (twilight vision),pathwayCommons,pathwayCommons
http___identifiers.org_reactome_R-HSA-2454202.sbgn,pathwayCommons,http://identifiers.org/reactome/R-HSA-2454202,reactome,R-HSA-2454202,Fc epsilon receptor (FCERI) signaling,pathwayCommons,pathwayCommons
http___identifiers.org_reactome_R-HSA-2465910.sbgn,pathwayCommons,http://identifiers.org/reactome/R-HSA-2465910,reactome,R-HSA-2465910,MASTL Facilitates Mitotic Progression,pathwayCommons,pathwayCommons
http___identifiers.org_reactome_R-HSA-2466712.sbgn,pathwayCommons,http://identifiers.org/reactome/R-HSA-2466712,reactome,R-HSA-2466712,"""Biosynthesis of A2E, implicated in retinal degradation""",pathwayCommons,pathwayCommons
http___identifiers.org_reactome_R-HSA-2467813.sbgn,pathwayCommons,http://identifiers.org/reactome/R-HSA-2467813,reactome,R-HSA-2467813,Separation of Sister Chromatids,pathwayCommons,pathwayCommons
http___identifiers.org_reactome_R-HSA-2468052.sbgn,pathwayCommons,http://identifiers.org/reactome/R-HSA-2468052,reactome,R-HSA-2468052,Establishment of Sister Chromatid Cohesion,pathwayCommons,pathwayCommons
http___identifiers.org_reactome_R-HSA-2470946.sbgn,pathwayCommons,http://identifiers.org/reactome/R-HSA-2470946,reactome,R-HSA-2470946,Cohesin Loading onto Chromatin,pathwayCommons,pathwayCommons
http___identifiers.org_reactome_R-HSA-2473224.sbgn,pathwayCommons,http://identifiers.org/reactome/R-HSA-2473224,reactome,R-HSA-2473224,Antagonism of Activin by Follistatin,pathwayCommons,pathwayCommons
http___identifiers.org_reactome_R-HSA-2485179.sbgn,pathwayCommons,http://identifiers.org/reactome/R-HSA-2485179,reactome,R-HSA-2485179,Activation of the phototransduction cascade,pathwayCommons,pathwayCommons
http___identifiers.org_reactome_R-HSA-2500257.sbgn,pathwayCommons,http://identifiers.org/reactome/R-HSA-2500257,reactome,R-HSA-2500257,Resolution of Sister Chromatid Cohesion,pathwayCommons,pathwayCommons
http___identifiers.org_reactome_R-HSA-2514853.sbgn,pathwayCommons,http://identifiers.org/reactome/R-HSA-2514853,reactome,R-HSA-2514853,Condensation of Prometaphase Chromosomes,pathwayCommons,pathwayCommons
http___identifiers.org_reactome_R-HSA-2514859.sbgn,pathwayCommons,http://identifiers.org/reactome/R-HSA-2514859,reactome,R-HSA-2514859,"""Inactivation, recovery and regulation of the phototransduction cascade""",pathwayCommons,pathwayCommons
http___identifiers.org_reactome_R-HSA-2534343.sbgn,pathwayCommons,http://identifiers.org/reactome/R-HSA-2534343,reactome,R-HSA-2534343,Interaction With Cumulus Cells,pathwayCommons,pathwayCommons
http___identifiers.org_reactome_R-HSA-2559580.sbgn,pathwayCommons,http://identifiers.org/reactome/R-HSA-2559580,reactome,R-HSA-2559580,Oxidative Stress Induced Senescence,pathwayCommons,pathwayCommons
http___identifiers.org_reactome_R-HSA-2559582.sbgn,pathwayCommons,http://identifiers.org/reactome/R-HSA-2559582,reactome,R-HSA-2559582,Senescence-Associated Secretory Phenotype (SASP),pathwayCommons,pathwayCommons
http___identifiers.org_reactome_R-HSA-2559584.sbgn,pathwayCommons,http://identifiers.org/reactome/R-HSA-2559584,reactome,R-HSA-2559584,Formation of Senescence-Associated Heterochromatin Foci (SAHF),pathwayCommons,pathwayCommons
http___identifiers.org_reactome_R-HSA-2559585.sbgn,pathwayCommons,http://identifiers.org/reactome/R-HSA-2559585,reactome,R-HSA-2559585,Oncogene Induced Senescence,pathwayCommons,pathwayCommons
http___identifiers.org_reactome_R-HSA-2559586.sbgn,pathwayCommons,http://identifiers.org/reactome/R-HSA-2559586,reactome,R-HSA-2559586,DNA Damage/Telomere Stress Induced Senescence,pathwayCommons,pathwayCommons
http___identifiers.org_reactome_R-HSA-2562578.sbgn,pathwayCommons,http://identifiers.org/reactome/R-HSA-2562578,reactome,R-HSA-2562578,TRIF-mediated programmed cell death,pathwayCommons,pathwayCommons
http___identifiers.org_reactome_R-HSA-2562597.sbgn,pathwayCommons,http://identifiers.org/reactome/R-HSA-2562597,reactome,R-HSA-2562597,Optineurin and Myosin Phosphatase Negatively Regulate PLK1,pathwayCommons,pathwayCommons
http___identifiers.org_reactome_R-HSA-2564830.sbgn,pathwayCommons,http://identifiers.org/reactome/R-HSA-2564830,reactome,R-HSA-2564830,Cytosolic iron-sulfur cluster assembly,pathwayCommons,pathwayCommons
http___identifiers.org_reactome_R-HSA-2565942.sbgn,pathwayCommons,http://identifiers.org/reactome/R-HSA-2565942,reactome,R-HSA-2565942,Regulation of PLK1 Activity at G2/M Transition,pathwayCommons,pathwayCommons
http___identifiers.org_reactome_R-HSA-2586552.sbgn,pathwayCommons,http://identifiers.org/reactome/R-HSA-2586552,reactome,R-HSA-2586552,Signaling by Leptin,pathwayCommons,pathwayCommons
http___identifiers.org_reactome_R-HSA-2644607.sbgn,pathwayCommons,http://identifiers.org/reactome/R-HSA-2644607,reactome,R-HSA-2644607,Loss of Function of FBXW7 in Cancer and NOTCH1 Signaling,pathwayCommons,pathwayCommons
http___identifiers.org_reactome_R-HSA-264642.sbgn,pathwayCommons,http://identifiers.org/reactome/R-HSA-264642,reactome,R-HSA-264642,Acetylcholine Neurotransmitter Release Cycle,pathwayCommons,pathwayCommons
http___identifiers.org_reactome_R-HSA-264870.sbgn,pathwayCommons,http://identifiers.org/reactome/R-HSA-264870,reactome,R-HSA-264870,Caspase-mediated cleavage of cytoskeletal proteins,pathwayCommons,pathwayCommons
http___identifiers.org_reactome_R-HSA-264876.sbgn,pathwayCommons,http://identifiers.org/reactome/R-HSA-264876,reactome,R-HSA-264876,Insulin processing,pathwayCommons,pathwayCommons
http___identifiers.org_reactome_R-HSA-2660826.sbgn,pathwayCommons,http://identifiers.org/reactome/R-HSA-2660826,reactome,R-HSA-2660826,Constitutive Signaling by NOTCH1 t(7;9)(NOTCH1:M1580_K2555) Translocation Mutant,pathwayCommons,pathwayCommons
http___identifiers.org_reactome_R-HSA-2672351.sbgn,pathwayCommons,http://identifiers.org/reactome/R-HSA-2672351,reactome,R-HSA-2672351,Stimuli-sensing channels,pathwayCommons,pathwayCommons
http___identifiers.org_reactome_R-HSA-2682334.sbgn,pathwayCommons,http://identifiers.org/reactome/R-HSA-2682334,reactome,R-HSA-2682334,EPH-Ephrin signaling,pathwayCommons,pathwayCommons
http___identifiers.org_reactome_R-HSA-2730905.sbgn,pathwayCommons,http://identifiers.org/reactome/R-HSA-2730905,reactome,R-HSA-2730905,Role of LAT2/NTAL/LAB on calcium mobilization,pathwayCommons,pathwayCommons
http___identifiers.org_reactome_R-HSA-2855086.sbgn,pathwayCommons,http://identifiers.org/reactome/R-HSA-2855086,reactome,R-HSA-2855086,Ficolins bind to repetitive carbohydrate structures on the target cell surface,pathwayCommons,pathwayCommons
http___identifiers.org_reactome_R-HSA-2871796.sbgn,pathwayCommons,http://identifiers.org/reactome/R-HSA-2871796,reactome,R-HSA-2871796,FCERI mediated MAPK activation,pathwayCommons,pathwayCommons
http___identifiers.org_reactome_R-HSA-2871809.sbgn,pathwayCommons,http://identifiers.org/reactome/R-HSA-2871809,reactome,R-HSA-2871809,FCERI mediated Ca+2 mobilization,pathwayCommons,pathwayCommons
http___identifiers.org_reactome_R-HSA-2871837.sbgn,pathwayCommons,http://identifiers.org/reactome/R-HSA-2871837,reactome,R-HSA-2871837,FCERI mediated NF-kB activation,pathwayCommons,pathwayCommons
http___identifiers.org_reactome_R-HSA-2892245.sbgn,pathwayCommons,http://identifiers.org/reactome/R-HSA-2892245,reactome,R-HSA-2892245,"""POU5F1 (OCT4), SOX2, NANOG repress genes related to differentiation""",pathwayCommons,pathwayCommons
http___identifiers.org_reactome_R-HSA-2892247.sbgn,pathwayCommons,http://identifiers.org/reactome/R-HSA-2892247,reactome,R-HSA-2892247,"""POU5F1 (OCT4), SOX2, NANOG activate genes related to proliferation""",pathwayCommons,pathwayCommons
http___identifiers.org_reactome_R-HSA-2978092.sbgn,pathwayCommons,http://identifiers.org/reactome/R-HSA-2978092,reactome,R-HSA-2978092,Abnormal conversion of 2-oxoglutarate to 2-hydroxyglutarate,pathwayCommons,pathwayCommons
http___identifiers.org_reactome_R-HSA-2979096.sbgn,pathwayCommons,http://identifiers.org/reactome/R-HSA-2979096,reactome,R-HSA-2979096,NOTCH2 Activation and Transmission of Signal to the Nucleus,pathwayCommons,pathwayCommons
http___identifiers.org_reactome_R-HSA-2980767.sbgn,pathwayCommons,http://identifiers.org/reactome/R-HSA-2980767,reactome,R-HSA-2980767,"""Activation of NIMA Kinases NEK9, NEK6, NEK7""",pathwayCommons,pathwayCommons
http___identifiers.org_reactome_R-HSA-2993913.sbgn,pathwayCommons,http://identifiers.org/reactome/R-HSA-2993913,reactome,R-HSA-2993913,Clearance of Nuclear Envelope Membranes from Chromatin,pathwayCommons,pathwayCommons
http___identifiers.org_reactome_R-HSA-2995383.sbgn,pathwayCommons,http://identifiers.org/reactome/R-HSA-2995383,reactome,R-HSA-2995383,Initiation of Nuclear Envelope Reformation,pathwayCommons,pathwayCommons
http___identifiers.org_reactome_R-HSA-3000157.sbgn,pathwayCommons,http://identifiers.org/reactome/R-HSA-3000157,reactome,R-HSA-3000157,Laminin interactions,pathwayCommons,pathwayCommons
http___identifiers.org_reactome_R-HSA-3000170.sbgn,pathwayCommons,http://identifiers.org/reactome/R-HSA-3000170,reactome,R-HSA-3000170,Syndecan interactions,pathwayCommons,pathwayCommons
http___identifiers.org_reactome_R-HSA-3000171.sbgn,pathwayCommons,http://identifiers.org/reactome/R-HSA-3000171,reactome,R-HSA-3000171,Non-integrin membrane-ECM interactions,pathwayCommons,pathwayCommons
http___identifiers.org_reactome_R-HSA-3000178.sbgn,pathwayCommons,http://identifiers.org/reactome/R-HSA-3000178,reactome,R-HSA-3000178,ECM proteoglycans,pathwayCommons,pathwayCommons
http___identifiers.org_reactome_R-HSA-3000471.sbgn,pathwayCommons,http://identifiers.org/reactome/R-HSA-3000471,reactome,R-HSA-3000471,Scavenging by Class B Receptors,pathwayCommons,pathwayCommons
http___identifiers.org_reactome_R-HSA-3000480.sbgn,pathwayCommons,http://identifiers.org/reactome/R-HSA-3000480,reactome,R-HSA-3000480,Scavenging by Class A Receptors,pathwayCommons,pathwayCommons
http___identifiers.org_reactome_R-HSA-3000484.sbgn,pathwayCommons,http://identifiers.org/reactome/R-HSA-3000484,reactome,R-HSA-3000484,Scavenging by Class F Receptors,pathwayCommons,pathwayCommons
http___identifiers.org_reactome_R-HSA-3000497.sbgn,pathwayCommons,http://identifiers.org/reactome/R-HSA-3000497,reactome,R-HSA-3000497,Scavenging by Class H Receptors,pathwayCommons,pathwayCommons
http___identifiers.org_reactome_R-HSA-3065676.sbgn,pathwayCommons,http://identifiers.org/reactome/R-HSA-3065676,reactome,R-HSA-3065676,SUMO is conjugated to E1 (UBA2:SAE1),pathwayCommons,pathwayCommons
http___identifiers.org_reactome_R-HSA-3065678.sbgn,pathwayCommons,http://identifiers.org/reactome/R-HSA-3065678,reactome,R-HSA-3065678,"""SUMO is transferred from E1 to E2 (UBE2I, UBC9)""",pathwayCommons,pathwayCommons
http___identifiers.org_reactome_R-HSA-3065679.sbgn,pathwayCommons,http://identifiers.org/reactome/R-HSA-3065679,reactome,R-HSA-3065679,SUMO is proteolytically processed,pathwayCommons,pathwayCommons
http___identifiers.org_reactome_R-HSA-3108214.sbgn,pathwayCommons,http://identifiers.org/reactome/R-HSA-3108214,reactome,R-HSA-3108214,SUMOylation of DNA damage response and repair proteins,pathwayCommons,pathwayCommons
http___identifiers.org_reactome_R-HSA-3134963.sbgn,pathwayCommons,http://identifiers.org/reactome/R-HSA-3134963,reactome,R-HSA-3134963,DEx/H-box helicases activate type I IFN and inflammatory cytokines production,pathwayCommons,pathwayCommons
http___identifiers.org_reactome_R-HSA-3134973.sbgn,pathwayCommons,http://identifiers.org/reactome/R-HSA-3134973,reactome,R-HSA-3134973,LRR FLII-interacting protein 1 (LRRFIP1) activates type I IFN production,pathwayCommons,pathwayCommons
http___identifiers.org_reactome_R-HSA-3134975.sbgn,pathwayCommons,http://identifiers.org/reactome/R-HSA-3134975,reactome,R-HSA-3134975,Regulation of innate immune responses to cytosolic DNA,pathwayCommons,pathwayCommons
http___identifiers.org_reactome_R-HSA-3214815.sbgn,pathwayCommons,http://identifiers.org/reactome/R-HSA-3214815,reactome,R-HSA-3214815,HDACs deacetylate histones,pathwayCommons,pathwayCommons
http___identifiers.org_reactome_R-HSA-3214841.sbgn,pathwayCommons,http://identifiers.org/reactome/R-HSA-3214841,reactome,R-HSA-3214841,PKMTs methylate histone lysines,pathwayCommons,pathwayCommons
http___identifiers.org_reactome_R-HSA-3214842.sbgn,pathwayCommons,http://identifiers.org/reactome/R-HSA-3214842,reactome,R-HSA-3214842,HDMs demethylate histones,pathwayCommons,pathwayCommons
http___identifiers.org_reactome_R-HSA-3214847.sbgn,pathwayCommons,http://identifiers.org/reactome/R-HSA-3214847,reactome,R-HSA-3214847,HATs acetylate histones,pathwayCommons,pathwayCommons
http___identifiers.org_reactome_R-HSA-3214858.sbgn,pathwayCommons,http://identifiers.org/reactome/R-HSA-3214858,reactome,R-HSA-3214858,RMTs methylate histone arginines,pathwayCommons,pathwayCommons
http___identifiers.org_reactome_R-HSA-3229133.sbgn,pathwayCommons,http://identifiers.org/reactome/R-HSA-3229133,reactome,R-HSA-3229133,GSD Ib,pathwayCommons,pathwayCommons
http___identifiers.org_reactome_R-HSA-3232118.sbgn,pathwayCommons,http://identifiers.org/reactome/R-HSA-3232118,reactome,R-HSA-3232118,SUMOylation of transcription factors,pathwayCommons,pathwayCommons
http___identifiers.org_reactome_R-HSA-3238698.sbgn,pathwayCommons,http://identifiers.org/reactome/R-HSA-3238698,reactome,R-HSA-3238698,WNT ligand biogenesis and trafficking,pathwayCommons,pathwayCommons
http___identifiers.org_reactome_R-HSA-3247509.sbgn,pathwayCommons,http://identifiers.org/reactome/R-HSA-3247509,reactome,R-HSA-3247509,Chromatin modifying enzymes,pathwayCommons,pathwayCommons
http___identifiers.org_reactome_R-HSA-3248023.sbgn,pathwayCommons,http://identifiers.org/reactome/R-HSA-3248023,reactome,R-HSA-3248023,Regulation by TREX1,pathwayCommons,pathwayCommons
http___identifiers.org_reactome_R-HSA-3249367.sbgn,pathwayCommons,http://identifiers.org/reactome/R-HSA-3249367,reactome,R-HSA-3249367,STAT6-mediated induction of chemokines,pathwayCommons,pathwayCommons
http___identifiers.org_reactome_R-HSA-3270619.sbgn,pathwayCommons,http://identifiers.org/reactome/R-HSA-3270619,reactome,R-HSA-3270619,IRF3-mediated induction of type I IFN,pathwayCommons,pathwayCommons
http___identifiers.org_reactome_R-HSA-3274531.sbgn,pathwayCommons,http://identifiers.org/reactome/R-HSA-3274531,reactome,R-HSA-3274531,GSD Ia,pathwayCommons,pathwayCommons
http___identifiers.org_reactome_R-HSA-3282872.sbgn,pathwayCommons,http://identifiers.org/reactome/R-HSA-3282872,reactome,R-HSA-3282872,SCN4,pathwayCommons,pathwayCommons
http___identifiers.org_reactome_R-HSA-3295583.sbgn,pathwayCommons,http://identifiers.org/reactome/R-HSA-3295583,reactome,R-HSA-3295583,TRP channels,pathwayCommons,pathwayCommons
http___identifiers.org_reactome_R-HSA-3296197.sbgn,pathwayCommons,http://identifiers.org/reactome/R-HSA-3296197,reactome,R-HSA-3296197,Hydroxycarboxylic acid-binding receptors,pathwayCommons,pathwayCommons
http___identifiers.org_reactome_R-HSA-3299685.sbgn,pathwayCommons,http://identifiers.org/reactome/R-HSA-3299685,reactome,R-HSA-3299685,Detoxification of Reactive Oxygen Species,pathwayCommons,pathwayCommons
http___identifiers.org_reactome_R-HSA-3301854.sbgn,pathwayCommons,http://identifiers.org/reactome/R-HSA-3301854,reactome,R-HSA-3301854,Nuclear Pore Complex (NPC) Disassembly,pathwayCommons,pathwayCommons
http___identifiers.org_reactome_R-HSA-3304356.sbgn,pathwayCommons,http://identifiers.org/reactome/R-HSA-3304356,reactome,R-HSA-3304356,SMAD2/3 Phosphorylation Motif Mutants in Cancer,pathwayCommons,pathwayCommons
http___identifiers.org_reactome_R-HSA-3311021.sbgn,pathwayCommons,http://identifiers.org/reactome/R-HSA-3311021,reactome,R-HSA-3311021,SMAD4 MH2 Domain Mutants in Cancer,pathwayCommons,pathwayCommons
http___identifiers.org_reactome_R-HSA-3315487.sbgn,pathwayCommons,http://identifiers.org/reactome/R-HSA-3315487,reactome,R-HSA-3315487,SMAD2/3 MH2 Domain Mutants in Cancer,pathwayCommons,pathwayCommons
http___identifiers.org_reactome_R-HSA-3322077.sbgn,pathwayCommons,http://identifiers.org/reactome/R-HSA-3322077,reactome,R-HSA-3322077,Glycogen synthesis,pathwayCommons,pathwayCommons
http___identifiers.org_reactome_R-HSA-3359454.sbgn,pathwayCommons,http://identifiers.org/reactome/R-HSA-3359454,reactome,R-HSA-3359454,Defective TCN2 causes hereditary megaloblastic anemia,pathwayCommons,pathwayCommons
http___identifiers.org_reactome_R-HSA-3359457.sbgn,pathwayCommons,http://identifiers.org/reactome/R-HSA-3359457,reactome,R-HSA-3359457,Defective GIF causes intrinsic factor deficiency,pathwayCommons,pathwayCommons
http___identifiers.org_reactome_R-HSA-3359458.sbgn,pathwayCommons,http://identifiers.org/reactome/R-HSA-3359458,reactome,R-HSA-3359458,Defective LMBRD1 causes methylmalonic aciduria and homocystinuria type cblF,pathwayCommons,pathwayCommons
http___identifiers.org_reactome_R-HSA-3359462.sbgn,pathwayCommons,http://identifiers.org/reactome/R-HSA-3359462,reactome,R-HSA-3359462,Defective AMN causes hereditary megaloblastic anemia 1,pathwayCommons,pathwayCommons
http___identifiers.org_reactome_R-HSA-3359463.sbgn,pathwayCommons,http://identifiers.org/reactome/R-HSA-3359463,reactome,R-HSA-3359463,Defective CUBN causes hereditary megaloblastic anemia 1,pathwayCommons,pathwayCommons
http___identifiers.org_reactome_R-HSA-3359467.sbgn,pathwayCommons,http://identifiers.org/reactome/R-HSA-3359467,reactome,R-HSA-3359467,Defective MTRR causes methylmalonic aciduria and homocystinuria type cblE,pathwayCommons,pathwayCommons
http___identifiers.org_reactome_R-HSA-3359469.sbgn,pathwayCommons,http://identifiers.org/reactome/R-HSA-3359469,reactome,R-HSA-3359469,Defective MTR causes methylmalonic aciduria and homocystinuria type cblG,pathwayCommons,pathwayCommons
http___identifiers.org_reactome_R-HSA-3359471.sbgn,pathwayCommons,http://identifiers.org/reactome/R-HSA-3359471,reactome,R-HSA-3359471,Defective MMAB causes methylmalonic aciduria type cblB,pathwayCommons,pathwayCommons
http___identifiers.org_reactome_R-HSA-3359473.sbgn,pathwayCommons,http://identifiers.org/reactome/R-HSA-3359473,reactome,R-HSA-3359473,Defective MMADHC causes methylmalonic aciduria and homocystinuria type cblD,pathwayCommons,pathwayCommons
http___identifiers.org_reactome_R-HSA-3359474.sbgn,pathwayCommons,http://identifiers.org/reactome/R-HSA-3359474,reactome,R-HSA-3359474,Defective MMACHC causes methylmalonic aciduria and homocystinuria type cblC,pathwayCommons,pathwayCommons
http___identifiers.org_reactome_R-HSA-3359475.sbgn,pathwayCommons,http://identifiers.org/reactome/R-HSA-3359475,reactome,R-HSA-3359475,Defective MMAA causes methylmalonic aciduria type cblA,pathwayCommons,pathwayCommons
http___identifiers.org_reactome_R-HSA-3359478.sbgn,pathwayCommons,http://identifiers.org/reactome/R-HSA-3359478,reactome,R-HSA-3359478,Defective MUT causes methylmalonic aciduria mut type,pathwayCommons,pathwayCommons
http___identifiers.org_reactome_R-HSA-3359485.sbgn,pathwayCommons,http://identifiers.org/reactome/R-HSA-3359485,reactome,R-HSA-3359485,Defective CD320 causes methylmalonic aciduria,pathwayCommons,pathwayCommons
http___identifiers.org_reactome_R-HSA-3371378.sbgn,pathwayCommons,http://identifiers.org/reactome/R-HSA-3371378,reactome,R-HSA-3371378,Regulation by c-FLIP,pathwayCommons,pathwayCommons
http___identifiers.org_reactome_R-HSA-3371453.sbgn,pathwayCommons,http://identifiers.org/reactome/R-HSA-3371453,reactome,R-HSA-3371453,Regulation of HSF1-mediated heat shock response,pathwayCommons,pathwayCommons
http___identifiers.org_reactome_R-HSA-3371497.sbgn,pathwayCommons,http://identifiers.org/reactome/R-HSA-3371497,reactome,R-HSA-3371497,HSP90 chaperone cycle for SHRs,pathwayCommons,pathwayCommons
http___identifiers.org_reactome_R-HSA-3371511.sbgn,pathwayCommons,http://identifiers.org/reactome/R-HSA-3371511,reactome,R-HSA-3371511,HSF1 activation,pathwayCommons,pathwayCommons
http___identifiers.org_reactome_R-HSA-3371568.sbgn,pathwayCommons,http://identifiers.org/reactome/R-HSA-3371568,reactome,R-HSA-3371568,Attenuation phase,pathwayCommons,pathwayCommons
http___identifiers.org_reactome_R-HSA-3371571.sbgn,pathwayCommons,http://identifiers.org/reactome/R-HSA-3371571,reactome,R-HSA-3371571,HSF1-dependent transactivation,pathwayCommons,pathwayCommons
http___identifiers.org_reactome_R-HSA-3371598.sbgn,pathwayCommons,http://identifiers.org/reactome/R-HSA-3371598,reactome,R-HSA-3371598,Defective BTD causes biotidinase deficiency,pathwayCommons,pathwayCommons
http___identifiers.org_reactome_R-HSA-3371599.sbgn,pathwayCommons,http://identifiers.org/reactome/R-HSA-3371599,reactome,R-HSA-3371599,Defective HLCS causes multiple carboxylase deficiency,pathwayCommons,pathwayCommons
http___identifiers.org_reactome_R-HSA-349425.sbgn,pathwayCommons,http://identifiers.org/reactome/R-HSA-349425,reactome,R-HSA-349425,Autodegradation of the E3 ubiquitin ligase COP1,pathwayCommons,pathwayCommons
http___identifiers.org_reactome_R-HSA-350054.sbgn,pathwayCommons,http://identifiers.org/reactome/R-HSA-350054,reactome,R-HSA-350054,Notch-HLH transcription pathway,pathwayCommons,pathwayCommons
http___identifiers.org_reactome_R-HSA-350562.sbgn,pathwayCommons,http://identifiers.org/reactome/R-HSA-350562,reactome,R-HSA-350562,Regulation of ornithine decarboxylase (ODC),pathwayCommons,pathwayCommons
http___identifiers.org_reactome_R-HSA-350864.sbgn,pathwayCommons,http://identifiers.org/reactome/R-HSA-350864,reactome,R-HSA-350864,Regulation of thyroid hormone activity,pathwayCommons,pathwayCommons
http___identifiers.org_reactome_R-HSA-351143.sbgn,pathwayCommons,http://identifiers.org/reactome/R-HSA-351143,reactome,R-HSA-351143,Agmatine biosynthesis,pathwayCommons,pathwayCommons
http___identifiers.org_reactome_R-HSA-351200.sbgn,pathwayCommons,http://identifiers.org/reactome/R-HSA-351200,reactome,R-HSA-351200,Interconversion of polyamines,pathwayCommons,pathwayCommons
http___identifiers.org_reactome_R-HSA-351202.sbgn,pathwayCommons,http://identifiers.org/reactome/R-HSA-351202,reactome,R-HSA-351202,Metabolism of polyamines,pathwayCommons,pathwayCommons
http___identifiers.org_reactome_R-HSA-351906.sbgn,pathwayCommons,http://identifiers.org/reactome/R-HSA-351906,reactome,R-HSA-351906,Apoptotic cleavage of cell adhesion proteins,pathwayCommons,pathwayCommons
http___identifiers.org_reactome_R-HSA-352230.sbgn,pathwayCommons,http://identifiers.org/reactome/R-HSA-352230,reactome,R-HSA-352230,Amino acid transport across the plasma membrane,pathwayCommons,pathwayCommons
http___identifiers.org_reactome_R-HSA-352238.sbgn,pathwayCommons,http://identifiers.org/reactome/R-HSA-352238,reactome,R-HSA-352238,Breakdown of the nuclear lamina,pathwayCommons,pathwayCommons
http___identifiers.org_reactome_R-HSA-354192.sbgn,pathwayCommons,http://identifiers.org/reactome/R-HSA-354192,reactome,R-HSA-354192,Integrin alphaIIb beta3 signaling,pathwayCommons,pathwayCommons
http___identifiers.org_reactome_R-HSA-354194.sbgn,pathwayCommons,http://identifiers.org/reactome/R-HSA-354194,reactome,R-HSA-354194,GRB2:SOS provides linkage to MAPK signaling for Integrins,pathwayCommons,pathwayCommons
http___identifiers.org_reactome_R-HSA-3560783.sbgn,pathwayCommons,http://identifiers.org/reactome/R-HSA-3560783,reactome,R-HSA-3560783,"""Defective B4GALT7 causes EDS, progeroid type""",pathwayCommons,pathwayCommons
http___identifiers.org_reactome_R-HSA-3560792.sbgn,pathwayCommons,http://identifiers.org/reactome/R-HSA-3560792,reactome,R-HSA-3560792,Defective SLC26A2 causes chondrodysplasias,pathwayCommons,pathwayCommons
http___identifiers.org_reactome_R-HSA-3560796.sbgn,pathwayCommons,http://identifiers.org/reactome/R-HSA-3560796,reactome,R-HSA-3560796,Defective PAPSS2 causes SEMD-PA,pathwayCommons,pathwayCommons
http___identifiers.org_reactome_R-HSA-3560801.sbgn,pathwayCommons,http://identifiers.org/reactome/R-HSA-3560801,reactome,R-HSA-3560801,Defective B3GAT3 causes JDSSDHD,pathwayCommons,pathwayCommons
http___identifiers.org_reactome_R-HSA-3595172.sbgn,pathwayCommons,http://identifiers.org/reactome/R-HSA-3595172,reactome,R-HSA-3595172,Defective CHST3 causes SEDCJD,pathwayCommons,pathwayCommons
http___identifiers.org_reactome_R-HSA-3595174.sbgn,pathwayCommons,http://identifiers.org/reactome/R-HSA-3595174,reactome,R-HSA-3595174,"""Defective CHST14 causes EDS, musculocontractural type""",pathwayCommons,pathwayCommons
http___identifiers.org_reactome_R-HSA-3595177.sbgn,pathwayCommons,http://identifiers.org/reactome/R-HSA-3595177,reactome,R-HSA-3595177,Defective CHSY1 causes TPBS,pathwayCommons,pathwayCommons
http___identifiers.org_reactome_R-HSA-3642279.sbgn,pathwayCommons,http://identifiers.org/reactome/R-HSA-3642279,reactome,R-HSA-3642279,TGFBR2 MSI Frameshift Mutants in Cancer,pathwayCommons,pathwayCommons
http___identifiers.org_reactome_R-HSA-3645790.sbgn,pathwayCommons,http://identifiers.org/reactome/R-HSA-3645790,reactome,R-HSA-3645790,TGFBR2 Kinase Domain Mutants in Cancer,pathwayCommons,pathwayCommons
http___identifiers.org_reactome_R-HSA-3656225.sbgn,pathwayCommons,http://identifiers.org/reactome/R-HSA-3656225,reactome,R-HSA-3656225,Defective CHST6 causes MCDC1,pathwayCommons,pathwayCommons
http___identifiers.org_reactome_R-HSA-3656237.sbgn,pathwayCommons,http://identifiers.org/reactome/R-HSA-3656237,reactome,R-HSA-3656237,Defective EXT2 causes exostoses 2,pathwayCommons,pathwayCommons
http___identifiers.org_reactome_R-HSA-3656243.sbgn,pathwayCommons,http://identifiers.org/reactome/R-HSA-3656243,reactome,R-HSA-3656243,Defective ST3GAL3 causes MCT12 and EIEE15,pathwayCommons,pathwayCommons
http___identifiers.org_reactome_R-HSA-3656244.sbgn,pathwayCommons,http://identifiers.org/reactome/R-HSA-3656244,reactome,R-HSA-3656244,Defective B4GALT1 causes B4GALT1-CDG (CDG-2d),pathwayCommons,pathwayCommons
http___identifiers.org_reactome_R-HSA-3656253.sbgn,pathwayCommons,http://identifiers.org/reactome/R-HSA-3656253,reactome,R-HSA-3656253,"""Defective EXT1 causes exostoses 1, TRPS2 and CHDS""",pathwayCommons,pathwayCommons
http___identifiers.org_reactome_R-HSA-3656532.sbgn,pathwayCommons,http://identifiers.org/reactome/R-HSA-3656532,reactome,R-HSA-3656532,TGFBR1 KD Mutants in Cancer,pathwayCommons,pathwayCommons
http___identifiers.org_reactome_R-HSA-3656535.sbgn,pathwayCommons,http://identifiers.org/reactome/R-HSA-3656535,reactome,R-HSA-3656535,TGFBR1 LBD Mutants in Cancer,pathwayCommons,pathwayCommons
http___identifiers.org_reactome_R-HSA-372708.sbgn,pathwayCommons,http://identifiers.org/reactome/R-HSA-372708,reactome,R-HSA-372708,p130Cas linkage to MAPK signaling for integrins,pathwayCommons,pathwayCommons
http___identifiers.org_reactome_R-HSA-373076.sbgn,pathwayCommons,http://identifiers.org/reactome/R-HSA-373076,reactome,R-HSA-373076,Class A/1 (Rhodopsin-like receptors),pathwayCommons,pathwayCommons
http___identifiers.org_reactome_R-HSA-373080.sbgn,pathwayCommons,http://identifiers.org/reactome/R-HSA-373080,reactome,R-HSA-373080,Class B/2 (Secretin family receptors),pathwayCommons,pathwayCommons
http___identifiers.org_reactome_R-HSA-373752.sbgn,pathwayCommons,http://identifiers.org/reactome/R-HSA-373752,reactome,R-HSA-373752,Netrin-1 signaling,pathwayCommons,pathwayCommons
http___identifiers.org_reactome_R-HSA-373753.sbgn,pathwayCommons,http://identifiers.org/reactome/R-HSA-373753,reactome,R-HSA-373753,Nephrin family interactions,pathwayCommons,pathwayCommons
http___identifiers.org_reactome_R-HSA-373756.sbgn,pathwayCommons,http://identifiers.org/reactome/R-HSA-373756,reactome,R-HSA-373756,SDK interactions,pathwayCommons,pathwayCommons
http___identifiers.org_reactome_R-HSA-373760.sbgn,pathwayCommons,http://identifiers.org/reactome/R-HSA-373760,reactome,R-HSA-373760,L1CAM interactions,pathwayCommons,pathwayCommons
http___identifiers.org_reactome_R-HSA-375165.sbgn,pathwayCommons,http://identifiers.org/reactome/R-HSA-375165,reactome,R-HSA-375165,NCAM signaling for neurite out-growth,pathwayCommons,pathwayCommons
http___identifiers.org_reactome_R-HSA-375170.sbgn,pathwayCommons,http://identifiers.org/reactome/R-HSA-375170,reactome,R-HSA-375170,CDO in myogenesis,pathwayCommons,pathwayCommons
http___identifiers.org_reactome_R-HSA-375276.sbgn,pathwayCommons,http://identifiers.org/reactome/R-HSA-375276,reactome,R-HSA-375276,Peptide ligand-binding receptors,pathwayCommons,pathwayCommons
http___identifiers.org_reactome_R-HSA-375280.sbgn,pathwayCommons,http://identifiers.org/reactome/R-HSA-375280,reactome,R-HSA-375280,Amine ligand-binding receptors,pathwayCommons,pathwayCommons
http___identifiers.org_reactome_R-HSA-375281.sbgn,pathwayCommons,http://identifiers.org/reactome/R-HSA-375281,reactome,R-HSA-375281,Hormone ligand-binding receptors,pathwayCommons,pathwayCommons
http___identifiers.org_reactome_R-HSA-376172.sbgn,pathwayCommons,http://identifiers.org/reactome/R-HSA-376172,reactome,R-HSA-376172,DSCAM interactions,pathwayCommons,pathwayCommons
http___identifiers.org_reactome_R-HSA-376176.sbgn,pathwayCommons,http://identifiers.org/reactome/R-HSA-376176,reactome,R-HSA-376176,Signaling by Robo receptor,pathwayCommons,pathwayCommons
http___identifiers.org_reactome_R-HSA-3769402.sbgn,pathwayCommons,http://identifiers.org/reactome/R-HSA-3769402,reactome,R-HSA-3769402,Deactivation of the beta-catenin transactivating complex,pathwayCommons,pathwayCommons
http___identifiers.org_reactome_R-HSA-3772470.sbgn,pathwayCommons,http://identifiers.org/reactome/R-HSA-3772470,reactome,R-HSA-3772470,Negative regulation of TCF-dependent signaling by WNT ligand antagonists,pathwayCommons,pathwayCommons
http___identifiers.org_reactome_R-HSA-3785653.sbgn,pathwayCommons,http://identifiers.org/reactome/R-HSA-3785653,reactome,R-HSA-3785653,Myoclonic epilepsy of Lafora,pathwayCommons,pathwayCommons
http___identifiers.org_reactome_R-HSA-379397.sbgn,pathwayCommons,http://identifiers.org/reactome/R-HSA-379397,reactome,R-HSA-379397,Enzymatic degradation of dopamine by COMT,pathwayCommons,pathwayCommons
http___identifiers.org_reactome_R-HSA-379398.sbgn,pathwayCommons,http://identifiers.org/reactome/R-HSA-379398,reactome,R-HSA-379398,Enzymatic degradation of Dopamine by monoamine oxidase,pathwayCommons,pathwayCommons
http___identifiers.org_reactome_R-HSA-379401.sbgn,pathwayCommons,http://identifiers.org/reactome/R-HSA-379401,reactome,R-HSA-379401,Clearance of dopamine,pathwayCommons,pathwayCommons
http___identifiers.org_reactome_R-HSA-379716.sbgn,pathwayCommons,http://identifiers.org/reactome/R-HSA-379716,reactome,R-HSA-379716,Cytosolic tRNA aminoacylation,pathwayCommons,pathwayCommons
http___identifiers.org_reactome_R-HSA-379726.sbgn,pathwayCommons,http://identifiers.org/reactome/R-HSA-379726,reactome,R-HSA-379726,Mitochondrial tRNA aminoacylation,pathwayCommons,pathwayCommons
http___identifiers.org_reactome_R-HSA-380095.sbgn,pathwayCommons,http://identifiers.org/reactome/R-HSA-380095,reactome,R-HSA-380095,Tachykinin receptors bind tachykinins,pathwayCommons,pathwayCommons
http___identifiers.org_reactome_R-HSA-380108.sbgn,pathwayCommons,http://identifiers.org/reactome/R-HSA-380108,reactome,R-HSA-380108,Chemokine receptors bind chemokines,pathwayCommons,pathwayCommons
http___identifiers.org_reactome_R-HSA-380259.sbgn,pathwayCommons,http://identifiers.org/reactome/R-HSA-380259,reactome,R-HSA-380259,Loss of Nlp from mitotic centrosomes,pathwayCommons,pathwayCommons
http___identifiers.org_reactome_R-HSA-380270.sbgn,pathwayCommons,http://identifiers.org/reactome/R-HSA-380270,reactome,R-HSA-380270,Recruitment of mitotic centrosome proteins and complexes,pathwayCommons,pathwayCommons
http___identifiers.org_reactome_R-HSA-380284.sbgn,pathwayCommons,http://identifiers.org/reactome/R-HSA-380284,reactome,R-HSA-380284,Loss of proteins required for interphase microtubule organization from the centrosome,pathwayCommons,pathwayCommons
http___identifiers.org_reactome_R-HSA-380320.sbgn,pathwayCommons,http://identifiers.org/reactome/R-HSA-380320,reactome,R-HSA-380320,Recruitment of NuMA to mitotic centrosomes,pathwayCommons,pathwayCommons
http___identifiers.org_reactome_R-HSA-380612.sbgn,pathwayCommons,http://identifiers.org/reactome/R-HSA-380612,reactome,R-HSA-380612,Metabolism of serotonin,pathwayCommons,pathwayCommons
http___identifiers.org_reactome_R-HSA-380615.sbgn,pathwayCommons,http://identifiers.org/reactome/R-HSA-380615,reactome,R-HSA-380615,Clearance of seratonin,pathwayCommons,pathwayCommons
http___identifiers.org_reactome_R-HSA-380972.sbgn,pathwayCommons,http://identifiers.org/reactome/R-HSA-380972,reactome,R-HSA-380972,Energy dependent regulation of mTOR by LKB1-AMPK,pathwayCommons,pathwayCommons
http___identifiers.org_reactome_R-HSA-380994.sbgn,pathwayCommons,http://identifiers.org/reactome/R-HSA-380994,reactome,R-HSA-380994,ATF4 activates genes,pathwayCommons,pathwayCommons
http___identifiers.org_reactome_R-HSA-381033.sbgn,pathwayCommons,http://identifiers.org/reactome/R-HSA-381033,reactome,R-HSA-381033,ATF6 (ATF6-alpha) activates chaperones,pathwayCommons,pathwayCommons
http___identifiers.org_reactome_R-HSA-381038.sbgn,pathwayCommons,http://identifiers.org/reactome/R-HSA-381038,reactome,R-HSA-381038,XBP1(S) activates chaperone genes,pathwayCommons,pathwayCommons
http___identifiers.org_reactome_R-HSA-381042.sbgn,pathwayCommons,http://identifiers.org/reactome/R-HSA-381042,reactome,R-HSA-381042,PERK regulates gene expression,pathwayCommons,pathwayCommons
http___identifiers.org_reactome_R-HSA-381070.sbgn,pathwayCommons,http://identifiers.org/reactome/R-HSA-381070,reactome,R-HSA-381070,IRE1alpha activates chaperones,pathwayCommons,pathwayCommons
http___identifiers.org_reactome_R-HSA-381183.sbgn,pathwayCommons,http://identifiers.org/reactome/R-HSA-381183,reactome,R-HSA-381183,ATF6 (ATF6-alpha) activates chaperone genes,pathwayCommons,pathwayCommons
http___identifiers.org_reactome_R-HSA-381340.sbgn,pathwayCommons,http://identifiers.org/reactome/R-HSA-381340,reactome,R-HSA-381340,Transcriptional regulation of white adipocyte differentiation,pathwayCommons,pathwayCommons
http___identifiers.org_reactome_R-HSA-381426.sbgn,pathwayCommons,http://identifiers.org/reactome/R-HSA-381426,reactome,R-HSA-381426,Regulation of IGF Activity by IGFBP,pathwayCommons,pathwayCommons
http___identifiers.org_reactome_R-HSA-3814836.sbgn,pathwayCommons,http://identifiers.org/reactome/R-HSA-3814836,reactome,R-HSA-3814836,GSD XV,pathwayCommons,pathwayCommons
http___identifiers.org_reactome_R-HSA-381676.sbgn,pathwayCommons,http://identifiers.org/reactome/R-HSA-381676,reactome,R-HSA-381676,Glucagon-like Peptide-1 (GLP1) regulates insulin secretion,pathwayCommons,pathwayCommons
http___identifiers.org_reactome_R-HSA-381753.sbgn,pathwayCommons,http://identifiers.org/reactome/R-HSA-381753,reactome,R-HSA-381753,Olfactory Signaling Pathway,pathwayCommons,pathwayCommons
http___identifiers.org_reactome_R-HSA-381771.sbgn,pathwayCommons,http://identifiers.org/reactome/R-HSA-381771,reactome,R-HSA-381771,"""Synthesis, secretion, and inactivation of Glucagon-like Peptide-1 (GLP-1)""",pathwayCommons,pathwayCommons
http___identifiers.org_reactome_R-HSA-382556.sbgn,pathwayCommons,http://identifiers.org/reactome/R-HSA-382556,reactome,R-HSA-382556,ABC-family proteins mediated transport,pathwayCommons,pathwayCommons
http___identifiers.org_reactome_R-HSA-3828062.sbgn,pathwayCommons,http://identifiers.org/reactome/R-HSA-3828062,reactome,R-HSA-3828062,GSD 0 (muscle),pathwayCommons,pathwayCommons
http___identifiers.org_reactome_R-HSA-383280.sbgn,pathwayCommons,http://identifiers.org/reactome/R-HSA-383280,reactome,R-HSA-383280,Nuclear Receptor transcription pathway,pathwayCommons,pathwayCommons
http___identifiers.org_reactome_R-HSA-3858516.sbgn,pathwayCommons,http://identifiers.org/reactome/R-HSA-3858516,reactome,R-HSA-3858516,GSD 0,pathwayCommons,pathwayCommons
http___identifiers.org_reactome_R-HSA-3878781.sbgn,pathwayCommons,http://identifiers.org/reactome/R-HSA-3878781,reactome,R-HSA-3878781,GSD IV,pathwayCommons,pathwayCommons
http___identifiers.org_reactome_R-HSA-388479.sbgn,pathwayCommons,http://identifiers.org/reactome/R-HSA-388479,reactome,R-HSA-388479,Vasopressin-like receptors,pathwayCommons,pathwayCommons
http___identifiers.org_reactome_R-HSA-388841.sbgn,pathwayCommons,http://identifiers.org/reactome/R-HSA-388841,reactome,R-HSA-388841,Costimulation by the CD28 family,pathwayCommons,pathwayCommons
http___identifiers.org_reactome_R-HSA-388844.sbgn,pathwayCommons,http://identifiers.org/reactome/R-HSA-388844,reactome,R-HSA-388844,Receptor-type tyrosine-protein phosphatases,pathwayCommons,pathwayCommons
http___identifiers.org_reactome_R-HSA-389356.sbgn,pathwayCommons,http://identifiers.org/reactome/R-HSA-389356,reactome,R-HSA-389356,CD28 co-stimulation,pathwayCommons,pathwayCommons
http___identifiers.org_reactome_R-HSA-389357.sbgn,pathwayCommons,http://identifiers.org/reactome/R-HSA-389357,reactome,R-HSA-389357,CD28 dependent PI3K/Akt signaling,pathwayCommons,pathwayCommons
http___identifiers.org_reactome_R-HSA-389359.sbgn,pathwayCommons,http://identifiers.org/reactome/R-HSA-389359,reactome,R-HSA-389359,CD28 dependent Vav1 pathway,pathwayCommons,pathwayCommons
http___identifiers.org_reactome_R-HSA-389397.sbgn,pathwayCommons,http://identifiers.org/reactome/R-HSA-389397,reactome,R-HSA-389397,Orexin and neuropeptides FF and QRFP bind to their respective receptors,pathwayCommons,pathwayCommons
http___identifiers.org_reactome_R-HSA-389513.sbgn,pathwayCommons,http://identifiers.org/reactome/R-HSA-389513,reactome,R-HSA-389513,CTLA4 inhibitory signaling,pathwayCommons,pathwayCommons
http___identifiers.org_reactome_R-HSA-389542.sbgn,pathwayCommons,http://identifiers.org/reactome/R-HSA-389542,reactome,R-HSA-389542,NADPH regeneration,pathwayCommons,pathwayCommons
http___identifiers.org_reactome_R-HSA-389599.sbgn,pathwayCommons,http://identifiers.org/reactome/R-HSA-389599,reactome,R-HSA-389599,Alpha-oxidation of phytanate,pathwayCommons,pathwayCommons
http___identifiers.org_reactome_R-HSA-389661.sbgn,pathwayCommons,http://identifiers.org/reactome/R-HSA-389661,reactome,R-HSA-389661,Glyoxylate metabolism and glycine degradation,pathwayCommons,pathwayCommons
http___identifiers.org_reactome_R-HSA-389887.sbgn,pathwayCommons,http://identifiers.org/reactome/R-HSA-389887,reactome,R-HSA-389887,Beta-oxidation of pristanoyl-CoA,pathwayCommons,pathwayCommons
http___identifiers.org_reactome_R-HSA-389948.sbgn,pathwayCommons,http://identifiers.org/reactome/R-HSA-389948,reactome,R-HSA-389948,PD-1 signaling,pathwayCommons,pathwayCommons
http___identifiers.org_reactome_R-HSA-389957.sbgn,pathwayCommons,http://identifiers.org/reactome/R-HSA-389957,reactome,R-HSA-389957,Prefoldin mediated transfer of substrate to CCT/TriC,pathwayCommons,pathwayCommons
http___identifiers.org_reactome_R-HSA-389960.sbgn,pathwayCommons,http://identifiers.org/reactome/R-HSA-389960,reactome,R-HSA-389960,Formation of tubulin folding intermediates by CCT/TriC,pathwayCommons,pathwayCommons
http___identifiers.org_reactome_R-HSA-389977.sbgn,pathwayCommons,http://identifiers.org/reactome/R-HSA-389977,reactome,R-HSA-389977,Post-chaperonin tubulin folding pathway,pathwayCommons,pathwayCommons
http___identifiers.org_reactome_R-HSA-390247.sbgn,pathwayCommons,http://identifiers.org/reactome/R-HSA-390247,reactome,R-HSA-390247,Beta-oxidation of very long chain fatty acids,pathwayCommons,pathwayCommons
http___identifiers.org_reactome_R-HSA-390450.sbgn,pathwayCommons,http://identifiers.org/reactome/R-HSA-390450,reactome,R-HSA-390450,Folding of actin by CCT/TriC,pathwayCommons,pathwayCommons
http___identifiers.org_reactome_R-HSA-390471.sbgn,pathwayCommons,http://identifiers.org/reactome/R-HSA-390471,reactome,R-HSA-390471,Association of TriC/CCT with target proteins during biosynthesis,pathwayCommons,pathwayCommons
http___identifiers.org_reactome_R-HSA-390522.sbgn,pathwayCommons,http://identifiers.org/reactome/R-HSA-390522,reactome,R-HSA-390522,Striated Muscle Contraction,pathwayCommons,pathwayCommons
http___identifiers.org_reactome_R-HSA-390648.sbgn,pathwayCommons,http://identifiers.org/reactome/R-HSA-390648,reactome,R-HSA-390648,Muscarinic acetylcholine receptors,pathwayCommons,pathwayCommons
http___identifiers.org_reactome_R-HSA-390650.sbgn,pathwayCommons,http://identifiers.org/reactome/R-HSA-390650,reactome,R-HSA-390650,Histamine receptors,pathwayCommons,pathwayCommons
http___identifiers.org_reactome_R-HSA-390651.sbgn,pathwayCommons,http://identifiers.org/reactome/R-HSA-390651,reactome,R-HSA-390651,Dopamine receptors,pathwayCommons,pathwayCommons
http___identifiers.org_reactome_R-HSA-390666.sbgn,pathwayCommons,http://identifiers.org/reactome/R-HSA-390666,reactome,R-HSA-390666,Serotonin receptors,pathwayCommons,pathwayCommons
http___identifiers.org_reactome_R-HSA-390696.sbgn,pathwayCommons,http://identifiers.org/reactome/R-HSA-390696,reactome,R-HSA-390696,Adrenoceptors,pathwayCommons,pathwayCommons
http___identifiers.org_reactome_R-HSA-390918.sbgn,pathwayCommons,http://identifiers.org/reactome/R-HSA-390918,reactome,R-HSA-390918,Peroxisomal lipid metabolism,pathwayCommons,pathwayCommons
http___identifiers.org_reactome_R-HSA-391160.sbgn,pathwayCommons,http://identifiers.org/reactome/R-HSA-391160,reactome,R-HSA-391160,Signal regulatory protein family interactions,pathwayCommons,pathwayCommons
http___identifiers.org_reactome_R-HSA-391903.sbgn,pathwayCommons,http://identifiers.org/reactome/R-HSA-391903,reactome,R-HSA-391903,Eicosanoid ligand-binding receptors,pathwayCommons,pathwayCommons
http___identifiers.org_reactome_R-HSA-391906.sbgn,pathwayCommons,http://identifiers.org/reactome/R-HSA-391906,reactome,R-HSA-391906,Leukotriene receptors,pathwayCommons,pathwayCommons
http___identifiers.org_reactome_R-HSA-391908.sbgn,pathwayCommons,http://identifiers.org/reactome/R-HSA-391908,reactome,R-HSA-391908,Prostanoid ligand receptors,pathwayCommons,pathwayCommons
http___identifiers.org_reactome_R-HSA-392023.sbgn,pathwayCommons,http://identifiers.org/reactome/R-HSA-392023,reactome,R-HSA-392023,Adrenaline signalling through Alpha-2 adrenergic receptor,pathwayCommons,pathwayCommons
http___identifiers.org_reactome_R-HSA-392154.sbgn,pathwayCommons,http://identifiers.org/reactome/R-HSA-392154,reactome,R-HSA-392154,Nitric oxide stimulates guanylate cyclase,pathwayCommons,pathwayCommons
http___identifiers.org_reactome_R-HSA-392170.sbgn,pathwayCommons,http://identifiers.org/reactome/R-HSA-392170,reactome,R-HSA-392170,ADP signalling through P2Y purinoceptor 12,pathwayCommons,pathwayCommons
http___identifiers.org_reactome_R-HSA-392451.sbgn,pathwayCommons,http://identifiers.org/reactome/R-HSA-392451,reactome,R-HSA-392451,G beta:gamma signalling through PI3Kgamma,pathwayCommons,pathwayCommons
http___identifiers.org_reactome_R-HSA-392517.sbgn,pathwayCommons,http://identifiers.org/reactome/R-HSA-392517,reactome,R-HSA-392517,Rap1 signalling,pathwayCommons,pathwayCommons
http___identifiers.org_reactome_R-HSA-392851.sbgn,pathwayCommons,http://identifiers.org/reactome/R-HSA-392851,reactome,R-HSA-392851,Prostacyclin signalling through prostacyclin receptor,pathwayCommons,pathwayCommons
http___identifiers.org_reactome_R-HSA-3928662.sbgn,pathwayCommons,http://identifiers.org/reactome/R-HSA-3928662,reactome,R-HSA-3928662,EPHB-mediated forward signaling,pathwayCommons,pathwayCommons
http___identifiers.org_reactome_R-HSA-3928663.sbgn,pathwayCommons,http://identifiers.org/reactome/R-HSA-3928663,reactome,R-HSA-3928663,EPHA-mediated growth cone collapse,pathwayCommons,pathwayCommons
http___identifiers.org_reactome_R-HSA-3928664.sbgn,pathwayCommons,http://identifiers.org/reactome/R-HSA-3928664,reactome,R-HSA-3928664,Ephrin signaling,pathwayCommons,pathwayCommons
http___identifiers.org_reactome_R-HSA-3928665.sbgn,pathwayCommons,http://identifiers.org/reactome/R-HSA-3928665,reactome,R-HSA-3928665,EPH-ephrin mediated repulsion of cells,pathwayCommons,pathwayCommons
http___identifiers.org_reactome_R-HSA-399710.sbgn,pathwayCommons,http://identifiers.org/reactome/R-HSA-399710,reactome,R-HSA-399710,Activation of AMPA receptors,pathwayCommons,pathwayCommons
http___identifiers.org_reactome_R-HSA-399719.sbgn,pathwayCommons,http://identifiers.org/reactome/R-HSA-399719,reactome,R-HSA-399719,Trafficking of AMPA receptors,pathwayCommons,pathwayCommons
http___identifiers.org_reactome_R-HSA-399954.sbgn,pathwayCommons,http://identifiers.org/reactome/R-HSA-399954,reactome,R-HSA-399954,Sema3A PAK dependent Axon repulsion,pathwayCommons,pathwayCommons
http___identifiers.org_reactome_R-HSA-399955.sbgn,pathwayCommons,http://identifiers.org/reactome/R-HSA-399955,reactome,R-HSA-399955,SEMA3A-Plexin repulsion signaling by inhibiting Integrin adhesion,pathwayCommons,pathwayCommons
http___identifiers.org_reactome_R-HSA-399956.sbgn,pathwayCommons,http://identifiers.org/reactome/R-HSA-399956,reactome,R-HSA-399956,CRMPs in Sema3A signaling,pathwayCommons,pathwayCommons
http___identifiers.org_reactome_R-HSA-399997.sbgn,pathwayCommons,http://identifiers.org/reactome/R-HSA-399997,reactome,R-HSA-399997,Acetylcholine regulates insulin secretion,pathwayCommons,pathwayCommons
http___identifiers.org_reactome_R-HSA-400042.sbgn,pathwayCommons,http://identifiers.org/reactome/R-HSA-400042,reactome,R-HSA-400042,"""Adrenaline,noradrenaline inhibits insulin secretion""",pathwayCommons,pathwayCommons
http___identifiers.org_reactome_R-HSA-400206.sbgn,pathwayCommons,http://identifiers.org/reactome/R-HSA-400206,reactome,R-HSA-400206,Regulation of lipid metabolism by Peroxisome proliferator-activated receptor alpha (PPARalpha),pathwayCommons,pathwayCommons
http___identifiers.org_reactome_R-HSA-400253.sbgn,pathwayCommons,http://identifiers.org/reactome/R-HSA-400253,reactome,R-HSA-400253,Circadian Clock,pathwayCommons,pathwayCommons
http___identifiers.org_reactome_R-HSA-400511.sbgn,pathwayCommons,http://identifiers.org/reactome/R-HSA-400511,reactome,R-HSA-400511,"""Synthesis, secretion, and inactivation of Glucose-dependent Insulinotropic Polypeptide (GIP)""",pathwayCommons,pathwayCommons
http___identifiers.org_reactome_R-HSA-4043911.sbgn,pathwayCommons,http://identifiers.org/reactome/R-HSA-4043911,reactome,R-HSA-4043911,Defective PMM2 causes PMM2-CDG (CDG-1a),pathwayCommons,pathwayCommons
http___identifiers.org_reactome_R-HSA-4043916.sbgn,pathwayCommons,http://identifiers.org/reactome/R-HSA-4043916,reactome,R-HSA-4043916,Defective MPI causes MPI-CDG (CDG-1b),pathwayCommons,pathwayCommons
http___identifiers.org_reactome_R-HSA-4085001.sbgn,pathwayCommons,http://identifiers.org/reactome/R-HSA-4085001,reactome,R-HSA-4085001,Sialic acid metabolism,pathwayCommons,pathwayCommons
http___identifiers.org_reactome_R-HSA-4085011.sbgn,pathwayCommons,http://identifiers.org/reactome/R-HSA-4085011,reactome,R-HSA-4085011,"""Defective GNE causes sialuria, Nonaka myopathy and inclusion body myopathy 2""",pathwayCommons,pathwayCommons
http___identifiers.org_reactome_R-HSA-4085023.sbgn,pathwayCommons,http://identifiers.org/reactome/R-HSA-4085023,reactome,R-HSA-4085023,Defective GFPT1 causes CMSTA1,pathwayCommons,pathwayCommons
http___identifiers.org_reactome_R-HSA-4086398.sbgn,pathwayCommons,http://identifiers.org/reactome/R-HSA-4086398,reactome,R-HSA-4086398,Ca2+ pathway,pathwayCommons,pathwayCommons
http___identifiers.org_reactome_R-HSA-4086400.sbgn,pathwayCommons,http://identifiers.org/reactome/R-HSA-4086400,reactome,R-HSA-4086400,PCP/CE pathway,pathwayCommons,pathwayCommons
http___identifiers.org_reactome_R-HSA-416476.sbgn,pathwayCommons,http://identifiers.org/reactome/R-HSA-416476,reactome,R-HSA-416476,G alpha (q) signalling events,pathwayCommons,pathwayCommons
http___identifiers.org_reactome_R-HSA-416482.sbgn,pathwayCommons,http://identifiers.org/reactome/R-HSA-416482,reactome,R-HSA-416482,G alpha (12/13) signalling events,pathwayCommons,pathwayCommons
http___identifiers.org_reactome_R-HSA-416550.sbgn,pathwayCommons,http://identifiers.org/reactome/R-HSA-416550,reactome,R-HSA-416550,Sema4D mediated inhibition of cell attachment and migration,pathwayCommons,pathwayCommons
http___identifiers.org_reactome_R-HSA-416572.sbgn,pathwayCommons,http://identifiers.org/reactome/R-HSA-416572,reactome,R-HSA-416572,Sema4D induced cell migration and growth-cone collapse,pathwayCommons,pathwayCommons
http___identifiers.org_reactome_R-HSA-416700.sbgn,pathwayCommons,http://identifiers.org/reactome/R-HSA-416700,reactome,R-HSA-416700,Other semaphorin interactions,pathwayCommons,pathwayCommons
http___identifiers.org_reactome_R-HSA-416993.sbgn,pathwayCommons,http://identifiers.org/reactome/R-HSA-416993,reactome,R-HSA-416993,Trafficking of GluR2-containing AMPA receptors,pathwayCommons,pathwayCommons
http___identifiers.org_reactome_R-HSA-417957.sbgn,pathwayCommons,http://identifiers.org/reactome/R-HSA-417957,reactome,R-HSA-417957,P2Y receptors,pathwayCommons,pathwayCommons
http___identifiers.org_reactome_R-HSA-417973.sbgn,pathwayCommons,http://identifiers.org/reactome/R-HSA-417973,reactome,R-HSA-417973,Adenosine P1 receptors,pathwayCommons,pathwayCommons
http___identifiers.org_reactome_R-HSA-418217.sbgn,pathwayCommons,http://identifiers.org/reactome/R-HSA-418217,reactome,R-HSA-418217,G beta:gamma signalling through PLC beta,pathwayCommons,pathwayCommons
http___identifiers.org_reactome_R-HSA-418346.sbgn,pathwayCommons,http://identifiers.org/reactome/R-HSA-418346,reactome,R-HSA-418346,Platelet homeostasis,pathwayCommons,pathwayCommons
http___identifiers.org_reactome_R-HSA-418359.sbgn,pathwayCommons,http://identifiers.org/reactome/R-HSA-418359,reactome,R-HSA-418359,Reduction of cytosolic Ca++ levels,pathwayCommons,pathwayCommons
http___identifiers.org_reactome_R-HSA-418457.sbgn,pathwayCommons,http://identifiers.org/reactome/R-HSA-418457,reactome,R-HSA-418457,cGMP effects,pathwayCommons,pathwayCommons
http___identifiers.org_reactome_R-HSA-418555.sbgn,pathwayCommons,http://identifiers.org/reactome/R-HSA-418555,reactome,R-HSA-418555,G alpha (s) signalling events,pathwayCommons,pathwayCommons
http___identifiers.org_reactome_R-HSA-418592.sbgn,pathwayCommons,http://identifiers.org/reactome/R-HSA-418592,reactome,R-HSA-418592,ADP signalling through P2Y purinoceptor 1,pathwayCommons,pathwayCommons
http___identifiers.org_reactome_R-HSA-418594.sbgn,pathwayCommons,http://identifiers.org/reactome/R-HSA-418594,reactome,R-HSA-418594,G alpha (i) signalling events,pathwayCommons,pathwayCommons
http___identifiers.org_reactome_R-HSA-418597.sbgn,pathwayCommons,http://identifiers.org/reactome/R-HSA-418597,reactome,R-HSA-418597,G alpha (z) signalling events,pathwayCommons,pathwayCommons
http___identifiers.org_reactome_R-HSA-418885.sbgn,pathwayCommons,http://identifiers.org/reactome/R-HSA-418885,reactome,R-HSA-418885,DCC mediated attractive signaling,pathwayCommons,pathwayCommons
http___identifiers.org_reactome_R-HSA-418886.sbgn,pathwayCommons,http://identifiers.org/reactome/R-HSA-418886,reactome,R-HSA-418886,Netrin mediated repulsion signals,pathwayCommons,pathwayCommons
http___identifiers.org_reactome_R-HSA-418889.sbgn,pathwayCommons,http://identifiers.org/reactome/R-HSA-418889,reactome,R-HSA-418889,Ligand-independent caspase activation via DCC,pathwayCommons,pathwayCommons
http___identifiers.org_reactome_R-HSA-418890.sbgn,pathwayCommons,http://identifiers.org/reactome/R-HSA-418890,reactome,R-HSA-418890,Role of second messengers in netrin-1 signaling,pathwayCommons,pathwayCommons
http___identifiers.org_reactome_R-HSA-418990.sbgn,pathwayCommons,http://identifiers.org/reactome/R-HSA-418990,reactome,R-HSA-418990,Adherens junctions interactions,pathwayCommons,pathwayCommons
http___identifiers.org_reactome_R-HSA-419037.sbgn,pathwayCommons,http://identifiers.org/reactome/R-HSA-419037,reactome,R-HSA-419037,NCAM1 interactions,pathwayCommons,pathwayCommons
http___identifiers.org_reactome_R-HSA-419408.sbgn,pathwayCommons,http://identifiers.org/reactome/R-HSA-419408,reactome,R-HSA-419408,Lysosphingolipid and LPA receptors,pathwayCommons,pathwayCommons
http___identifiers.org_reactome_R-HSA-419771.sbgn,pathwayCommons,http://identifiers.org/reactome/R-HSA-419771,reactome,R-HSA-419771,Opsins,pathwayCommons,pathwayCommons
http___identifiers.org_reactome_R-HSA-419812.sbgn,pathwayCommons,http://identifiers.org/reactome/R-HSA-419812,reactome,R-HSA-419812,Calcitonin-like ligand receptors,pathwayCommons,pathwayCommons
http___identifiers.org_reactome_R-HSA-420029.sbgn,pathwayCommons,http://identifiers.org/reactome/R-HSA-420029,reactome,R-HSA-420029,Tight junction interactions,pathwayCommons,pathwayCommons
http___identifiers.org_reactome_R-HSA-420092.sbgn,pathwayCommons,http://identifiers.org/reactome/R-HSA-420092,reactome,R-HSA-420092,Glucagon-type ligand receptors,pathwayCommons,pathwayCommons
http___identifiers.org_reactome_R-HSA-420499.sbgn,pathwayCommons,http://identifiers.org/reactome/R-HSA-420499,reactome,R-HSA-420499,Class C/3 (Metabotropic glutamate/pheromone receptors),pathwayCommons,pathwayCommons
http___identifiers.org_reactome_R-HSA-420597.sbgn,pathwayCommons,http://identifiers.org/reactome/R-HSA-420597,reactome,R-HSA-420597,Nectin/Necl trans heterodimerization,pathwayCommons,pathwayCommons
http___identifiers.org_reactome_R-HSA-421837.sbgn,pathwayCommons,http://identifiers.org/reactome/R-HSA-421837,reactome,R-HSA-421837,Clathrin derived vesicle budding,pathwayCommons,pathwayCommons
http___identifiers.org_reactome_R-HSA-422085.sbgn,pathwayCommons,http://identifiers.org/reactome/R-HSA-422085,reactome,R-HSA-422085,"""Synthesis, secretion, and deacylation of Ghrelin""",pathwayCommons,pathwayCommons
http___identifiers.org_reactome_R-HSA-422356.sbgn,pathwayCommons,http://identifiers.org/reactome/R-HSA-422356,reactome,R-HSA-422356,Regulation of insulin secretion,pathwayCommons,pathwayCommons
http___identifiers.org_reactome_R-HSA-425366.sbgn,pathwayCommons,http://identifiers.org/reactome/R-HSA-425366,reactome,R-HSA-425366,"""Transport of bile salts and organic acids, metal ions and amine compounds""",pathwayCommons,pathwayCommons
http___identifiers.org_reactome_R-HSA-425374.sbgn,pathwayCommons,http://identifiers.org/reactome/R-HSA-425374,reactome,R-HSA-425374,Amino acid and oligopeptide SLC transporters,pathwayCommons,pathwayCommons
http___identifiers.org_reactome_R-HSA-425381.sbgn,pathwayCommons,http://identifiers.org/reactome/R-HSA-425381,reactome,R-HSA-425381,Bicarbonate transporters,pathwayCommons,pathwayCommons
http___identifiers.org_reactome_R-HSA-425393.sbgn,pathwayCommons,http://identifiers.org/reactome/R-HSA-425393,reactome,R-HSA-425393,Transport of inorganic cations/anions and amino acids/oligopeptides,pathwayCommons,pathwayCommons
http___identifiers.org_reactome_R-HSA-425397.sbgn,pathwayCommons,http://identifiers.org/reactome/R-HSA-425397,reactome,R-HSA-425397,"""Transport of vitamins, nucleosides, and related molecules""",pathwayCommons,pathwayCommons
http___identifiers.org_reactome_R-HSA-425410.sbgn,pathwayCommons,http://identifiers.org/reactome/R-HSA-425410,reactome,R-HSA-425410,Metal ion SLC transporters,pathwayCommons,pathwayCommons
http___identifiers.org_reactome_R-HSA-425428.sbgn,pathwayCommons,http://identifiers.org/reactome/R-HSA-425428,reactome,R-HSA-425428,Amine compound SLC transporters,pathwayCommons,pathwayCommons
http___identifiers.org_reactome_R-HSA-425471.sbgn,pathwayCommons,http://identifiers.org/reactome/R-HSA-425471,reactome,R-HSA-425471,Bile salt and organic anion SLC transporters,pathwayCommons,pathwayCommons
http___identifiers.org_reactome_R-HSA-425561.sbgn,pathwayCommons,http://identifiers.org/reactome/R-HSA-425561,reactome,R-HSA-425561,Sodium/Calcium exchangers,pathwayCommons,pathwayCommons
http___identifiers.org_reactome_R-HSA-425986.sbgn,pathwayCommons,http://identifiers.org/reactome/R-HSA-425986,reactome,R-HSA-425986,Sodium/Proton exchangers,pathwayCommons,pathwayCommons
http___identifiers.org_reactome_R-HSA-426048.sbgn,pathwayCommons,http://identifiers.org/reactome/R-HSA-426048,reactome,R-HSA-426048,Arachidonate production from DAG,pathwayCommons,pathwayCommons
http___identifiers.org_reactome_R-HSA-426117.sbgn,pathwayCommons,http://identifiers.org/reactome/R-HSA-426117,reactome,R-HSA-426117,Cation-coupled Chloride cotransporters,pathwayCommons,pathwayCommons
http___identifiers.org_reactome_R-HSA-426486.sbgn,pathwayCommons,http://identifiers.org/reactome/R-HSA-426486,reactome,R-HSA-426486,Small interfering RNA (siRNA) biogenesis,pathwayCommons,pathwayCommons
http___identifiers.org_reactome_R-HSA-426496.sbgn,pathwayCommons,http://identifiers.org/reactome/R-HSA-426496,reactome,R-HSA-426496,Post-transcriptional silencing by small RNAs,pathwayCommons,pathwayCommons
http___identifiers.org_reactome_R-HSA-427359.sbgn,pathwayCommons,http://identifiers.org/reactome/R-HSA-427359,reactome,R-HSA-427359,SIRT1 negatively regulates rRNA Expression,pathwayCommons,pathwayCommons
http___identifiers.org_reactome_R-HSA-427389.sbgn,pathwayCommons,http://identifiers.org/reactome/R-HSA-427389,reactome,R-HSA-427389,Activation of rRNA Expression by ERCC6 (CSB) and EHMT2 (G9a),pathwayCommons,pathwayCommons
http___identifiers.org_reactome_R-HSA-427413.sbgn,pathwayCommons,http://identifiers.org/reactome/R-HSA-427413,reactome,R-HSA-427413,NoRC negatively regulates rRNA expression,pathwayCommons,pathwayCommons
http___identifiers.org_reactome_R-HSA-427589.sbgn,pathwayCommons,http://identifiers.org/reactome/R-HSA-427589,reactome,R-HSA-427589,Type II Na+/Pi cotransporters,pathwayCommons,pathwayCommons
http___identifiers.org_reactome_R-HSA-427601.sbgn,pathwayCommons,http://identifiers.org/reactome/R-HSA-427601,reactome,R-HSA-427601,Multifunctional anion exchangers,pathwayCommons,pathwayCommons
http___identifiers.org_reactome_R-HSA-427652.sbgn,pathwayCommons,http://identifiers.org/reactome/R-HSA-427652,reactome,R-HSA-427652,Sodium-coupled phosphate cotransporters,pathwayCommons,pathwayCommons
http___identifiers.org_reactome_R-HSA-427975.sbgn,pathwayCommons,http://identifiers.org/reactome/R-HSA-427975,reactome,R-HSA-427975,Proton/oligopeptide cotransporters,pathwayCommons,pathwayCommons
http___identifiers.org_reactome_R-HSA-428359.sbgn,pathwayCommons,http://identifiers.org/reactome/R-HSA-428359,reactome,R-HSA-428359,Insulin-like Growth Factor-2 mRNA Binding Proteins (IGF2BPs/IMPs/VICKZs) bind RNA,pathwayCommons,pathwayCommons
http___identifiers.org_reactome_R-HSA-428540.sbgn,pathwayCommons,http://identifiers.org/reactome/R-HSA-428540,reactome,R-HSA-428540,Activation of Rac,pathwayCommons,pathwayCommons
http___identifiers.org_reactome_R-HSA-428542.sbgn,pathwayCommons,http://identifiers.org/reactome/R-HSA-428542,reactome,R-HSA-428542,Regulation of Commissural axon pathfinding by Slit and Robo,pathwayCommons,pathwayCommons
http___identifiers.org_reactome_R-HSA-428543.sbgn,pathwayCommons,http://identifiers.org/reactome/R-HSA-428543,reactome,R-HSA-428543,Inactivation of Cdc42 and Rac,pathwayCommons,pathwayCommons
http___identifiers.org_reactome_R-HSA-428559.sbgn,pathwayCommons,http://identifiers.org/reactome/R-HSA-428559,reactome,R-HSA-428559,Proton-coupled neutral amino acid transporters,pathwayCommons,pathwayCommons
http___identifiers.org_reactome_R-HSA-428643.sbgn,pathwayCommons,http://identifiers.org/reactome/R-HSA-428643,reactome,R-HSA-428643,Organic anion transporters,pathwayCommons,pathwayCommons
http___identifiers.org_reactome_R-HSA-428890.sbgn,pathwayCommons,http://identifiers.org/reactome/R-HSA-428890,reactome,R-HSA-428890,Role of Abl in Robo-Slit signaling,pathwayCommons,pathwayCommons
http___identifiers.org_reactome_R-HSA-428930.sbgn,pathwayCommons,http://identifiers.org/reactome/R-HSA-428930,reactome,R-HSA-428930,Thromboxane signalling through TP receptor,pathwayCommons,pathwayCommons
http___identifiers.org_reactome_R-HSA-429593.sbgn,pathwayCommons,http://identifiers.org/reactome/R-HSA-429593,reactome,R-HSA-429593,Inositol transporters,pathwayCommons,pathwayCommons
http___identifiers.org_reactome_R-HSA-429947.sbgn,pathwayCommons,http://identifiers.org/reactome/R-HSA-429947,reactome,R-HSA-429947,Deadenylation of mRNA,pathwayCommons,pathwayCommons
http___identifiers.org_reactome_R-HSA-429958.sbgn,pathwayCommons,http://identifiers.org/reactome/R-HSA-429958,reactome,R-HSA-429958,mRNA decay by 3' to 5' exoribonuclease,pathwayCommons,pathwayCommons
http___identifiers.org_reactome_R-HSA-430039.sbgn,pathwayCommons,http://identifiers.org/reactome/R-HSA-430039,reactome,R-HSA-430039,mRNA decay by 5' to 3' exoribonuclease,pathwayCommons,pathwayCommons
http___identifiers.org_reactome_R-HSA-430116.sbgn,pathwayCommons,http://identifiers.org/reactome/R-HSA-430116,reactome,R-HSA-430116,GP1b-IX-V activation signalling,pathwayCommons,pathwayCommons
http___identifiers.org_reactome_R-HSA-432030.sbgn,pathwayCommons,http://identifiers.org/reactome/R-HSA-432030,reactome,R-HSA-432030,Transport of glycerol from adipocytes to the liver by Aquaporins,pathwayCommons,pathwayCommons
http___identifiers.org_reactome_R-HSA-432040.sbgn,pathwayCommons,http://identifiers.org/reactome/R-HSA-432040,reactome,R-HSA-432040,Vasopressin regulates renal water homeostasis via Aquaporins,pathwayCommons,pathwayCommons
http___identifiers.org_reactome_R-HSA-432047.sbgn,pathwayCommons,http://identifiers.org/reactome/R-HSA-432047,reactome,R-HSA-432047,Passive transport by Aquaporins,pathwayCommons,pathwayCommons
http___identifiers.org_reactome_R-HSA-432142.sbgn,pathwayCommons,http://identifiers.org/reactome/R-HSA-432142,reactome,R-HSA-432142,Platelet sensitization by LDL,pathwayCommons,pathwayCommons
http___identifiers.org_reactome_R-HSA-432720.sbgn,pathwayCommons,http://identifiers.org/reactome/R-HSA-432720,reactome,R-HSA-432720,Lysosome Vesicle Biogenesis,pathwayCommons,pathwayCommons
http___identifiers.org_reactome_R-HSA-432722.sbgn,pathwayCommons,http://identifiers.org/reactome/R-HSA-432722,reactome,R-HSA-432722,Golgi Associated Vesicle Biogenesis,pathwayCommons,pathwayCommons
http___identifiers.org_reactome_R-HSA-433137.sbgn,pathwayCommons,http://identifiers.org/reactome/R-HSA-433137,reactome,R-HSA-433137,"""Sodium-coupled sulphate, di- and tri-carboxylate transporters""",pathwayCommons,pathwayCommons
http___identifiers.org_reactome_R-HSA-433692.sbgn,pathwayCommons,http://identifiers.org/reactome/R-HSA-433692,reactome,R-HSA-433692,Proton-coupled monocarboxylate transport,pathwayCommons,pathwayCommons
http___identifiers.org_reactome_R-HSA-4341670.sbgn,pathwayCommons,http://identifiers.org/reactome/R-HSA-4341670,reactome,R-HSA-4341670,Defective NEU1 causes sialidosis,pathwayCommons,pathwayCommons
http___identifiers.org_reactome_R-HSA-434316.sbgn,pathwayCommons,http://identifiers.org/reactome/R-HSA-434316,reactome,R-HSA-434316,Fatty Acids bound to GPR40 (FFAR1) regulate insulin secretion,pathwayCommons,pathwayCommons
http___identifiers.org_reactome_R-HSA-435368.sbgn,pathwayCommons,http://identifiers.org/reactome/R-HSA-435368,reactome,R-HSA-435368,Zinc efflux and compartmentalization by the SLC30 family,pathwayCommons,pathwayCommons
http___identifiers.org_reactome_R-HSA-437239.sbgn,pathwayCommons,http://identifiers.org/reactome/R-HSA-437239,reactome,R-HSA-437239,Recycling pathway of L1,pathwayCommons,pathwayCommons
http___identifiers.org_reactome_R-HSA-438066.sbgn,pathwayCommons,http://identifiers.org/reactome/R-HSA-438066,reactome,R-HSA-438066,"""Unblocking of NMDA receptor, glutamate binding and activation""",pathwayCommons,pathwayCommons
http___identifiers.org_reactome_R-HSA-4411364.sbgn,pathwayCommons,http://identifiers.org/reactome/R-HSA-4411364,reactome,R-HSA-4411364,Binding of TCF/LEF:CTNNB1 to target gene promoters,pathwayCommons,pathwayCommons
http___identifiers.org_reactome_R-HSA-4419969.sbgn,pathwayCommons,http://identifiers.org/reactome/R-HSA-4419969,reactome,R-HSA-4419969,Depolymerisation of the Nuclear Lamina,pathwayCommons,pathwayCommons
http___identifiers.org_reactome_R-HSA-4420097.sbgn,pathwayCommons,http://identifiers.org/reactome/R-HSA-4420097,reactome,R-HSA-4420097,VEGFA-VEGFR2 Pathway,pathwayCommons,pathwayCommons
http___identifiers.org_reactome_R-HSA-4420332.sbgn,pathwayCommons,http://identifiers.org/reactome/R-HSA-4420332,reactome,R-HSA-4420332,Defective B3GALT6 causes EDSP2 and SEMDJL1,pathwayCommons,pathwayCommons
http___identifiers.org_reactome_R-HSA-442380.sbgn,pathwayCommons,http://identifiers.org/reactome/R-HSA-442380,reactome,R-HSA-442380,Zinc influx into cells by the SLC39 gene family,pathwayCommons,pathwayCommons
http___identifiers.org_reactome_R-HSA-442660.sbgn,pathwayCommons,http://identifiers.org/reactome/R-HSA-442660,reactome,R-HSA-442660,Na+/Cl- dependent neurotransmitter transporters,pathwayCommons,pathwayCommons
http___identifiers.org_reactome_R-HSA-442717.sbgn,pathwayCommons,http://identifiers.org/reactome/R-HSA-442717,reactome,R-HSA-442717,CREB phosphorylation through the activation of CaMKK,pathwayCommons,pathwayCommons
http___identifiers.org_reactome_R-HSA-442720.sbgn,pathwayCommons,http://identifiers.org/reactome/R-HSA-442720,reactome,R-HSA-442720,CREB phosphorylation through the activation of Adenylate Cyclase,pathwayCommons,pathwayCommons
http___identifiers.org_reactome_R-HSA-442729.sbgn,pathwayCommons,http://identifiers.org/reactome/R-HSA-442729,reactome,R-HSA-442729,CREB phosphorylation through the activation of CaMKII,pathwayCommons,pathwayCommons
http___identifiers.org_reactome_R-HSA-442742.sbgn,pathwayCommons,http://identifiers.org/reactome/R-HSA-442742,reactome,R-HSA-442742,CREB phosphorylation through the activation of Ras,pathwayCommons,pathwayCommons
http___identifiers.org_reactome_R-HSA-442745.sbgn,pathwayCommons,http://identifiers.org/reactome/R-HSA-442745,reactome,R-HSA-442745,Activation of CaMK IV,pathwayCommons,pathwayCommons
http___identifiers.org_reactome_R-HSA-442982.sbgn,pathwayCommons,http://identifiers.org/reactome/R-HSA-442982,reactome,R-HSA-442982,Ras activation uopn Ca2+ infux through NMDA receptor,pathwayCommons,pathwayCommons
http___identifiers.org_reactome_R-HSA-444209.sbgn,pathwayCommons,http://identifiers.org/reactome/R-HSA-444209,reactome,R-HSA-444209,Free fatty acid receptors,pathwayCommons,pathwayCommons
http___identifiers.org_reactome_R-HSA-444257.sbgn,pathwayCommons,http://identifiers.org/reactome/R-HSA-444257,reactome,R-HSA-444257,RSK activation,pathwayCommons,pathwayCommons
http___identifiers.org_reactome_R-HSA-444411.sbgn,pathwayCommons,http://identifiers.org/reactome/R-HSA-444411,reactome,R-HSA-444411,Rhesus glycoproteins mediate ammonium transport.,pathwayCommons,pathwayCommons
http___identifiers.org_reactome_R-HSA-444473.sbgn,pathwayCommons,http://identifiers.org/reactome/R-HSA-444473,reactome,R-HSA-444473,Formyl peptide receptors bind formyl peptides and many other ligands,pathwayCommons,pathwayCommons
http___identifiers.org_reactome_R-HSA-444821.sbgn,pathwayCommons,http://identifiers.org/reactome/R-HSA-444821,reactome,R-HSA-444821,Relaxin receptors,pathwayCommons,pathwayCommons
http___identifiers.org_reactome_R-HSA-445095.sbgn,pathwayCommons,http://identifiers.org/reactome/R-HSA-445095,reactome,R-HSA-445095,Interaction between L1 and Ankyrins,pathwayCommons,pathwayCommons
http___identifiers.org_reactome_R-HSA-445144.sbgn,pathwayCommons,http://identifiers.org/reactome/R-HSA-445144,reactome,R-HSA-445144,Signal transduction by L1,pathwayCommons,pathwayCommons
http___identifiers.org_reactome_R-HSA-445355.sbgn,pathwayCommons,http://identifiers.org/reactome/R-HSA-445355,reactome,R-HSA-445355,Smooth Muscle Contraction,pathwayCommons,pathwayCommons
http___identifiers.org_reactome_R-HSA-445989.sbgn,pathwayCommons,http://identifiers.org/reactome/R-HSA-445989,reactome,R-HSA-445989,TAK1 activates NFkB by phosphorylation and activation of IKKs complex,pathwayCommons,pathwayCommons
http___identifiers.org_reactome_R-HSA-446107.sbgn,pathwayCommons,http://identifiers.org/reactome/R-HSA-446107,reactome,R-HSA-446107,Type I hemidesmosome assembly,pathwayCommons,pathwayCommons
http___identifiers.org_reactome_R-HSA-446193.sbgn,pathwayCommons,http://identifiers.org/reactome/R-HSA-446193,reactome,R-HSA-446193,"""Biosynthesis of the N-glycan precursor (dolichol lipid-linked oligosaccharide, LLO) and transfer to a nascent protein""",pathwayCommons,pathwayCommons
http___identifiers.org_reactome_R-HSA-446199.sbgn,pathwayCommons,http://identifiers.org/reactome/R-HSA-446199,reactome,R-HSA-446199,Synthesis of Dolichyl-phosphate,pathwayCommons,pathwayCommons
http___identifiers.org_reactome_R-HSA-446203.sbgn,pathwayCommons,http://identifiers.org/reactome/R-HSA-446203,reactome,R-HSA-446203,Asparagine N-linked glycosylation,pathwayCommons,pathwayCommons
http___identifiers.org_reactome_R-HSA-446205.sbgn,pathwayCommons,http://identifiers.org/reactome/R-HSA-446205,reactome,R-HSA-446205,Synthesis of GDP-mannose,pathwayCommons,pathwayCommons
http___identifiers.org_reactome_R-HSA-446210.sbgn,pathwayCommons,http://identifiers.org/reactome/R-HSA-446210,reactome,R-HSA-446210,Synthesis of UDP-N-acetyl-glucosamine,pathwayCommons,pathwayCommons
http___identifiers.org_reactome_R-HSA-446343.sbgn,pathwayCommons,http://identifiers.org/reactome/R-HSA-446343,reactome,R-HSA-446343,Localization of the PINCH-ILK-PARVIN complex to focal adhesions,pathwayCommons,pathwayCommons
http___identifiers.org_reactome_R-HSA-446353.sbgn,pathwayCommons,http://identifiers.org/reactome/R-HSA-446353,reactome,R-HSA-446353,Cell-extracellular matrix interactions,pathwayCommons,pathwayCommons
http___identifiers.org_reactome_R-HSA-446388.sbgn,pathwayCommons,http://identifiers.org/reactome/R-HSA-446388,reactome,R-HSA-446388,Regulation of cytoskeletal remodeling and cell spreading by IPP complex components,pathwayCommons,pathwayCommons
http___identifiers.org_reactome_R-HSA-446652.sbgn,pathwayCommons,http://identifiers.org/reactome/R-HSA-446652,reactome,R-HSA-446652,Interleukin-1 family signaling,pathwayCommons,pathwayCommons
http___identifiers.org_reactome_R-HSA-447038.sbgn,pathwayCommons,http://identifiers.org/reactome/R-HSA-447038,reactome,R-HSA-447038,NrCAM interactions,pathwayCommons,pathwayCommons
http___identifiers.org_reactome_R-HSA-447041.sbgn,pathwayCommons,http://identifiers.org/reactome/R-HSA-447041,reactome,R-HSA-447041,CHL1 interactions,pathwayCommons,pathwayCommons
http___identifiers.org_reactome_R-HSA-447043.sbgn,pathwayCommons,http://identifiers.org/reactome/R-HSA-447043,reactome,R-HSA-447043,Neurofascin interactions,pathwayCommons,pathwayCommons
http___identifiers.org_reactome_R-HSA-447115.sbgn,pathwayCommons,http://identifiers.org/reactome/R-HSA-447115,reactome,R-HSA-447115,Interleukin-12 family signaling,pathwayCommons,pathwayCommons
http___identifiers.org_reactome_R-HSA-448424.sbgn,pathwayCommons,http://identifiers.org/reactome/R-HSA-448424,reactome,R-HSA-448424,Interleukin-17 signaling,pathwayCommons,pathwayCommons
http___identifiers.org_reactome_R-HSA-448706.sbgn,pathwayCommons,http://identifiers.org/reactome/R-HSA-448706,reactome,R-HSA-448706,Interleukin-1 processing,pathwayCommons,pathwayCommons
http___identifiers.org_reactome_R-HSA-449836.sbgn,pathwayCommons,http://identifiers.org/reactome/R-HSA-449836,reactome,R-HSA-449836,Other interleukin signaling,pathwayCommons,pathwayCommons
http___identifiers.org_reactome_R-HSA-450302.sbgn,pathwayCommons,http://identifiers.org/reactome/R-HSA-450302,reactome,R-HSA-450302,activated TAK1 mediates p38 MAPK activation,pathwayCommons,pathwayCommons
http___identifiers.org_reactome_R-HSA-450321.sbgn,pathwayCommons,http://identifiers.org/reactome/R-HSA-450321,reactome,R-HSA-450321,JNK (c-Jun kinases) phosphorylation and activation mediated by activated human TAK1,pathwayCommons,pathwayCommons
http___identifiers.org_reactome_R-HSA-450341.sbgn,pathwayCommons,http://identifiers.org/reactome/R-HSA-450341,reactome,R-HSA-450341,Activation of the AP-1 family of transcription factors,pathwayCommons,pathwayCommons
http___identifiers.org_reactome_R-HSA-450385.sbgn,pathwayCommons,http://identifiers.org/reactome/R-HSA-450385,reactome,R-HSA-450385,Butyrate Response Factor 1 (BRF1) binds and destabilizes mRNA,pathwayCommons,pathwayCommons
http___identifiers.org_reactome_R-HSA-450408.sbgn,pathwayCommons,http://identifiers.org/reactome/R-HSA-450408,reactome,R-HSA-450408,AUF1 (hnRNP D0) binds and destabilizes mRNA,pathwayCommons,pathwayCommons
http___identifiers.org_reactome_R-HSA-450513.sbgn,pathwayCommons,http://identifiers.org/reactome/R-HSA-450513,reactome,R-HSA-450513,"""Tristetraprolin (TTP, ZFP36) binds and destabilizes mRNA""",pathwayCommons,pathwayCommons
http___identifiers.org_reactome_R-HSA-450520.sbgn,pathwayCommons,http://identifiers.org/reactome/R-HSA-450520,reactome,R-HSA-450520,HuR (ELAVL1) binds and stabilizes mRNA,pathwayCommons,pathwayCommons
http___identifiers.org_reactome_R-HSA-450604.sbgn,pathwayCommons,http://identifiers.org/reactome/R-HSA-450604,reactome,R-HSA-450604,KSRP (KHSRP) binds and destabilizes mRNA,pathwayCommons,pathwayCommons
http___identifiers.org_reactome_R-HSA-451307.sbgn,pathwayCommons,http://identifiers.org/reactome/R-HSA-451307,reactome,R-HSA-451307,Activation of Na-permeable kainate receptors,pathwayCommons,pathwayCommons
http___identifiers.org_reactome_R-HSA-451308.sbgn,pathwayCommons,http://identifiers.org/reactome/R-HSA-451308,reactome,R-HSA-451308,Activation of Ca-permeable Kainate Receptor,pathwayCommons,pathwayCommons
http___identifiers.org_reactome_R-HSA-451927.sbgn,pathwayCommons,http://identifiers.org/reactome/R-HSA-451927,reactome,R-HSA-451927,Interleukin-2 family signaling,pathwayCommons,pathwayCommons
http___identifiers.org_reactome_R-HSA-452723.sbgn,pathwayCommons,http://identifiers.org/reactome/R-HSA-452723,reactome,R-HSA-452723,Transcriptional regulation of pluripotent stem cells,pathwayCommons,pathwayCommons
http___identifiers.org_reactome_R-HSA-4549349.sbgn,pathwayCommons,http://identifiers.org/reactome/R-HSA-4549349,reactome,R-HSA-4549349,Defective ALG2 causes ALG2-CDG (CDG-1i),pathwayCommons,pathwayCommons
http___identifiers.org_reactome_R-HSA-4549356.sbgn,pathwayCommons,http://identifiers.org/reactome/R-HSA-4549356,reactome,R-HSA-4549356,Defective DPAGT1 causes DPAGT1-CDG (CDG-1j) and CMSTA2,pathwayCommons,pathwayCommons
http___identifiers.org_reactome_R-HSA-4549380.sbgn,pathwayCommons,http://identifiers.org/reactome/R-HSA-4549380,reactome,R-HSA-4549380,Defective ALG1 causes ALG1-CDG (CDG-1k),pathwayCommons,pathwayCommons
http___identifiers.org_reactome_R-HSA-4551295.sbgn,pathwayCommons,http://identifiers.org/reactome/R-HSA-4551295,reactome,R-HSA-4551295,Defective ALG11 causes ALG11-CDG (CDG-1p),pathwayCommons,pathwayCommons
http___identifiers.org_reactome_R-HSA-4551638.sbgn,pathwayCommons,http://identifiers.org/reactome/R-HSA-4551638,reactome,R-HSA-4551638,SUMOylation of chromatin organization proteins,pathwayCommons,pathwayCommons
http___identifiers.org_reactome_R-HSA-456926.sbgn,pathwayCommons,http://identifiers.org/reactome/R-HSA-456926,reactome,R-HSA-456926,Thrombin signalling through proteinase activated receptors (PARs),pathwayCommons,pathwayCommons
http___identifiers.org_reactome_R-HSA-4570464.sbgn,pathwayCommons,http://identifiers.org/reactome/R-HSA-4570464,reactome,R-HSA-4570464,SUMOylation of RNA binding proteins,pathwayCommons,pathwayCommons
http___identifiers.org_reactome_R-HSA-4570571.sbgn,pathwayCommons,http://identifiers.org/reactome/R-HSA-4570571,reactome,R-HSA-4570571,Defective RFT1 causes RFT1-CDG (CDG-1n),pathwayCommons,pathwayCommons
http___identifiers.org_reactome_R-HSA-4608870.sbgn,pathwayCommons,http://identifiers.org/reactome/R-HSA-4608870,reactome,R-HSA-4608870,Asymmetric localization of PCP proteins,pathwayCommons,pathwayCommons
http___identifiers.org_reactome_R-HSA-4615885.sbgn,pathwayCommons,http://identifiers.org/reactome/R-HSA-4615885,reactome,R-HSA-4615885,SUMOylation of DNA replication proteins,pathwayCommons,pathwayCommons
http___identifiers.org_reactome_R-HSA-4641257.sbgn,pathwayCommons,http://identifiers.org/reactome/R-HSA-4641257,reactome,R-HSA-4641257,Degradation of AXIN,pathwayCommons,pathwayCommons
http___identifiers.org_reactome_R-HSA-4641258.sbgn,pathwayCommons,http://identifiers.org/reactome/R-HSA-4641258,reactome,R-HSA-4641258,Degradation of DVL,pathwayCommons,pathwayCommons
http___identifiers.org_reactome_R-HSA-4641262.sbgn,pathwayCommons,http://identifiers.org/reactome/R-HSA-4641262,reactome,R-HSA-4641262,Disassembly of the destruction complex and recruitment of AXIN to the membrane,pathwayCommons,pathwayCommons
http___identifiers.org_reactome_R-HSA-4641263.sbgn,pathwayCommons,http://identifiers.org/reactome/R-HSA-4641263,reactome,R-HSA-4641263,Regulation of FZD by ubiquitination,pathwayCommons,pathwayCommons
http___identifiers.org_reactome_R-HSA-4641265.sbgn,pathwayCommons,http://identifiers.org/reactome/R-HSA-4641265,reactome,R-HSA-4641265,Repression of WNT target genes,pathwayCommons,pathwayCommons
http___identifiers.org_reactome_R-HSA-4687000.sbgn,pathwayCommons,http://identifiers.org/reactome/R-HSA-4687000,reactome,R-HSA-4687000,Defective MPDU1 causes MPDU1-CDG (CDG-1f),pathwayCommons,pathwayCommons
http___identifiers.org_reactome_R-HSA-4717374.sbgn,pathwayCommons,http://identifiers.org/reactome/R-HSA-4717374,reactome,R-HSA-4717374,Defective DPM1 causes DPM1-CDG (CDG-1e),pathwayCommons,pathwayCommons
http___identifiers.org_reactome_R-HSA-4719360.sbgn,pathwayCommons,http://identifiers.org/reactome/R-HSA-4719360,reactome,R-HSA-4719360,Defective DPM3 causes DPM3-CDG (CDG-1o),pathwayCommons,pathwayCommons
http___identifiers.org_reactome_R-HSA-4719377.sbgn,pathwayCommons,http://identifiers.org/reactome/R-HSA-4719377,reactome,R-HSA-4719377,Defective DPM2 causes DPM2-CDG (CDG-1u),pathwayCommons,pathwayCommons
http___identifiers.org_reactome_R-HSA-4720454.sbgn,pathwayCommons,http://identifiers.org/reactome/R-HSA-4720454,reactome,R-HSA-4720454,Defective ALG9 causes ALG9-CDG (CDG-1l),pathwayCommons,pathwayCommons
http___identifiers.org_reactome_R-HSA-4720475.sbgn,pathwayCommons,http://identifiers.org/reactome/R-HSA-4720475,reactome,R-HSA-4720475,Defective ALG3 causes ALG3-CDG (CDG-1d),pathwayCommons,pathwayCommons
http___identifiers.org_reactome_R-HSA-4720489.sbgn,pathwayCommons,http://identifiers.org/reactome/R-HSA-4720489,reactome,R-HSA-4720489,Defective ALG12 causes ALG12-CDG (CDG-1g),pathwayCommons,pathwayCommons
http___identifiers.org_reactome_R-HSA-4724289.sbgn,pathwayCommons,http://identifiers.org/reactome/R-HSA-4724289,reactome,R-HSA-4724289,Defective ALG6 causes ALG6-CDG (CDG-1c),pathwayCommons,pathwayCommons
http___identifiers.org_reactome_R-HSA-4724325.sbgn,pathwayCommons,http://identifiers.org/reactome/R-HSA-4724325,reactome,R-HSA-4724325,Defective ALG8 causes ALG8-CDG (CDG-1h),pathwayCommons,pathwayCommons
http___identifiers.org_reactome_R-HSA-4755579.sbgn,pathwayCommons,http://identifiers.org/reactome/R-HSA-4755579,reactome,R-HSA-4755579,Defective SRD5A3 causes SRD5A3-CDG (CDG-1q) and KHRZ,pathwayCommons,pathwayCommons
http___identifiers.org_reactome_R-HSA-4755583.sbgn,pathwayCommons,http://identifiers.org/reactome/R-HSA-4755583,reactome,R-HSA-4755583,Defective DOLK causes DOLK-CDG (CDG-1m),pathwayCommons,pathwayCommons
http___identifiers.org_reactome_R-HSA-4755609.sbgn,pathwayCommons,http://identifiers.org/reactome/R-HSA-4755609,reactome,R-HSA-4755609,Defective DHDDS causes retinitis pigmentosa 59,pathwayCommons,pathwayCommons
http___identifiers.org_reactome_R-HSA-4793950.sbgn,pathwayCommons,http://identifiers.org/reactome/R-HSA-4793950,reactome,R-HSA-4793950,Defective MAN1B1 causes MRT15,pathwayCommons,pathwayCommons
http___identifiers.org_reactome_R-HSA-4793952.sbgn,pathwayCommons,http://identifiers.org/reactome/R-HSA-4793952,reactome,R-HSA-4793952,Defective MGAT2 causes MGAT2-CDG (CDG-2a),pathwayCommons,pathwayCommons
http___identifiers.org_reactome_R-HSA-4793953.sbgn,pathwayCommons,http://identifiers.org/reactome/R-HSA-4793953,reactome,R-HSA-4793953,Defective B4GALT1 causes B4GALT1-CDG (CDG-2d),pathwayCommons,pathwayCommons
http___identifiers.org_reactome_R-HSA-4793954.sbgn,pathwayCommons,http://identifiers.org/reactome/R-HSA-4793954,reactome,R-HSA-4793954,Defective MOGS causes MOGS-CDG (CDG-2b),pathwayCommons,pathwayCommons
http___identifiers.org_reactome_R-HSA-480985.sbgn,pathwayCommons,http://identifiers.org/reactome/R-HSA-480985,reactome,R-HSA-480985,Synthesis of dolichyl-phosphate-glucose,pathwayCommons,pathwayCommons
http___identifiers.org_reactome_R-HSA-499943.sbgn,pathwayCommons,http://identifiers.org/reactome/R-HSA-499943,reactome,R-HSA-499943,Interconversion of nucleotide di- and triphosphates,pathwayCommons,pathwayCommons
http___identifiers.org_reactome_R-HSA-500657.sbgn,pathwayCommons,http://identifiers.org/reactome/R-HSA-500657,reactome,R-HSA-500657,Presynaptic function of Kainate receptors,pathwayCommons,pathwayCommons
http___identifiers.org_reactome_R-HSA-500753.sbgn,pathwayCommons,http://identifiers.org/reactome/R-HSA-500753,reactome,R-HSA-500753,Pyrimidine biosynthesis,pathwayCommons,pathwayCommons
http___identifiers.org_reactome_R-HSA-5083625.sbgn,pathwayCommons,http://identifiers.org/reactome/R-HSA-5083625,reactome,R-HSA-5083625,Defective GALNT3 causes familial hyperphosphatemic tumoral calcinosis (HFTC),pathwayCommons,pathwayCommons
http___identifiers.org_reactome_R-HSA-5083627.sbgn,pathwayCommons,http://identifiers.org/reactome/R-HSA-5083627,reactome,R-HSA-5083627,Defective LARGE causes MDDGA6 and MDDGB6,pathwayCommons,pathwayCommons
http___identifiers.org_reactome_R-HSA-5083628.sbgn,pathwayCommons,http://identifiers.org/reactome/R-HSA-5083628,reactome,R-HSA-5083628,"""Defective POMGNT1 causes MDDGA3, MDDGB3 and MDDGC3""",pathwayCommons,pathwayCommons
http___identifiers.org_reactome_R-HSA-5083629.sbgn,pathwayCommons,http://identifiers.org/reactome/R-HSA-5083629,reactome,R-HSA-5083629,"""Defective POMT2 causes MDDGA2, MDDGB2 and MDDGC2""",pathwayCommons,pathwayCommons
http___identifiers.org_reactome_R-HSA-5083630.sbgn,pathwayCommons,http://identifiers.org/reactome/R-HSA-5083630,reactome,R-HSA-5083630,Defective LFNG causes SCDO3,pathwayCommons,pathwayCommons
http___identifiers.org_reactome_R-HSA-5083632.sbgn,pathwayCommons,http://identifiers.org/reactome/R-HSA-5083632,reactome,R-HSA-5083632,Defective C1GALT1C1 causes Tn polyagglutination syndrome (TNPS),pathwayCommons,pathwayCommons
http___identifiers.org_reactome_R-HSA-5083633.sbgn,pathwayCommons,http://identifiers.org/reactome/R-HSA-5083633,reactome,R-HSA-5083633,"""Defective POMT1 causes MDDGA1, MDDGB1 and MDDGC1""",pathwayCommons,pathwayCommons
http___identifiers.org_reactome_R-HSA-5083635.sbgn,pathwayCommons,http://identifiers.org/reactome/R-HSA-5083635,reactome,R-HSA-5083635,Defective B3GALTL causes Peters-plus syndrome (PpS),pathwayCommons,pathwayCommons
http___identifiers.org_reactome_R-HSA-5083636.sbgn,pathwayCommons,http://identifiers.org/reactome/R-HSA-5083636,reactome,R-HSA-5083636,Defective GALNT12 causes colorectal cancer 1 (CRCS1),pathwayCommons,pathwayCommons
http___identifiers.org_reactome_R-HSA-5099900.sbgn,pathwayCommons,http://identifiers.org/reactome/R-HSA-5099900,reactome,R-HSA-5099900,WNT5A-dependent internalization of FZD4,pathwayCommons,pathwayCommons
http___identifiers.org_reactome_R-HSA-512988.sbgn,pathwayCommons,http://identifiers.org/reactome/R-HSA-512988,reactome,R-HSA-512988,"""Interleukin-3, 5 and GM-CSF signaling""",pathwayCommons,pathwayCommons
http___identifiers.org_reactome_R-HSA-5140745.sbgn,pathwayCommons,http://identifiers.org/reactome/R-HSA-5140745,reactome,R-HSA-5140745,"""WNT5A-dependent internalization of FZD2, FZD5 and ROR2""",pathwayCommons,pathwayCommons
http___identifiers.org_reactome_R-HSA-5173105.sbgn,pathwayCommons,http://identifiers.org/reactome/R-HSA-5173105,reactome,R-HSA-5173105,O-linked glycosylation,pathwayCommons,pathwayCommons
http___identifiers.org_reactome_R-HSA-5173214.sbgn,pathwayCommons,http://identifiers.org/reactome/R-HSA-5173214,reactome,R-HSA-5173214,O-glycosylation of TSR domain-containing proteins,pathwayCommons,pathwayCommons
http___identifiers.org_reactome_R-HSA-5205685.sbgn,pathwayCommons,http://identifiers.org/reactome/R-HSA-5205685,reactome,R-HSA-5205685,Pink/Parkin Mediated Mitophagy,pathwayCommons,pathwayCommons
http___identifiers.org_reactome_R-HSA-5210891.sbgn,pathwayCommons,http://identifiers.org/reactome/R-HSA-5210891,reactome,R-HSA-5210891,Uptake and function of anthrax toxins,pathwayCommons,pathwayCommons
http___identifiers.org_reactome_R-HSA-5213460.sbgn,pathwayCommons,http://identifiers.org/reactome/R-HSA-5213460,reactome,R-HSA-5213460,RIPK1-mediated regulated necrosis,pathwayCommons,pathwayCommons
http___identifiers.org_reactome_R-HSA-5218900.sbgn,pathwayCommons,http://identifiers.org/reactome/R-HSA-5218900,reactome,R-HSA-5218900,CASP8 activity is inhibited,pathwayCommons,pathwayCommons
http___identifiers.org_reactome_R-HSA-5218920.sbgn,pathwayCommons,http://identifiers.org/reactome/R-HSA-5218920,reactome,R-HSA-5218920,VEGFR2 mediated vascular permeability,pathwayCommons,pathwayCommons
http___identifiers.org_reactome_R-HSA-5218921.sbgn,pathwayCommons,http://identifiers.org/reactome/R-HSA-5218921,reactome,R-HSA-5218921,VEGFR2 mediated cell proliferation,pathwayCommons,pathwayCommons
http___identifiers.org_reactome_R-HSA-5221030.sbgn,pathwayCommons,http://identifiers.org/reactome/R-HSA-5221030,reactome,R-HSA-5221030,Oxidative demethylation of DNA,pathwayCommons,pathwayCommons
http___identifiers.org_reactome_R-HSA-5223345.sbgn,pathwayCommons,http://identifiers.org/reactome/R-HSA-5223345,reactome,R-HSA-5223345,Miscellaneous transport and binding events,pathwayCommons,pathwayCommons
http___identifiers.org_reactome_R-HSA-5250924.sbgn,pathwayCommons,http://identifiers.org/reactome/R-HSA-5250924,reactome,R-HSA-5250924,B-WICH complex positively regulates rRNA expression,pathwayCommons,pathwayCommons
http___identifiers.org_reactome_R-HSA-5250955.sbgn,pathwayCommons,http://identifiers.org/reactome/R-HSA-5250955,reactome,R-HSA-5250955,Toxicity of botulinum toxin type D (BoNT/D),pathwayCommons,pathwayCommons
http___identifiers.org_reactome_R-HSA-5250958.sbgn,pathwayCommons,http://identifiers.org/reactome/R-HSA-5250958,reactome,R-HSA-5250958,Toxicity of botulinum toxin type B (BoNT/B),pathwayCommons,pathwayCommons
http___identifiers.org_reactome_R-HSA-5250968.sbgn,pathwayCommons,http://identifiers.org/reactome/R-HSA-5250968,reactome,R-HSA-5250968,Toxicity of botulinum toxin type A (BoNT/A),pathwayCommons,pathwayCommons
http___identifiers.org_reactome_R-HSA-5250971.sbgn,pathwayCommons,http://identifiers.org/reactome/R-HSA-5250971,reactome,R-HSA-5250971,Toxicity of botulinum toxin type C (BoNT/C),pathwayCommons,pathwayCommons
http___identifiers.org_reactome_R-HSA-5250981.sbgn,pathwayCommons,http://identifiers.org/reactome/R-HSA-5250981,reactome,R-HSA-5250981,Toxicity of botulinum toxin type F (BoNT/F),pathwayCommons,pathwayCommons
http___identifiers.org_reactome_R-HSA-5250982.sbgn,pathwayCommons,http://identifiers.org/reactome/R-HSA-5250982,reactome,R-HSA-5250982,Toxicity of tetanus toxin (TeNT),pathwayCommons,pathwayCommons
http___identifiers.org_reactome_R-HSA-5250989.sbgn,pathwayCommons,http://identifiers.org/reactome/R-HSA-5250989,reactome,R-HSA-5250989,Toxicity of botulinum toxin type G (BoNT/G),pathwayCommons,pathwayCommons
http___identifiers.org_reactome_R-HSA-5250992.sbgn,pathwayCommons,http://identifiers.org/reactome/R-HSA-5250992,reactome,R-HSA-5250992,Toxicity of botulinum toxin type E (BoNT/E),pathwayCommons,pathwayCommons
http___identifiers.org_reactome_R-HSA-5263617.sbgn,pathwayCommons,http://identifiers.org/reactome/R-HSA-5263617,reactome,R-HSA-5263617,Metabolism of ingested MeSeO2H into MeSeH,pathwayCommons,pathwayCommons
http___identifiers.org_reactome_R-HSA-532668.sbgn,pathwayCommons,http://identifiers.org/reactome/R-HSA-532668,reactome,R-HSA-532668,N-glycan trimming in the ER and Calnexin/Calreticulin cycle,pathwayCommons,pathwayCommons
http___identifiers.org_reactome_R-HSA-5334118.sbgn,pathwayCommons,http://identifiers.org/reactome/R-HSA-5334118,reactome,R-HSA-5334118,DNA methylation,pathwayCommons,pathwayCommons
http___identifiers.org_reactome_R-HSA-5336415.sbgn,pathwayCommons,http://identifiers.org/reactome/R-HSA-5336415,reactome,R-HSA-5336415,Uptake and function of diphtheria toxin,pathwayCommons,pathwayCommons
http___identifiers.org_reactome_R-HSA-5339700.sbgn,pathwayCommons,http://identifiers.org/reactome/R-HSA-5339700,reactome,R-HSA-5339700,TCF7L2 mutants don't bind CTBP,pathwayCommons,pathwayCommons
http___identifiers.org_reactome_R-HSA-5339716.sbgn,pathwayCommons,http://identifiers.org/reactome/R-HSA-5339716,reactome,R-HSA-5339716,Misspliced GSK3beta mutants stabilize beta-catenin,pathwayCommons,pathwayCommons
http___identifiers.org_reactome_R-HSA-5339717.sbgn,pathwayCommons,http://identifiers.org/reactome/R-HSA-5339717,reactome,R-HSA-5339717,Misspliced LRP5 mutants have enhanced beta-catenin-dependent signaling,pathwayCommons,pathwayCommons
http___identifiers.org_reactome_R-HSA-5340573.sbgn,pathwayCommons,http://identifiers.org/reactome/R-HSA-5340573,reactome,R-HSA-5340573,WNT ligand secretion is abrogated by the PORCN inhibitor LGK974,pathwayCommons,pathwayCommons
http___identifiers.org_reactome_R-HSA-5340588.sbgn,pathwayCommons,http://identifiers.org/reactome/R-HSA-5340588,reactome,R-HSA-5340588,RNF mutants show enhanced WNT signaling and proliferation,pathwayCommons,pathwayCommons
http___identifiers.org_reactome_R-HSA-5357572.sbgn,pathwayCommons,http://identifiers.org/reactome/R-HSA-5357572,reactome,R-HSA-5357572,Lysosomal glycogen catabolism,pathwayCommons,pathwayCommons
http___identifiers.org_reactome_R-HSA-5357609.sbgn,pathwayCommons,http://identifiers.org/reactome/R-HSA-5357609,reactome,R-HSA-5357609,GSD II,pathwayCommons,pathwayCommons
http___identifiers.org_reactome_R-HSA-5357786.sbgn,pathwayCommons,http://identifiers.org/reactome/R-HSA-5357786,reactome,R-HSA-5357786,TNFR1-induced proapoptotic signaling,pathwayCommons,pathwayCommons
http___identifiers.org_reactome_R-HSA-5357905.sbgn,pathwayCommons,http://identifiers.org/reactome/R-HSA-5357905,reactome,R-HSA-5357905,Regulation of TNFR1 signaling,pathwayCommons,pathwayCommons
http___identifiers.org_reactome_R-HSA-5357956.sbgn,pathwayCommons,http://identifiers.org/reactome/R-HSA-5357956,reactome,R-HSA-5357956,TNFR1-induced NFkappaB signaling pathway,pathwayCommons,pathwayCommons
http___identifiers.org_reactome_R-HSA-5358346.sbgn,pathwayCommons,http://identifiers.org/reactome/R-HSA-5358346,reactome,R-HSA-5358346,Hedgehog ligand biogenesis,pathwayCommons,pathwayCommons
http___identifiers.org_reactome_R-HSA-5358493.sbgn,pathwayCommons,http://identifiers.org/reactome/R-HSA-5358493,reactome,R-HSA-5358493,Synthesis of diphthamide-EEF2,pathwayCommons,pathwayCommons
http___identifiers.org_reactome_R-HSA-5358565.sbgn,pathwayCommons,http://identifiers.org/reactome/R-HSA-5358565,reactome,R-HSA-5358565,Mismatch repair (MMR) directed by MSH2:MSH6 (MutSalpha),pathwayCommons,pathwayCommons
http___identifiers.org_reactome_R-HSA-5358606.sbgn,pathwayCommons,http://identifiers.org/reactome/R-HSA-5358606,reactome,R-HSA-5358606,Mismatch repair (MMR) directed by MSH2:MSH3 (MutSbeta),pathwayCommons,pathwayCommons
http___identifiers.org_reactome_R-HSA-5358747.sbgn,pathwayCommons,http://identifiers.org/reactome/R-HSA-5358747,reactome,R-HSA-5358747,S33 mutants of beta-catenin aren't phosphorylated,pathwayCommons,pathwayCommons
http___identifiers.org_reactome_R-HSA-5358749.sbgn,pathwayCommons,http://identifiers.org/reactome/R-HSA-5358749,reactome,R-HSA-5358749,S37 mutants of beta-catenin aren't phosphorylated,pathwayCommons,pathwayCommons
http___identifiers.org_reactome_R-HSA-5358751.sbgn,pathwayCommons,http://identifiers.org/reactome/R-HSA-5358751,reactome,R-HSA-5358751,S45 mutants of beta-catenin aren't phosphorylated,pathwayCommons,pathwayCommons
http___identifiers.org_reactome_R-HSA-5358752.sbgn,pathwayCommons,http://identifiers.org/reactome/R-HSA-5358752,reactome,R-HSA-5358752,T41 mutants of beta-catenin aren't phosphorylated,pathwayCommons,pathwayCommons
http___identifiers.org_reactome_R-HSA-5362517.sbgn,pathwayCommons,http://identifiers.org/reactome/R-HSA-5362517,reactome,R-HSA-5362517,Signaling by Retinoic Acid,pathwayCommons,pathwayCommons
http___identifiers.org_reactome_R-HSA-5362768.sbgn,pathwayCommons,http://identifiers.org/reactome/R-HSA-5362768,reactome,R-HSA-5362768,Hh mutants that don't undergo autocatalytic processing are degraded by ERAD,pathwayCommons,pathwayCommons
http___identifiers.org_reactome_R-HSA-5362798.sbgn,pathwayCommons,http://identifiers.org/reactome/R-HSA-5362798,reactome,R-HSA-5362798,Release of Hh-Np from the secreting cell,pathwayCommons,pathwayCommons
http___identifiers.org_reactome_R-HSA-5365859.sbgn,pathwayCommons,http://identifiers.org/reactome/R-HSA-5365859,reactome,R-HSA-5365859,RA biosynthesis pathway,pathwayCommons,pathwayCommons
http___identifiers.org_reactome_R-HSA-5368286.sbgn,pathwayCommons,http://identifiers.org/reactome/R-HSA-5368286,reactome,R-HSA-5368286,Mitochondrial translation initiation,pathwayCommons,pathwayCommons
http___identifiers.org_reactome_R-HSA-5368598.sbgn,pathwayCommons,http://identifiers.org/reactome/R-HSA-5368598,reactome,R-HSA-5368598,Negative regulation of TCF-dependent signaling by DVL-interacting proteins,pathwayCommons,pathwayCommons
http___identifiers.org_reactome_R-HSA-5389840.sbgn,pathwayCommons,http://identifiers.org/reactome/R-HSA-5389840,reactome,R-HSA-5389840,Mitochondrial translation elongation,pathwayCommons,pathwayCommons
http___identifiers.org_reactome_R-HSA-539107.sbgn,pathwayCommons,http://identifiers.org/reactome/R-HSA-539107,reactome,R-HSA-539107,Activation of E2F1 target genes at G1/S,pathwayCommons,pathwayCommons
http___identifiers.org_reactome_R-HSA-5419276.sbgn,pathwayCommons,http://identifiers.org/reactome/R-HSA-5419276,reactome,R-HSA-5419276,Mitochondrial translation termination,pathwayCommons,pathwayCommons
http___identifiers.org_reactome_R-HSA-5423646.sbgn,pathwayCommons,http://identifiers.org/reactome/R-HSA-5423646,reactome,R-HSA-5423646,Aflatoxin activation and detoxification,pathwayCommons,pathwayCommons
http___identifiers.org_reactome_R-HSA-5467333.sbgn,pathwayCommons,http://identifiers.org/reactome/R-HSA-5467333,reactome,R-HSA-5467333,APC truncation mutants are not K63 polyubiquitinated,pathwayCommons,pathwayCommons
http___identifiers.org_reactome_R-HSA-5467337.sbgn,pathwayCommons,http://identifiers.org/reactome/R-HSA-5467337,reactome,R-HSA-5467337,APC truncation mutants have impaired AXIN binding,pathwayCommons,pathwayCommons
http___identifiers.org_reactome_R-HSA-5467340.sbgn,pathwayCommons,http://identifiers.org/reactome/R-HSA-5467340,reactome,R-HSA-5467340,AXIN missense mutants destabilize the destruction complex,pathwayCommons,pathwayCommons
http___identifiers.org_reactome_R-HSA-5467343.sbgn,pathwayCommons,http://identifiers.org/reactome/R-HSA-5467343,reactome,R-HSA-5467343,Deletions in the AMER1 gene destabilize the destruction complex,pathwayCommons,pathwayCommons
http___identifiers.org_reactome_R-HSA-5467345.sbgn,pathwayCommons,http://identifiers.org/reactome/R-HSA-5467345,reactome,R-HSA-5467345,Deletions in the AXIN genes in hepatocellular carcinoma result in elevated WNT signaling,pathwayCommons,pathwayCommons
http___identifiers.org_reactome_R-HSA-5467348.sbgn,pathwayCommons,http://identifiers.org/reactome/R-HSA-5467348,reactome,R-HSA-5467348,Truncations of AMER1 destabilize the destruction complex,pathwayCommons,pathwayCommons
http___identifiers.org_reactome_R-HSA-549127.sbgn,pathwayCommons,http://identifiers.org/reactome/R-HSA-549127,reactome,R-HSA-549127,Organic cation transport,pathwayCommons,pathwayCommons
http___identifiers.org_reactome_R-HSA-5545483.sbgn,pathwayCommons,http://identifiers.org/reactome/R-HSA-5545483,reactome,R-HSA-5545483,Defective Mismatch Repair Associated With MLH1,pathwayCommons,pathwayCommons
http___identifiers.org_reactome_R-HSA-5545619.sbgn,pathwayCommons,http://identifiers.org/reactome/R-HSA-5545619,reactome,R-HSA-5545619,"""XAV939 inhibits tankyrase, stabilizing AXIN""",pathwayCommons,pathwayCommons
http___identifiers.org_reactome_R-HSA-5576886.sbgn,pathwayCommons,http://identifiers.org/reactome/R-HSA-5576886,reactome,R-HSA-5576886,Phase 4 - resting membrane potential,pathwayCommons,pathwayCommons
http___identifiers.org_reactome_R-HSA-5576890.sbgn,pathwayCommons,http://identifiers.org/reactome/R-HSA-5576890,reactome,R-HSA-5576890,Phase 3 - rapid repolarisation,pathwayCommons,pathwayCommons
http___identifiers.org_reactome_R-HSA-5576892.sbgn,pathwayCommons,http://identifiers.org/reactome/R-HSA-5576892,reactome,R-HSA-5576892,Phase 0 - rapid depolarisation,pathwayCommons,pathwayCommons
http___identifiers.org_reactome_R-HSA-5576893.sbgn,pathwayCommons,http://identifiers.org/reactome/R-HSA-5576893,reactome,R-HSA-5576893,Phase 2 - plateau phase,pathwayCommons,pathwayCommons
http___identifiers.org_reactome_R-HSA-5576894.sbgn,pathwayCommons,http://identifiers.org/reactome/R-HSA-5576894,reactome,R-HSA-5576894,Phase 1 - inactivation of fast Na+ channels,pathwayCommons,pathwayCommons
http___identifiers.org_reactome_R-HSA-5578749.sbgn,pathwayCommons,http://identifiers.org/reactome/R-HSA-5578749,reactome,R-HSA-5578749,Transcriptional regulation by small RNAs,pathwayCommons,pathwayCommons
http___identifiers.org_reactome_R-HSA-5578768.sbgn,pathwayCommons,http://identifiers.org/reactome/R-HSA-5578768,reactome,R-HSA-5578768,Physiological factors,pathwayCommons,pathwayCommons
http___identifiers.org_reactome_R-HSA-5578775.sbgn,pathwayCommons,http://identifiers.org/reactome/R-HSA-5578775,reactome,R-HSA-5578775,Ion homeostasis,pathwayCommons,pathwayCommons
http___identifiers.org_reactome_R-HSA-5578995.sbgn,pathwayCommons,http://identifiers.org/reactome/R-HSA-5578995,reactome,R-HSA-5578995,Defective TPMT causes Thiopurine S-methyltransferase deficiency (TPMT deficiency),pathwayCommons,pathwayCommons
http___identifiers.org_reactome_R-HSA-5578996.sbgn,pathwayCommons,http://identifiers.org/reactome/R-HSA-5578996,reactome,R-HSA-5578996,Defective CYP27A1 causes Cerebrotendinous xanthomatosis (CTX),pathwayCommons,pathwayCommons
http___identifiers.org_reactome_R-HSA-5578997.sbgn,pathwayCommons,http://identifiers.org/reactome/R-HSA-5578997,reactome,R-HSA-5578997,Defective AHCY causes Hypermethioninemia with S-adenosylhomocysteine hydrolase deficiency (HMAHCHD),pathwayCommons,pathwayCommons
http___identifiers.org_reactome_R-HSA-5578998.sbgn,pathwayCommons,http://identifiers.org/reactome/R-HSA-5578998,reactome,R-HSA-5578998,Defective OPLAH causes 5-oxoprolinase deficiency (OPLAHD),pathwayCommons,pathwayCommons
http___identifiers.org_reactome_R-HSA-5578999.sbgn,pathwayCommons,http://identifiers.org/reactome/R-HSA-5578999,reactome,R-HSA-5578999,Defective GCLC causes Hemolytic anemia due to gamma-glutamylcysteine synthetase deficiency (HAGGSD),pathwayCommons,pathwayCommons
http___identifiers.org_reactome_R-HSA-5579000.sbgn,pathwayCommons,http://identifiers.org/reactome/R-HSA-5579000,reactome,R-HSA-5579000,Defective CYP1B1 causes Glaucoma,pathwayCommons,pathwayCommons
http___identifiers.org_reactome_R-HSA-5579002.sbgn,pathwayCommons,http://identifiers.org/reactome/R-HSA-5579002,reactome,R-HSA-5579002,Defective UGT1A1 causes hyperbilirubinemia,pathwayCommons,pathwayCommons
http___identifiers.org_reactome_R-HSA-5579004.sbgn,pathwayCommons,http://identifiers.org/reactome/R-HSA-5579004,reactome,R-HSA-5579004,Defective CYP26C1 causes Focal facial dermal dysplasia 4 (FFDD4),pathwayCommons,pathwayCommons
http___identifiers.org_reactome_R-HSA-5579005.sbgn,pathwayCommons,http://identifiers.org/reactome/R-HSA-5579005,reactome,R-HSA-5579005,"""Defective CYP4F22 causes Ichthyosis, congenital, autosomal recessive 5 (ARCI5)""",pathwayCommons,pathwayCommons
http___identifiers.org_reactome_R-HSA-5579006.sbgn,pathwayCommons,http://identifiers.org/reactome/R-HSA-5579006,reactome,R-HSA-5579006,Defective GSS causes Glutathione synthetase deficiency (GSS deficiency),pathwayCommons,pathwayCommons
http___identifiers.org_reactome_R-HSA-5579007.sbgn,pathwayCommons,http://identifiers.org/reactome/R-HSA-5579007,reactome,R-HSA-5579007,Defective ACY1 causes encephalopathy,pathwayCommons,pathwayCommons
http___identifiers.org_reactome_R-HSA-5579009.sbgn,pathwayCommons,http://identifiers.org/reactome/R-HSA-5579009,reactome,R-HSA-5579009,Defective CYP11B2 causes Corticosterone methyloxidase 1 deficiency (CMO-1 deficiency),pathwayCommons,pathwayCommons
http___identifiers.org_reactome_R-HSA-5579010.sbgn,pathwayCommons,http://identifiers.org/reactome/R-HSA-5579010,reactome,R-HSA-5579010,"""Defective CYP24A1 causes Hypercalcemia, infantile (HCAI)""",pathwayCommons,pathwayCommons
http___identifiers.org_reactome_R-HSA-5579011.sbgn,pathwayCommons,http://identifiers.org/reactome/R-HSA-5579011,reactome,R-HSA-5579011,"""Defective CYP2U1 causes Spastic paraplegia 56, autosomal recessive (SPG56)""",pathwayCommons,pathwayCommons
http___identifiers.org_reactome_R-HSA-5579012.sbgn,pathwayCommons,http://identifiers.org/reactome/R-HSA-5579012,reactome,R-HSA-5579012,Defective MAOA causes Brunner syndrome (BRUNS),pathwayCommons,pathwayCommons
http___identifiers.org_reactome_R-HSA-5579013.sbgn,pathwayCommons,http://identifiers.org/reactome/R-HSA-5579013,reactome,R-HSA-5579013,"""Defective CYP7B1 causes Spastic paraplegia 5A, autosomal recessive (SPG5A) and Congenital bile acid synthesis defect 3 (CBAS3)""",pathwayCommons,pathwayCommons
http___identifiers.org_reactome_R-HSA-5579014.sbgn,pathwayCommons,http://identifiers.org/reactome/R-HSA-5579014,reactome,R-HSA-5579014,Defective CYP27B1 causes Rickets vitamin D-dependent 1A (VDDR1A),pathwayCommons,pathwayCommons
http___identifiers.org_reactome_R-HSA-5579015.sbgn,pathwayCommons,http://identifiers.org/reactome/R-HSA-5579015,reactome,R-HSA-5579015,Defective CYP26B1 causes Radiohumeral fusions with other skeletal and craniofacial anomalies (RHFCA),pathwayCommons,pathwayCommons
http___identifiers.org_reactome_R-HSA-5579016.sbgn,pathwayCommons,http://identifiers.org/reactome/R-HSA-5579016,reactome,R-HSA-5579016,Defective UGT1A4 causes hyperbilirubinemia,pathwayCommons,pathwayCommons
http___identifiers.org_reactome_R-HSA-5579017.sbgn,pathwayCommons,http://identifiers.org/reactome/R-HSA-5579017,reactome,R-HSA-5579017,Defective CYP11B1 causes Adrenal hyperplasia 4 (AH4),pathwayCommons,pathwayCommons
http___identifiers.org_reactome_R-HSA-5579019.sbgn,pathwayCommons,http://identifiers.org/reactome/R-HSA-5579019,reactome,R-HSA-5579019,Defective FMO3 causes Trimethylaminuria (TMAU),pathwayCommons,pathwayCommons
http___identifiers.org_reactome_R-HSA-5579020.sbgn,pathwayCommons,http://identifiers.org/reactome/R-HSA-5579020,reactome,R-HSA-5579020,Defective SLC35D1 causes Schneckenbecken dysplasia (SCHBCKD),pathwayCommons,pathwayCommons
http___identifiers.org_reactome_R-HSA-5579021.sbgn,pathwayCommons,http://identifiers.org/reactome/R-HSA-5579021,reactome,R-HSA-5579021,Defective CYP21A2 causes Adrenal hyperplasia 3 (AH3),pathwayCommons,pathwayCommons
http___identifiers.org_reactome_R-HSA-5579022.sbgn,pathwayCommons,http://identifiers.org/reactome/R-HSA-5579022,reactome,R-HSA-5579022,Defective GGT1 causes Glutathionuria (GLUTH),pathwayCommons,pathwayCommons
http___identifiers.org_reactome_R-HSA-5579024.sbgn,pathwayCommons,http://identifiers.org/reactome/R-HSA-5579024,reactome,R-HSA-5579024,Defective MAT1A causes Methionine adenosyltransferase deficiency (MATD),pathwayCommons,pathwayCommons
http___identifiers.org_reactome_R-HSA-5579026.sbgn,pathwayCommons,http://identifiers.org/reactome/R-HSA-5579026,reactome,R-HSA-5579026,"""Defective CYP11A1 causes Adrenal insufficiency, congenital, with 46,XY sex reversal (AICSR)""",pathwayCommons,pathwayCommons
http___identifiers.org_reactome_R-HSA-5579027.sbgn,pathwayCommons,http://identifiers.org/reactome/R-HSA-5579027,reactome,R-HSA-5579027,Defective CYP2R1 causes Rickets vitamin D-dependent 1B (VDDR1B),pathwayCommons,pathwayCommons
http___identifiers.org_reactome_R-HSA-5579028.sbgn,pathwayCommons,http://identifiers.org/reactome/R-HSA-5579028,reactome,R-HSA-5579028,Defective CYP17A1 causes Adrenal hyperplasia 5 (AH5),pathwayCommons,pathwayCommons
http___identifiers.org_reactome_R-HSA-5579030.sbgn,pathwayCommons,http://identifiers.org/reactome/R-HSA-5579030,reactome,R-HSA-5579030,Defective CYP19A1 causes Aromatase excess syndrome (AEXS),pathwayCommons,pathwayCommons
http___identifiers.org_reactome_R-HSA-5579031.sbgn,pathwayCommons,http://identifiers.org/reactome/R-HSA-5579031,reactome,R-HSA-5579031,Defective ACTH causes Obesity and Pro-opiomelanocortinin deficiency (POMCD),pathwayCommons,pathwayCommons
http___identifiers.org_reactome_R-HSA-5579032.sbgn,pathwayCommons,http://identifiers.org/reactome/R-HSA-5579032,reactome,R-HSA-5579032,Defective TBXAS1 causes Ghosal hematodiaphyseal dysplasia (GHDD),pathwayCommons,pathwayCommons
http___identifiers.org_reactome_R-HSA-5601884.sbgn,pathwayCommons,http://identifiers.org/reactome/R-HSA-5601884,reactome,R-HSA-5601884,PIWI-interacting RNA (piRNA) biogenesis,pathwayCommons,pathwayCommons
http___identifiers.org_reactome_R-HSA-5602410.sbgn,pathwayCommons,http://identifiers.org/reactome/R-HSA-5602410,reactome,R-HSA-5602410,TLR3 deficiency - HSE,pathwayCommons,pathwayCommons
http___identifiers.org_reactome_R-HSA-5602415.sbgn,pathwayCommons,http://identifiers.org/reactome/R-HSA-5602415,reactome,R-HSA-5602415,UNC93B1 deficiency - HSE,pathwayCommons,pathwayCommons
http___identifiers.org_reactome_R-HSA-5602498.sbgn,pathwayCommons,http://identifiers.org/reactome/R-HSA-5602498,reactome,R-HSA-5602498,MyD88 deficiency (TLR2/4),pathwayCommons,pathwayCommons
http___identifiers.org_reactome_R-HSA-5602566.sbgn,pathwayCommons,http://identifiers.org/reactome/R-HSA-5602566,reactome,R-HSA-5602566,TICAM1 deficiency - HSE,pathwayCommons,pathwayCommons
http___identifiers.org_reactome_R-HSA-5602571.sbgn,pathwayCommons,http://identifiers.org/reactome/R-HSA-5602571,reactome,R-HSA-5602571,TRAF3 deficiency - HSE,pathwayCommons,pathwayCommons
http___identifiers.org_reactome_R-HSA-5602636.sbgn,pathwayCommons,http://identifiers.org/reactome/R-HSA-5602636,reactome,R-HSA-5602636,IKBKB deficiency causes SCID,pathwayCommons,pathwayCommons
http___identifiers.org_reactome_R-HSA-5602680.sbgn,pathwayCommons,http://identifiers.org/reactome/R-HSA-5602680,reactome,R-HSA-5602680,MyD88 deficiency (TLR5),pathwayCommons,pathwayCommons
http___identifiers.org_reactome_R-HSA-5603027.sbgn,pathwayCommons,http://identifiers.org/reactome/R-HSA-5603027,reactome,R-HSA-5603027,IKBKG deficiency causes anhidrotic ectodermal dysplasia with immunodeficiency (EDA-ID) (via TLR),pathwayCommons,pathwayCommons
http___identifiers.org_reactome_R-HSA-5603029.sbgn,pathwayCommons,http://identifiers.org/reactome/R-HSA-5603029,reactome,R-HSA-5603029,IkBA variant leads to EDA-ID,pathwayCommons,pathwayCommons
http___identifiers.org_reactome_R-HSA-5603037.sbgn,pathwayCommons,http://identifiers.org/reactome/R-HSA-5603037,reactome,R-HSA-5603037,IRAK4 deficiency (TLR5),pathwayCommons,pathwayCommons
http___identifiers.org_reactome_R-HSA-5603041.sbgn,pathwayCommons,http://identifiers.org/reactome/R-HSA-5603041,reactome,R-HSA-5603041,IRAK4 deficiency (TLR2/4),pathwayCommons,pathwayCommons
http___identifiers.org_reactome_R-HSA-5607761.sbgn,pathwayCommons,http://identifiers.org/reactome/R-HSA-5607761,reactome,R-HSA-5607761,Dectin-1 mediated noncanonical NF-kB signaling,pathwayCommons,pathwayCommons
http___identifiers.org_reactome_R-HSA-5607763.sbgn,pathwayCommons,http://identifiers.org/reactome/R-HSA-5607763,reactome,R-HSA-5607763,CLEC7A (Dectin-1) induces NFAT activation,pathwayCommons,pathwayCommons
http___identifiers.org_reactome_R-HSA-5607764.sbgn,pathwayCommons,http://identifiers.org/reactome/R-HSA-5607764,reactome,R-HSA-5607764,CLEC7A (Dectin-1) signaling,pathwayCommons,pathwayCommons
http___identifiers.org_reactome_R-HSA-5609974.sbgn,pathwayCommons,http://identifiers.org/reactome/R-HSA-5609974,reactome,R-HSA-5609974,Defective PGM1 causes PGM1-CDG (CDG1t),pathwayCommons,pathwayCommons
http___identifiers.org_reactome_R-HSA-5609976.sbgn,pathwayCommons,http://identifiers.org/reactome/R-HSA-5609976,reactome,R-HSA-5609976,Defective GALK1 can cause Galactosemia II (GALCT2),pathwayCommons,pathwayCommons
http___identifiers.org_reactome_R-HSA-5609977.sbgn,pathwayCommons,http://identifiers.org/reactome/R-HSA-5609977,reactome,R-HSA-5609977,Defective GALE can cause Epimerase-deficiency galactosemia (EDG),pathwayCommons,pathwayCommons
http___identifiers.org_reactome_R-HSA-5609978.sbgn,pathwayCommons,http://identifiers.org/reactome/R-HSA-5609978,reactome,R-HSA-5609978,Defective GALT can cause Galactosemia,pathwayCommons,pathwayCommons
http___identifiers.org_reactome_R-HSA-561048.sbgn,pathwayCommons,http://identifiers.org/reactome/R-HSA-561048,reactome,R-HSA-561048,Organic anion transport,pathwayCommons,pathwayCommons
http___identifiers.org_reactome_R-HSA-5610780.sbgn,pathwayCommons,http://identifiers.org/reactome/R-HSA-5610780,reactome,R-HSA-5610780,Degradation of GLI1 by the proteasome,pathwayCommons,pathwayCommons
http___identifiers.org_reactome_R-HSA-5610783.sbgn,pathwayCommons,http://identifiers.org/reactome/R-HSA-5610783,reactome,R-HSA-5610783,Degradation of GLI2 by the proteasome,pathwayCommons,pathwayCommons
http___identifiers.org_reactome_R-HSA-5610785.sbgn,pathwayCommons,http://identifiers.org/reactome/R-HSA-5610785,reactome,R-HSA-5610785,GLI3 is processed to GLI3R by the proteasome,pathwayCommons,pathwayCommons
http___identifiers.org_reactome_R-HSA-5610787.sbgn,pathwayCommons,http://identifiers.org/reactome/R-HSA-5610787,reactome,R-HSA-5610787,Hedgehog 'off' state,pathwayCommons,pathwayCommons
http___identifiers.org_reactome_R-HSA-5617472.sbgn,pathwayCommons,http://identifiers.org/reactome/R-HSA-5617472,reactome,R-HSA-5617472,Activation of anterior HOX genes in hindbrain development during early embryogenesis,pathwayCommons,pathwayCommons
http___identifiers.org_reactome_R-HSA-5617833.sbgn,pathwayCommons,http://identifiers.org/reactome/R-HSA-5617833,reactome,R-HSA-5617833,Cilium Assembly,pathwayCommons,pathwayCommons
http___identifiers.org_reactome_R-HSA-5619035.sbgn,pathwayCommons,http://identifiers.org/reactome/R-HSA-5619035,reactome,R-HSA-5619035,Defective SLC17A5 causes Salla disease (SD) and ISSD,pathwayCommons,pathwayCommons
http___identifiers.org_reactome_R-HSA-5619036.sbgn,pathwayCommons,http://identifiers.org/reactome/R-HSA-5619036,reactome,R-HSA-5619036,Defective SLC24A5 causes oculocutaneous albinism 6 (OCA6),pathwayCommons,pathwayCommons
http___identifiers.org_reactome_R-HSA-5619037.sbgn,pathwayCommons,http://identifiers.org/reactome/R-HSA-5619037,reactome,R-HSA-5619037,Defective SLC35A1 causes congenital disorder of glycosylation 2F (CDG2F),pathwayCommons,pathwayCommons
http___identifiers.org_reactome_R-HSA-5619039.sbgn,pathwayCommons,http://identifiers.org/reactome/R-HSA-5619039,reactome,R-HSA-5619039,"""Defective SLC12A6 causes agenesis of the corpus callosum, with peripheral neuropathy (ACCPN)""",pathwayCommons,pathwayCommons
http___identifiers.org_reactome_R-HSA-5619040.sbgn,pathwayCommons,http://identifiers.org/reactome/R-HSA-5619040,reactome,R-HSA-5619040,Defective SLC34A1 causes hypophosphatemic nephrolithiasis/osteoporosis 1 (NPHLOP1),pathwayCommons,pathwayCommons
http___identifiers.org_reactome_R-HSA-5619041.sbgn,pathwayCommons,http://identifiers.org/reactome/R-HSA-5619041,reactome,R-HSA-5619041,Defective SLC36A2 causes iminoglycinuria (IG) and hyperglycinuria (HG),pathwayCommons,pathwayCommons
http___identifiers.org_reactome_R-HSA-5619042.sbgn,pathwayCommons,http://identifiers.org/reactome/R-HSA-5619042,reactome,R-HSA-5619042,Defective RHAG causes regulator type Rh-null hemolytic anemia (RHN),pathwayCommons,pathwayCommons
http___identifiers.org_reactome_R-HSA-5619043.sbgn,pathwayCommons,http://identifiers.org/reactome/R-HSA-5619043,reactome,R-HSA-5619043,Defective SLC2A1 causes GLUT1 deficiency syndrome 1 (GLUT1DS1),pathwayCommons,pathwayCommons
http___identifiers.org_reactome_R-HSA-5619044.sbgn,pathwayCommons,http://identifiers.org/reactome/R-HSA-5619044,reactome,R-HSA-5619044,Defective SLC6A19 causes Hartnup disorder (HND),pathwayCommons,pathwayCommons
http___identifiers.org_reactome_R-HSA-5619045.sbgn,pathwayCommons,http://identifiers.org/reactome/R-HSA-5619045,reactome,R-HSA-5619045,Defective SLC34A2 causes pulmonary alveolar microlithiasis (PALM),pathwayCommons,pathwayCommons
http___identifiers.org_reactome_R-HSA-5619046.sbgn,pathwayCommons,http://identifiers.org/reactome/R-HSA-5619046,reactome,R-HSA-5619046,Defective SLC26A4 causes Pendred syndrome (PDS),pathwayCommons,pathwayCommons
http___identifiers.org_reactome_R-HSA-5619047.sbgn,pathwayCommons,http://identifiers.org/reactome/R-HSA-5619047,reactome,R-HSA-5619047,Defective SLC2A9 causes hypouricemia renal 2 (RHUC2),pathwayCommons,pathwayCommons
http___identifiers.org_reactome_R-HSA-5619048.sbgn,pathwayCommons,http://identifiers.org/reactome/R-HSA-5619048,reactome,R-HSA-5619048,"""Defective SLC11A2 causes hypochromic microcytic anemia, with iron overload 1 (AHMIO1)""",pathwayCommons,pathwayCommons
http___identifiers.org_reactome_R-HSA-5619049.sbgn,pathwayCommons,http://identifiers.org/reactome/R-HSA-5619049,reactome,R-HSA-5619049,Defective SLC40A1 causes hemochromatosis 4 (HFE4) (macrophages),pathwayCommons,pathwayCommons
http___identifiers.org_reactome_R-HSA-5619050.sbgn,pathwayCommons,http://identifiers.org/reactome/R-HSA-5619050,reactome,R-HSA-5619050,"""Defective SLC4A1 causes hereditary spherocytosis type 4 (HSP4), distal renal tubular acidosis (dRTA) and dRTA with hemolytic anemia (dRTA-HA)""",pathwayCommons,pathwayCommons
http___identifiers.org_reactome_R-HSA-5619052.sbgn,pathwayCommons,http://identifiers.org/reactome/R-HSA-5619052,reactome,R-HSA-5619052,Defective SLC9A9 causes autism 16 (AUTS16),pathwayCommons,pathwayCommons
http___identifiers.org_reactome_R-HSA-5619053.sbgn,pathwayCommons,http://identifiers.org/reactome/R-HSA-5619053,reactome,R-HSA-5619053,Defective SLC22A5 causes systemic primary carnitine deficiency (CDSP),pathwayCommons,pathwayCommons
http___identifiers.org_reactome_R-HSA-5619054.sbgn,pathwayCommons,http://identifiers.org/reactome/R-HSA-5619054,reactome,R-HSA-5619054,"""Defective SLC4A4 causes renal tubular acidosis, proximal, with ocular abnormalities and mental retardation (pRTA-OA)""",pathwayCommons,pathwayCommons
http___identifiers.org_reactome_R-HSA-5619055.sbgn,pathwayCommons,http://identifiers.org/reactome/R-HSA-5619055,reactome,R-HSA-5619055,Defective SLC24A4 causes hypomineralized amelogenesis imperfecta (AI),pathwayCommons,pathwayCommons
http___identifiers.org_reactome_R-HSA-5619056.sbgn,pathwayCommons,http://identifiers.org/reactome/R-HSA-5619056,reactome,R-HSA-5619056,Defective HK1 causes hexokinase deficiency (HK deficiency),pathwayCommons,pathwayCommons
http___identifiers.org_reactome_R-HSA-5619058.sbgn,pathwayCommons,http://identifiers.org/reactome/R-HSA-5619058,reactome,R-HSA-5619058,"""Defective SLCO1B3 causes hyperbilirubinemia, Rotor type (HBLRR)""",pathwayCommons,pathwayCommons
http___identifiers.org_reactome_R-HSA-5619060.sbgn,pathwayCommons,http://identifiers.org/reactome/R-HSA-5619060,reactome,R-HSA-5619060,Defective CP causes aceruloplasminemia (ACERULOP),pathwayCommons,pathwayCommons
http___identifiers.org_reactome_R-HSA-5619061.sbgn,pathwayCommons,http://identifiers.org/reactome/R-HSA-5619061,reactome,R-HSA-5619061,Defective SLC33A1 causes spastic paraplegia 42 (SPG42),pathwayCommons,pathwayCommons
http___identifiers.org_reactome_R-HSA-5619062.sbgn,pathwayCommons,http://identifiers.org/reactome/R-HSA-5619062,reactome,R-HSA-5619062,Defective SLC1A3 causes episodic ataxia 6 (EA6),pathwayCommons,pathwayCommons
http___identifiers.org_reactome_R-HSA-5619063.sbgn,pathwayCommons,http://identifiers.org/reactome/R-HSA-5619063,reactome,R-HSA-5619063,Defective SLC29A3 causes histiocytosis-lymphadenopathy plus syndrome (HLAS),pathwayCommons,pathwayCommons
http___identifiers.org_reactome_R-HSA-5619066.sbgn,pathwayCommons,http://identifiers.org/reactome/R-HSA-5619066,reactome,R-HSA-5619066,Defective SLC22A18 causes lung cancer (LNCR) and embryonal rhabdomyosarcoma 1 (RMSE1),pathwayCommons,pathwayCommons
http___identifiers.org_reactome_R-HSA-5619067.sbgn,pathwayCommons,http://identifiers.org/reactome/R-HSA-5619067,reactome,R-HSA-5619067,Defective SLC1A1 is implicated in schizophrenia 18 (SCZD18) and dicarboxylic aminoaciduria (DCBXA),pathwayCommons,pathwayCommons
http___identifiers.org_reactome_R-HSA-5619068.sbgn,pathwayCommons,http://identifiers.org/reactome/R-HSA-5619068,reactome,R-HSA-5619068,Defective SLC2A10 causes arterial tortuosity syndrome (ATS),pathwayCommons,pathwayCommons
http___identifiers.org_reactome_R-HSA-5619070.sbgn,pathwayCommons,http://identifiers.org/reactome/R-HSA-5619070,reactome,R-HSA-5619070,Defective SLC16A1 causes symptomatic deficiency in lactate transport (SDLT),pathwayCommons,pathwayCommons
http___identifiers.org_reactome_R-HSA-5619071.sbgn,pathwayCommons,http://identifiers.org/reactome/R-HSA-5619071,reactome,R-HSA-5619071,Defective SLC22A12 causes renal hypouricemia 1 (RHUC1),pathwayCommons,pathwayCommons
http___identifiers.org_reactome_R-HSA-5619072.sbgn,pathwayCommons,http://identifiers.org/reactome/R-HSA-5619072,reactome,R-HSA-5619072,Defective SLC35A2 causes congenital disorder of glycosylation 2M (CDG2M),pathwayCommons,pathwayCommons
http___identifiers.org_reactome_R-HSA-5619073.sbgn,pathwayCommons,http://identifiers.org/reactome/R-HSA-5619073,reactome,R-HSA-5619073,Defective GCK causes maturity-onset diabetes of the young 2 (MODY2),pathwayCommons,pathwayCommons
http___identifiers.org_reactome_R-HSA-5619076.sbgn,pathwayCommons,http://identifiers.org/reactome/R-HSA-5619076,reactome,R-HSA-5619076,Defective SLC17A8 causes autosomal dominant deafness 25 (DFNA25),pathwayCommons,pathwayCommons
http___identifiers.org_reactome_R-HSA-5619077.sbgn,pathwayCommons,http://identifiers.org/reactome/R-HSA-5619077,reactome,R-HSA-5619077,Defective SLC24A1 causes congenital stationary night blindness 1D (CSNB1D),pathwayCommons,pathwayCommons
http___identifiers.org_reactome_R-HSA-5619078.sbgn,pathwayCommons,http://identifiers.org/reactome/R-HSA-5619078,reactome,R-HSA-5619078,Defective SLC35C1 causes congenital disorder of glycosylation 2C (CDG2C),pathwayCommons,pathwayCommons
http___identifiers.org_reactome_R-HSA-5619079.sbgn,pathwayCommons,http://identifiers.org/reactome/R-HSA-5619079,reactome,R-HSA-5619079,Defective SLC6A18 may confer susceptibility to iminoglycinuria and/or hyperglycinuria,pathwayCommons,pathwayCommons
http___identifiers.org_reactome_R-HSA-5619081.sbgn,pathwayCommons,http://identifiers.org/reactome/R-HSA-5619081,reactome,R-HSA-5619081,Defective SLC6A3 causes Parkinsonism-dystonia infantile (PKDYS),pathwayCommons,pathwayCommons
http___identifiers.org_reactome_R-HSA-5619083.sbgn,pathwayCommons,http://identifiers.org/reactome/R-HSA-5619083,reactome,R-HSA-5619083,"""Defective SLC35A3 causes arthrogryposis, mental retardation, and seizures (AMRS)""",pathwayCommons,pathwayCommons
http___identifiers.org_reactome_R-HSA-5619085.sbgn,pathwayCommons,http://identifiers.org/reactome/R-HSA-5619085,reactome,R-HSA-5619085,Defective SLC26A3 causes congenital secretory chloride diarrhea 1 (DIAR1),pathwayCommons,pathwayCommons
http___identifiers.org_reactome_R-HSA-5619087.sbgn,pathwayCommons,http://identifiers.org/reactome/R-HSA-5619087,reactome,R-HSA-5619087,Defective SLC12A3 causes Gitelman syndrome (GS),pathwayCommons,pathwayCommons
http___identifiers.org_reactome_R-HSA-5619088.sbgn,pathwayCommons,http://identifiers.org/reactome/R-HSA-5619088,reactome,R-HSA-5619088,"""Defective SLC39A4 causes acrodermatitis enteropathica, zinc-deficiency type (AEZ)""",pathwayCommons,pathwayCommons
http___identifiers.org_reactome_R-HSA-5619089.sbgn,pathwayCommons,http://identifiers.org/reactome/R-HSA-5619089,reactome,R-HSA-5619089,Defective SLC6A5 causes hyperekplexia 3 (HKPX3),pathwayCommons,pathwayCommons
http___identifiers.org_reactome_R-HSA-5619092.sbgn,pathwayCommons,http://identifiers.org/reactome/R-HSA-5619092,reactome,R-HSA-5619092,"""Defective SLC9A6 causes X-linked, syndromic mental retardation,, Christianson type (MRXSCH)""",pathwayCommons,pathwayCommons
http___identifiers.org_reactome_R-HSA-5619094.sbgn,pathwayCommons,http://identifiers.org/reactome/R-HSA-5619094,reactome,R-HSA-5619094,Variant SLC6A14 may confer susceptibility towards obesity,pathwayCommons,pathwayCommons
http___identifiers.org_reactome_R-HSA-5619095.sbgn,pathwayCommons,http://identifiers.org/reactome/R-HSA-5619095,reactome,R-HSA-5619095,"""Defective SLCO2A1 causes primary, autosomal recessive hypertrophic osteoarthropathy 2 (PHOAR2)""",pathwayCommons,pathwayCommons
http___identifiers.org_reactome_R-HSA-5619096.sbgn,pathwayCommons,http://identifiers.org/reactome/R-HSA-5619096,reactome,R-HSA-5619096,Defective SLC5A5 causes thyroid dyshormonogenesis 1 (TDH1),pathwayCommons,pathwayCommons
http___identifiers.org_reactome_R-HSA-5619097.sbgn,pathwayCommons,http://identifiers.org/reactome/R-HSA-5619097,reactome,R-HSA-5619097,Defective SLC34A3 causes Hereditary hypophosphatemic rickets with hypercalciuria (HHRH),pathwayCommons,pathwayCommons
http___identifiers.org_reactome_R-HSA-5619098.sbgn,pathwayCommons,http://identifiers.org/reactome/R-HSA-5619098,reactome,R-HSA-5619098,Defective SLC2A2 causes Fanconi-Bickel syndrome (FBS),pathwayCommons,pathwayCommons
http___identifiers.org_reactome_R-HSA-5619099.sbgn,pathwayCommons,http://identifiers.org/reactome/R-HSA-5619099,reactome,R-HSA-5619099,Defective AVP causes neurohypophyseal diabetes insipidus (NDI),pathwayCommons,pathwayCommons
http___identifiers.org_reactome_R-HSA-5619101.sbgn,pathwayCommons,http://identifiers.org/reactome/R-HSA-5619101,reactome,R-HSA-5619101,Variant SLC6A20 contributes towards hyperglycinuria (HG) and iminoglycinuria (IG),pathwayCommons,pathwayCommons
http___identifiers.org_reactome_R-HSA-5619104.sbgn,pathwayCommons,http://identifiers.org/reactome/R-HSA-5619104,reactome,R-HSA-5619104,Defective SLC12A1 causes Bartter syndrome 1 (BS1),pathwayCommons,pathwayCommons
http___identifiers.org_reactome_R-HSA-5619107.sbgn,pathwayCommons,http://identifiers.org/reactome/R-HSA-5619107,reactome,R-HSA-5619107,Defective TPR may confer susceptibility towards thyroid papillary carcinoma (TPC),pathwayCommons,pathwayCommons
http___identifiers.org_reactome_R-HSA-5619108.sbgn,pathwayCommons,http://identifiers.org/reactome/R-HSA-5619108,reactome,R-HSA-5619108,Defective SLC27A4 causes ichthyosis prematurity syndrome (IPS),pathwayCommons,pathwayCommons
http___identifiers.org_reactome_R-HSA-5619109.sbgn,pathwayCommons,http://identifiers.org/reactome/R-HSA-5619109,reactome,R-HSA-5619109,Defective SLC6A2 causes orthostatic intolerance (OI),pathwayCommons,pathwayCommons
http___identifiers.org_reactome_R-HSA-5619110.sbgn,pathwayCommons,http://identifiers.org/reactome/R-HSA-5619110,reactome,R-HSA-5619110,"""Defective SLCO1B1 causes hyperbilirubinemia, Rotor type (HBLRR)""",pathwayCommons,pathwayCommons
http___identifiers.org_reactome_R-HSA-5619111.sbgn,pathwayCommons,http://identifiers.org/reactome/R-HSA-5619111,reactome,R-HSA-5619111,Defective SLC20A2 causes idiopathic basal ganglia calcification 1 (IBGC1),pathwayCommons,pathwayCommons
http___identifiers.org_reactome_R-HSA-5619113.sbgn,pathwayCommons,http://identifiers.org/reactome/R-HSA-5619113,reactome,R-HSA-5619113,Defective SLC3A1 causes cystinuria (CSNU),pathwayCommons,pathwayCommons
http___identifiers.org_reactome_R-HSA-5619114.sbgn,pathwayCommons,http://identifiers.org/reactome/R-HSA-5619114,reactome,R-HSA-5619114,Defective SLC5A7 causes distal hereditary motor neuronopathy 7A (HMN7A),pathwayCommons,pathwayCommons
http___identifiers.org_reactome_R-HSA-5620912.sbgn,pathwayCommons,http://identifiers.org/reactome/R-HSA-5620912,reactome,R-HSA-5620912,Anchoring of the basal body to the plasma membrane,pathwayCommons,pathwayCommons
http___identifiers.org_reactome_R-HSA-5620916.sbgn,pathwayCommons,http://identifiers.org/reactome/R-HSA-5620916,reactome,R-HSA-5620916,VxPx cargo-targeting to cilium,pathwayCommons,pathwayCommons
http___identifiers.org_reactome_R-HSA-5620922.sbgn,pathwayCommons,http://identifiers.org/reactome/R-HSA-5620922,reactome,R-HSA-5620922,BBSome-mediated cargo-targeting to cilium,pathwayCommons,pathwayCommons
http___identifiers.org_reactome_R-HSA-5620924.sbgn,pathwayCommons,http://identifiers.org/reactome/R-HSA-5620924,reactome,R-HSA-5620924,Intraflagellar transport,pathwayCommons,pathwayCommons
http___identifiers.org_reactome_R-HSA-5621480.sbgn,pathwayCommons,http://identifiers.org/reactome/R-HSA-5621480,reactome,R-HSA-5621480,Dectin-2 family,pathwayCommons,pathwayCommons
http___identifiers.org_reactome_R-HSA-5621575.sbgn,pathwayCommons,http://identifiers.org/reactome/R-HSA-5621575,reactome,R-HSA-5621575,CD209 (DC-SIGN) signaling,pathwayCommons,pathwayCommons
http___identifiers.org_reactome_R-HSA-5624138.sbgn,pathwayCommons,http://identifiers.org/reactome/R-HSA-5624138,reactome,R-HSA-5624138,Trafficking of myristoylated proteins to the cilium,pathwayCommons,pathwayCommons
http___identifiers.org_reactome_R-HSA-5624958.sbgn,pathwayCommons,http://identifiers.org/reactome/R-HSA-5624958,reactome,R-HSA-5624958,ARL13B-mediated ciliary trafficking of INPP5E,pathwayCommons,pathwayCommons
http___identifiers.org_reactome_R-HSA-5625740.sbgn,pathwayCommons,http://identifiers.org/reactome/R-HSA-5625740,reactome,R-HSA-5625740,RHO GTPases activate PKNs,pathwayCommons,pathwayCommons
http___identifiers.org_reactome_R-HSA-5625886.sbgn,pathwayCommons,http://identifiers.org/reactome/R-HSA-5625886,reactome,R-HSA-5625886,Activated PKN1 stimulates transcription of AR (androgen receptor) regulated genes KLK2 and KLK3,pathwayCommons,pathwayCommons
http___identifiers.org_reactome_R-HSA-5625900.sbgn,pathwayCommons,http://identifiers.org/reactome/R-HSA-5625900,reactome,R-HSA-5625900,RHO GTPases activate CIT,pathwayCommons,pathwayCommons
http___identifiers.org_reactome_R-HSA-5625970.sbgn,pathwayCommons,http://identifiers.org/reactome/R-HSA-5625970,reactome,R-HSA-5625970,RHO GTPases activate KTN1,pathwayCommons,pathwayCommons
http___identifiers.org_reactome_R-HSA-5626467.sbgn,pathwayCommons,http://identifiers.org/reactome/R-HSA-5626467,reactome,R-HSA-5626467,RHO GTPases activate IQGAPs,pathwayCommons,pathwayCommons
http___identifiers.org_reactome_R-HSA-5626978.sbgn,pathwayCommons,http://identifiers.org/reactome/R-HSA-5626978,reactome,R-HSA-5626978,TNFR1-mediated ceramide production,pathwayCommons,pathwayCommons
http___identifiers.org_reactome_R-HSA-5627083.sbgn,pathwayCommons,http://identifiers.org/reactome/R-HSA-5627083,reactome,R-HSA-5627083,RHO GTPases regulate CFTR trafficking,pathwayCommons,pathwayCommons
http___identifiers.org_reactome_R-HSA-5627117.sbgn,pathwayCommons,http://identifiers.org/reactome/R-HSA-5627117,reactome,R-HSA-5627117,RHO GTPases Activate ROCKs,pathwayCommons,pathwayCommons
http___identifiers.org_reactome_R-HSA-5627123.sbgn,pathwayCommons,http://identifiers.org/reactome/R-HSA-5627123,reactome,R-HSA-5627123,RHO GTPases activate PAKs,pathwayCommons,pathwayCommons
http___identifiers.org_reactome_R-HSA-5628897.sbgn,pathwayCommons,http://identifiers.org/reactome/R-HSA-5628897,reactome,R-HSA-5628897,TP53 Regulates Metabolic Genes,pathwayCommons,pathwayCommons
http___identifiers.org_reactome_R-HSA-5632681.sbgn,pathwayCommons,http://identifiers.org/reactome/R-HSA-5632681,reactome,R-HSA-5632681,Ligand-receptor interactions,pathwayCommons,pathwayCommons
http___identifiers.org_reactome_R-HSA-5632684.sbgn,pathwayCommons,http://identifiers.org/reactome/R-HSA-5632684,reactome,R-HSA-5632684,Hedgehog 'on' state,pathwayCommons,pathwayCommons
http___identifiers.org_reactome_R-HSA-5632927.sbgn,pathwayCommons,http://identifiers.org/reactome/R-HSA-5632927,reactome,R-HSA-5632927,Defective Mismatch Repair Associated With MSH3,pathwayCommons,pathwayCommons
http___identifiers.org_reactome_R-HSA-5632928.sbgn,pathwayCommons,http://identifiers.org/reactome/R-HSA-5632928,reactome,R-HSA-5632928,Defective Mismatch Repair Associated With MSH2,pathwayCommons,pathwayCommons
http___identifiers.org_reactome_R-HSA-5632968.sbgn,pathwayCommons,http://identifiers.org/reactome/R-HSA-5632968,reactome,R-HSA-5632968,Defective Mismatch Repair Associated With MSH6,pathwayCommons,pathwayCommons
http___identifiers.org_reactome_R-HSA-5632987.sbgn,pathwayCommons,http://identifiers.org/reactome/R-HSA-5632987,reactome,R-HSA-5632987,Defective Mismatch Repair Associated With PMS2,pathwayCommons,pathwayCommons
http___identifiers.org_reactome_R-HSA-5633231.sbgn,pathwayCommons,http://identifiers.org/reactome/R-HSA-5633231,reactome,R-HSA-5633231,Defective ALG14 causes congenital myasthenic syndrome (ALG14-CMS),pathwayCommons,pathwayCommons
http___identifiers.org_reactome_R-HSA-5635838.sbgn,pathwayCommons,http://identifiers.org/reactome/R-HSA-5635838,reactome,R-HSA-5635838,Activation of SMO,pathwayCommons,pathwayCommons
http___identifiers.org_reactome_R-HSA-5635851.sbgn,pathwayCommons,http://identifiers.org/reactome/R-HSA-5635851,reactome,R-HSA-5635851,GLI proteins bind promoters of Hh responsive genes to promote transcription,pathwayCommons,pathwayCommons
http___identifiers.org_reactome_R-HSA-5637810.sbgn,pathwayCommons,http://identifiers.org/reactome/R-HSA-5637810,reactome,R-HSA-5637810,Constitutive Signaling by EGFRvIII,pathwayCommons,pathwayCommons
http___identifiers.org_reactome_R-HSA-5638303.sbgn,pathwayCommons,http://identifiers.org/reactome/R-HSA-5638303,reactome,R-HSA-5638303,Inhibition of Signaling by Overexpressed EGFR,pathwayCommons,pathwayCommons
http___identifiers.org_reactome_R-HSA-5649702.sbgn,pathwayCommons,http://identifiers.org/reactome/R-HSA-5649702,reactome,R-HSA-5649702,APEX1-Independent Resolution of AP Sites via the Single Nucleotide Replacement Pathway,pathwayCommons,pathwayCommons
http___identifiers.org_reactome_R-HSA-5651801.sbgn,pathwayCommons,http://identifiers.org/reactome/R-HSA-5651801,reactome,R-HSA-5651801,PCNA-Dependent Long Patch Base Excision Repair,pathwayCommons,pathwayCommons
http___identifiers.org_reactome_R-HSA-5652227.sbgn,pathwayCommons,http://identifiers.org/reactome/R-HSA-5652227,reactome,R-HSA-5652227,Fructose biosynthesis,pathwayCommons,pathwayCommons
http___identifiers.org_reactome_R-HSA-5653890.sbgn,pathwayCommons,http://identifiers.org/reactome/R-HSA-5653890,reactome,R-HSA-5653890,Lactose synthesis,pathwayCommons,pathwayCommons
http___identifiers.org_reactome_R-HSA-5654219.sbgn,pathwayCommons,http://identifiers.org/reactome/R-HSA-5654219,reactome,R-HSA-5654219,Phospholipase C-mediated cascade: FGFR1,pathwayCommons,pathwayCommons
http___identifiers.org_reactome_R-HSA-5654221.sbgn,pathwayCommons,http://identifiers.org/reactome/R-HSA-5654221,reactome,R-HSA-5654221,Phospholipase C-mediated cascade; FGFR2,pathwayCommons,pathwayCommons
http___identifiers.org_reactome_R-HSA-5654227.sbgn,pathwayCommons,http://identifiers.org/reactome/R-HSA-5654227,reactome,R-HSA-5654227,Phospholipase C-mediated cascade; FGFR3,pathwayCommons,pathwayCommons
http___identifiers.org_reactome_R-HSA-5654228.sbgn,pathwayCommons,http://identifiers.org/reactome/R-HSA-5654228,reactome,R-HSA-5654228,Phospholipase C-mediated cascade; FGFR4,pathwayCommons,pathwayCommons
http___identifiers.org_reactome_R-HSA-5654687.sbgn,pathwayCommons,http://identifiers.org/reactome/R-HSA-5654687,reactome,R-HSA-5654687,Downstream signaling of activated FGFR1,pathwayCommons,pathwayCommons
http___identifiers.org_reactome_R-HSA-5654688.sbgn,pathwayCommons,http://identifiers.org/reactome/R-HSA-5654688,reactome,R-HSA-5654688,SHC-mediated cascade:FGFR1,pathwayCommons,pathwayCommons
http___identifiers.org_reactome_R-HSA-5654689.sbgn,pathwayCommons,http://identifiers.org/reactome/R-HSA-5654689,reactome,R-HSA-5654689,PI-3K cascade:FGFR1,pathwayCommons,pathwayCommons
http___identifiers.org_reactome_R-HSA-5654693.sbgn,pathwayCommons,http://identifiers.org/reactome/R-HSA-5654693,reactome,R-HSA-5654693,FRS-mediated FGFR1 signaling,pathwayCommons,pathwayCommons
http___identifiers.org_reactome_R-HSA-5654695.sbgn,pathwayCommons,http://identifiers.org/reactome/R-HSA-5654695,reactome,R-HSA-5654695,PI-3K cascade:FGFR2,pathwayCommons,pathwayCommons
http___identifiers.org_reactome_R-HSA-5654699.sbgn,pathwayCommons,http://identifiers.org/reactome/R-HSA-5654699,reactome,R-HSA-5654699,SHC-mediated cascade:FGFR2,pathwayCommons,pathwayCommons
http___identifiers.org_reactome_R-HSA-5654700.sbgn,pathwayCommons,http://identifiers.org/reactome/R-HSA-5654700,reactome,R-HSA-5654700,FRS-mediated FGFR2 signaling,pathwayCommons,pathwayCommons
http___identifiers.org_reactome_R-HSA-5654704.sbgn,pathwayCommons,http://identifiers.org/reactome/R-HSA-5654704,reactome,R-HSA-5654704,SHC-mediated cascade:FGFR3,pathwayCommons,pathwayCommons
http___identifiers.org_reactome_R-HSA-5654706.sbgn,pathwayCommons,http://identifiers.org/reactome/R-HSA-5654706,reactome,R-HSA-5654706,FRS-mediated FGFR3 signaling,pathwayCommons,pathwayCommons
http___identifiers.org_reactome_R-HSA-5654710.sbgn,pathwayCommons,http://identifiers.org/reactome/R-HSA-5654710,reactome,R-HSA-5654710,PI-3K cascade:FGFR3,pathwayCommons,pathwayCommons
http___identifiers.org_reactome_R-HSA-5654712.sbgn,pathwayCommons,http://identifiers.org/reactome/R-HSA-5654712,reactome,R-HSA-5654712,FRS-mediated FGFR4 signaling,pathwayCommons,pathwayCommons
http___identifiers.org_reactome_R-HSA-5654719.sbgn,pathwayCommons,http://identifiers.org/reactome/R-HSA-5654719,reactome,R-HSA-5654719,SHC-mediated cascade:FGFR4,pathwayCommons,pathwayCommons
http___identifiers.org_reactome_R-HSA-5654720.sbgn,pathwayCommons,http://identifiers.org/reactome/R-HSA-5654720,reactome,R-HSA-5654720,PI-3K cascade:FGFR4,pathwayCommons,pathwayCommons
http___identifiers.org_reactome_R-HSA-5654726.sbgn,pathwayCommons,http://identifiers.org/reactome/R-HSA-5654726,reactome,R-HSA-5654726,Negative regulation of FGFR1 signaling,pathwayCommons,pathwayCommons
http___identifiers.org_reactome_R-HSA-5654727.sbgn,pathwayCommons,http://identifiers.org/reactome/R-HSA-5654727,reactome,R-HSA-5654727,Negative regulation of FGFR2 signaling,pathwayCommons,pathwayCommons
http___identifiers.org_reactome_R-HSA-5654732.sbgn,pathwayCommons,http://identifiers.org/reactome/R-HSA-5654732,reactome,R-HSA-5654732,Negative regulation of FGFR3 signaling,pathwayCommons,pathwayCommons
http___identifiers.org_reactome_R-HSA-5654733.sbgn,pathwayCommons,http://identifiers.org/reactome/R-HSA-5654733,reactome,R-HSA-5654733,Negative regulation of FGFR4 signaling,pathwayCommons,pathwayCommons
http___identifiers.org_reactome_R-HSA-5655253.sbgn,pathwayCommons,http://identifiers.org/reactome/R-HSA-5655253,reactome,R-HSA-5655253,Signaling by FGFR2 in disease,pathwayCommons,pathwayCommons
http___identifiers.org_reactome_R-HSA-5655291.sbgn,pathwayCommons,http://identifiers.org/reactome/R-HSA-5655291,reactome,R-HSA-5655291,Signaling by FGFR4 in disease,pathwayCommons,pathwayCommons
http___identifiers.org_reactome_R-HSA-5655302.sbgn,pathwayCommons,http://identifiers.org/reactome/R-HSA-5655302,reactome,R-HSA-5655302,Signaling by FGFR1 in disease,pathwayCommons,pathwayCommons
http___identifiers.org_reactome_R-HSA-5655799.sbgn,pathwayCommons,http://identifiers.org/reactome/R-HSA-5655799,reactome,R-HSA-5655799,Defective SLC40A1 causes hemochromatosis 4 (HFE4) (duodenum),pathwayCommons,pathwayCommons
http___identifiers.org_reactome_R-HSA-5655862.sbgn,pathwayCommons,http://identifiers.org/reactome/R-HSA-5655862,reactome,R-HSA-5655862,Translesion synthesis by POLK,pathwayCommons,pathwayCommons
http___identifiers.org_reactome_R-HSA-5656121.sbgn,pathwayCommons,http://identifiers.org/reactome/R-HSA-5656121,reactome,R-HSA-5656121,Translesion synthesis by POLI,pathwayCommons,pathwayCommons
http___identifiers.org_reactome_R-HSA-5656169.sbgn,pathwayCommons,http://identifiers.org/reactome/R-HSA-5656169,reactome,R-HSA-5656169,Termination of translesion DNA synthesis,pathwayCommons,pathwayCommons
http___identifiers.org_reactome_R-HSA-5656364.sbgn,pathwayCommons,http://identifiers.org/reactome/R-HSA-5656364,reactome,R-HSA-5656364,Defective SLC5A1 causes congenital glucose/galactose malabsorption (GGM),pathwayCommons,pathwayCommons
http___identifiers.org_reactome_R-HSA-5657560.sbgn,pathwayCommons,http://identifiers.org/reactome/R-HSA-5657560,reactome,R-HSA-5657560,Hereditary fructose intolerance,pathwayCommons,pathwayCommons
http___identifiers.org_reactome_R-HSA-5657562.sbgn,pathwayCommons,http://identifiers.org/reactome/R-HSA-5657562,reactome,R-HSA-5657562,Essential fructosuria,pathwayCommons,pathwayCommons
http___identifiers.org_reactome_R-HSA-5657655.sbgn,pathwayCommons,http://identifiers.org/reactome/R-HSA-5657655,reactome,R-HSA-5657655,MGMT-mediated DNA damage reversal,pathwayCommons,pathwayCommons
http___identifiers.org_reactome_R-HSA-5658034.sbgn,pathwayCommons,http://identifiers.org/reactome/R-HSA-5658034,reactome,R-HSA-5658034,HHAT G278V abrogates palmitoylation of Hh-Np,pathwayCommons,pathwayCommons
http___identifiers.org_reactome_R-HSA-5658208.sbgn,pathwayCommons,http://identifiers.org/reactome/R-HSA-5658208,reactome,R-HSA-5658208,Defective SLC5A2 causes renal glucosuria (GLYS1),pathwayCommons,pathwayCommons
http___identifiers.org_reactome_R-HSA-5658442.sbgn,pathwayCommons,http://identifiers.org/reactome/R-HSA-5658442,reactome,R-HSA-5658442,Regulation of RAS by GAPs,pathwayCommons,pathwayCommons
http___identifiers.org_reactome_R-HSA-5658471.sbgn,pathwayCommons,http://identifiers.org/reactome/R-HSA-5658471,reactome,R-HSA-5658471,Defective SLC5A7 causes distal hereditary motor neuronopathy 7A (HMN7A),pathwayCommons,pathwayCommons
http___identifiers.org_reactome_R-HSA-5658623.sbgn,pathwayCommons,http://identifiers.org/reactome/R-HSA-5658623,reactome,R-HSA-5658623,FGFRL1 modulation of FGFR1 signaling,pathwayCommons,pathwayCommons
http___identifiers.org_reactome_R-HSA-5659729.sbgn,pathwayCommons,http://identifiers.org/reactome/R-HSA-5659729,reactome,R-HSA-5659729,Defective SLC6A18 may confer susceptibility to iminoglycinuria and/or hyperglycinuria,pathwayCommons,pathwayCommons
http___identifiers.org_reactome_R-HSA-5659735.sbgn,pathwayCommons,http://identifiers.org/reactome/R-HSA-5659735,reactome,R-HSA-5659735,Defective SLC6A19 causes Hartnup disorder (HND),pathwayCommons,pathwayCommons
http___identifiers.org_reactome_R-HSA-5659898.sbgn,pathwayCommons,http://identifiers.org/reactome/R-HSA-5659898,reactome,R-HSA-5659898,Intestinal saccharidase deficiencies,pathwayCommons,pathwayCommons
http___identifiers.org_reactome_R-HSA-5659996.sbgn,pathwayCommons,http://identifiers.org/reactome/R-HSA-5659996,reactome,R-HSA-5659996,RPIA deficiency: failed conversion of R5P to RU5P,pathwayCommons,pathwayCommons
http___identifiers.org_reactome_R-HSA-5660489.sbgn,pathwayCommons,http://identifiers.org/reactome/R-HSA-5660489,reactome,R-HSA-5660489,MTF1 activates gene expression,pathwayCommons,pathwayCommons
http___identifiers.org_reactome_R-HSA-5660668.sbgn,pathwayCommons,http://identifiers.org/reactome/R-HSA-5660668,reactome,R-HSA-5660668,CLEC7A/inflammasome pathway,pathwayCommons,pathwayCommons
http___identifiers.org_reactome_R-HSA-5660686.sbgn,pathwayCommons,http://identifiers.org/reactome/R-HSA-5660686,reactome,R-HSA-5660686,Variant SLC6A20 contributes towards hyperglycinuria (HG) and iminoglycinuria (IG),pathwayCommons,pathwayCommons
http___identifiers.org_reactome_R-HSA-5660724.sbgn,pathwayCommons,http://identifiers.org/reactome/R-HSA-5660724,reactome,R-HSA-5660724,Defective SLC6A3 causes Parkinsonism-dystonia infantile (PKDYS),pathwayCommons,pathwayCommons
http___identifiers.org_reactome_R-HSA-5660862.sbgn,pathwayCommons,http://identifiers.org/reactome/R-HSA-5660862,reactome,R-HSA-5660862,Defective SLC7A7 causes lysinuric protein intolerance (LPI),pathwayCommons,pathwayCommons
http___identifiers.org_reactome_R-HSA-5660883.sbgn,pathwayCommons,http://identifiers.org/reactome/R-HSA-5660883,reactome,R-HSA-5660883,Defective SLC7A9 causes cystinuria (CSNU),pathwayCommons,pathwayCommons
http___identifiers.org_reactome_R-HSA-5661182.sbgn,pathwayCommons,http://identifiers.org/reactome/R-HSA-5661182,reactome,R-HSA-5661182,"""Defective SLCO1B1 causes hyperbilirubinemia, Rotor type (HBLRR)""",pathwayCommons,pathwayCommons
http___identifiers.org_reactome_R-HSA-5661231.sbgn,pathwayCommons,http://identifiers.org/reactome/R-HSA-5661231,reactome,R-HSA-5661231,Metallothioneins bind metals,pathwayCommons,pathwayCommons
http___identifiers.org_reactome_R-HSA-5661270.sbgn,pathwayCommons,http://identifiers.org/reactome/R-HSA-5661270,reactome,R-HSA-5661270,Catabolism of glucuronate to xylulose-5-phosphate,pathwayCommons,pathwayCommons
http___identifiers.org_reactome_R-HSA-5662702.sbgn,pathwayCommons,http://identifiers.org/reactome/R-HSA-5662702,reactome,R-HSA-5662702,Melanin biosynthesis,pathwayCommons,pathwayCommons
http___identifiers.org_reactome_R-HSA-5662853.sbgn,pathwayCommons,http://identifiers.org/reactome/R-HSA-5662853,reactome,R-HSA-5662853,Essential pentosuria,pathwayCommons,pathwayCommons
http___identifiers.org_reactome_R-HSA-5663020.sbgn,pathwayCommons,http://identifiers.org/reactome/R-HSA-5663020,reactome,R-HSA-5663020,Defective SLC35A1 causes congenital disorder of glycosylation 2F (CDG2F),pathwayCommons,pathwayCommons
http___identifiers.org_reactome_R-HSA-5663213.sbgn,pathwayCommons,http://identifiers.org/reactome/R-HSA-5663213,reactome,R-HSA-5663213,RHO GTPases Activate WASPs and WAVEs,pathwayCommons,pathwayCommons
http___identifiers.org_reactome_R-HSA-5663220.sbgn,pathwayCommons,http://identifiers.org/reactome/R-HSA-5663220,reactome,R-HSA-5663220,RHO GTPases Activate Formins,pathwayCommons,pathwayCommons
http___identifiers.org_reactome_R-HSA-5666185.sbgn,pathwayCommons,http://identifiers.org/reactome/R-HSA-5666185,reactome,R-HSA-5666185,RHO GTPases Activate Rhotekin and Rhophilins,pathwayCommons,pathwayCommons
http___identifiers.org_reactome_R-HSA-5668541.sbgn,pathwayCommons,http://identifiers.org/reactome/R-HSA-5668541,reactome,R-HSA-5668541,TNFR2 non-canonical NF-kB pathway,pathwayCommons,pathwayCommons
http___identifiers.org_reactome_R-HSA-5668599.sbgn,pathwayCommons,http://identifiers.org/reactome/R-HSA-5668599,reactome,R-HSA-5668599,RHO GTPases Activate NADPH Oxidases,pathwayCommons,pathwayCommons
http___identifiers.org_reactome_R-HSA-5669034.sbgn,pathwayCommons,http://identifiers.org/reactome/R-HSA-5669034,reactome,R-HSA-5669034,TNFs bind their physiological receptors,pathwayCommons,pathwayCommons
http___identifiers.org_reactome_R-HSA-5673000.sbgn,pathwayCommons,http://identifiers.org/reactome/R-HSA-5673000,reactome,R-HSA-5673000,RAF activation,pathwayCommons,pathwayCommons
http___identifiers.org_reactome_R-HSA-5673001.sbgn,pathwayCommons,http://identifiers.org/reactome/R-HSA-5673001,reactome,R-HSA-5673001,RAF/MAP kinase cascade,pathwayCommons,pathwayCommons
http___identifiers.org_reactome_R-HSA-5674135.sbgn,pathwayCommons,http://identifiers.org/reactome/R-HSA-5674135,reactome,R-HSA-5674135,MAP2K and MAPK activation,pathwayCommons,pathwayCommons
http___identifiers.org_reactome_R-HSA-5674400.sbgn,pathwayCommons,http://identifiers.org/reactome/R-HSA-5674400,reactome,R-HSA-5674400,Constitutive Signaling by AKT1 E17K in Cancer,pathwayCommons,pathwayCommons
http___identifiers.org_reactome_R-HSA-5674404.sbgn,pathwayCommons,http://identifiers.org/reactome/R-HSA-5674404,reactome,R-HSA-5674404,PTEN Loss of Function in Cancer,pathwayCommons,pathwayCommons
http___identifiers.org_reactome_R-HSA-5674499.sbgn,pathwayCommons,http://identifiers.org/reactome/R-HSA-5674499,reactome,R-HSA-5674499,Negative feedback regulation of MAPK pathway,pathwayCommons,pathwayCommons
http___identifiers.org_reactome_R-HSA-5675221.sbgn,pathwayCommons,http://identifiers.org/reactome/R-HSA-5675221,reactome,R-HSA-5675221,Negative regulation of MAPK pathway,pathwayCommons,pathwayCommons
http___identifiers.org_reactome_R-HSA-5675482.sbgn,pathwayCommons,http://identifiers.org/reactome/R-HSA-5675482,reactome,R-HSA-5675482,Regulation of necroptotic cell death,pathwayCommons,pathwayCommons
http___identifiers.org_reactome_R-HSA-5676590.sbgn,pathwayCommons,http://identifiers.org/reactome/R-HSA-5676590,reactome,R-HSA-5676590,NIK-->noncanonical NF-kB signaling,pathwayCommons,pathwayCommons
http___identifiers.org_reactome_R-HSA-5676594.sbgn,pathwayCommons,http://identifiers.org/reactome/R-HSA-5676594,reactome,R-HSA-5676594,TNF receptor superfamily (TNFSF) members mediating non-canonical NF-kB pathway,pathwayCommons,pathwayCommons
http___identifiers.org_reactome_R-HSA-5676934.sbgn,pathwayCommons,http://identifiers.org/reactome/R-HSA-5676934,reactome,R-HSA-5676934,Protein repair,pathwayCommons,pathwayCommons
http___identifiers.org_reactome_R-HSA-5678420.sbgn,pathwayCommons,http://identifiers.org/reactome/R-HSA-5678420,reactome,R-HSA-5678420,"""Defective ABCC9 causes dilated cardiomyopathy 10, familial atrial fibrillation 12 and hypertrichotic osteochondrodysplasia""",pathwayCommons,pathwayCommons
http___identifiers.org_reactome_R-HSA-5678520.sbgn,pathwayCommons,http://identifiers.org/reactome/R-HSA-5678520,reactome,R-HSA-5678520,Defective ABCB11 causes progressive familial intrahepatic cholestasis 2 and benign recurrent intrahepatic cholestasis 2,pathwayCommons,pathwayCommons
http___identifiers.org_reactome_R-HSA-5678771.sbgn,pathwayCommons,http://identifiers.org/reactome/R-HSA-5678771,reactome,R-HSA-5678771,"""Defective ABCB4 causes progressive familial intrahepatic cholestasis 3, intrahepatic cholestasis of pregnancy 3 and gallbladder disease 1""",pathwayCommons,pathwayCommons
http___identifiers.org_reactome_R-HSA-5678895.sbgn,pathwayCommons,http://identifiers.org/reactome/R-HSA-5678895,reactome,R-HSA-5678895,Defective CFTR causes cystic fibrosis,pathwayCommons,pathwayCommons
http___identifiers.org_reactome_R-HSA-5679001.sbgn,pathwayCommons,http://identifiers.org/reactome/R-HSA-5679001,reactome,R-HSA-5679001,Defective ABCC2 causes Dubin-Johnson syndrome,pathwayCommons,pathwayCommons
http___identifiers.org_reactome_R-HSA-5679090.sbgn,pathwayCommons,http://identifiers.org/reactome/R-HSA-5679090,reactome,R-HSA-5679090,Defective ABCG8 causes gallbladder disease 4 and sitosterolemia,pathwayCommons,pathwayCommons
http___identifiers.org_reactome_R-HSA-5679096.sbgn,pathwayCommons,http://identifiers.org/reactome/R-HSA-5679096,reactome,R-HSA-5679096,Defective ABCG5 causes sitosterolemia,pathwayCommons,pathwayCommons
http___identifiers.org_reactome_R-HSA-5682113.sbgn,pathwayCommons,http://identifiers.org/reactome/R-HSA-5682113,reactome,R-HSA-5682113,Defective ABCA1 causes Tangier disease,pathwayCommons,pathwayCommons
http___identifiers.org_reactome_R-HSA-5682294.sbgn,pathwayCommons,http://identifiers.org/reactome/R-HSA-5682294,reactome,R-HSA-5682294,Defective ABCA12 causes autosomal recessive congenital ichthyosis type 4B,pathwayCommons,pathwayCommons
http___identifiers.org_reactome_R-HSA-5682910.sbgn,pathwayCommons,http://identifiers.org/reactome/R-HSA-5682910,reactome,R-HSA-5682910,LGI-ADAM interactions,pathwayCommons,pathwayCommons
http___identifiers.org_reactome_R-HSA-5683177.sbgn,pathwayCommons,http://identifiers.org/reactome/R-HSA-5683177,reactome,R-HSA-5683177,Defective ABCC8 can cause hypoglycemias and hyperglycemias,pathwayCommons,pathwayCommons
http___identifiers.org_reactome_R-HSA-5683329.sbgn,pathwayCommons,http://identifiers.org/reactome/R-HSA-5683329,reactome,R-HSA-5683329,"""Defective ABCD4 causes methylmalonic aciduria and homocystinuria, cblj type (MAHCJ)""",pathwayCommons,pathwayCommons
http___identifiers.org_reactome_R-HSA-5683371.sbgn,pathwayCommons,http://identifiers.org/reactome/R-HSA-5683371,reactome,R-HSA-5683371,Defective ABCB6 causes isolated colobomatous microphthalmia 7 (MCOPCB7),pathwayCommons,pathwayCommons
http___identifiers.org_reactome_R-HSA-5683678.sbgn,pathwayCommons,http://identifiers.org/reactome/R-HSA-5683678,reactome,R-HSA-5683678,Defective ABCA3 causes pulmonary surfactant metabolism dysfunction type 3 (SMDP3),pathwayCommons,pathwayCommons
http___identifiers.org_reactome_R-HSA-5683826.sbgn,pathwayCommons,http://identifiers.org/reactome/R-HSA-5683826,reactome,R-HSA-5683826,Surfactant metabolism,pathwayCommons,pathwayCommons
http___identifiers.org_reactome_R-HSA-5684045.sbgn,pathwayCommons,http://identifiers.org/reactome/R-HSA-5684045,reactome,R-HSA-5684045,Defective ABCD1 causes adrenoleukodystrophy (ALD),pathwayCommons,pathwayCommons
http___identifiers.org_reactome_R-HSA-5684264.sbgn,pathwayCommons,http://identifiers.org/reactome/R-HSA-5684264,reactome,R-HSA-5684264,MAP3K8 (TPL2)-dependent MAPK1/3 activation,pathwayCommons,pathwayCommons
http___identifiers.org_reactome_R-HSA-5685938.sbgn,pathwayCommons,http://identifiers.org/reactome/R-HSA-5685938,reactome,R-HSA-5685938,HDR through Single Strand Annealing (SSA),pathwayCommons,pathwayCommons
http___identifiers.org_reactome_R-HSA-5685939.sbgn,pathwayCommons,http://identifiers.org/reactome/R-HSA-5685939,reactome,R-HSA-5685939,HDR through MMEJ (alt-NHEJ),pathwayCommons,pathwayCommons
http___identifiers.org_reactome_R-HSA-5685942.sbgn,pathwayCommons,http://identifiers.org/reactome/R-HSA-5685942,reactome,R-HSA-5685942,HDR through Homologous Recombination (HRR),pathwayCommons,pathwayCommons
http___identifiers.org_reactome_R-HSA-5686938.sbgn,pathwayCommons,http://identifiers.org/reactome/R-HSA-5686938,reactome,R-HSA-5686938,Regulation of TLR by endogenous ligand,pathwayCommons,pathwayCommons
http___identifiers.org_reactome_R-HSA-5687128.sbgn,pathwayCommons,http://identifiers.org/reactome/R-HSA-5687128,reactome,R-HSA-5687128,MAPK6/MAPK4 signaling,pathwayCommons,pathwayCommons
http___identifiers.org_reactome_R-HSA-5687583.sbgn,pathwayCommons,http://identifiers.org/reactome/R-HSA-5687583,reactome,R-HSA-5687583,Defective SLC34A2 causes pulmonary alveolar microlithiasis (PALM),pathwayCommons,pathwayCommons
http___identifiers.org_reactome_R-HSA-5687868.sbgn,pathwayCommons,http://identifiers.org/reactome/R-HSA-5687868,reactome,R-HSA-5687868,Defective SFTPA2 causes idiopathic pulmonary fibrosis (IPF),pathwayCommons,pathwayCommons
http___identifiers.org_reactome_R-HSA-5688031.sbgn,pathwayCommons,http://identifiers.org/reactome/R-HSA-5688031,reactome,R-HSA-5688031,Defective pro-SFTPB causes pulmonary surfactant metabolism dysfunction 1 (SMDP1) and respiratory distress syndrome (RDS),pathwayCommons,pathwayCommons
http___identifiers.org_reactome_R-HSA-5688354.sbgn,pathwayCommons,http://identifiers.org/reactome/R-HSA-5688354,reactome,R-HSA-5688354,Defective pro-SFTPC causes pulmonary surfactant metabolism dysfunction 2 (SMDP2) and respiratory distress syndrome (RDS),pathwayCommons,pathwayCommons
http___identifiers.org_reactome_R-HSA-5688399.sbgn,pathwayCommons,http://identifiers.org/reactome/R-HSA-5688399,reactome,R-HSA-5688399,Defective ABCA3 causes pulmonary surfactant metabolism dysfunction 3 (SMDP3),pathwayCommons,pathwayCommons
http___identifiers.org_reactome_R-HSA-5688849.sbgn,pathwayCommons,http://identifiers.org/reactome/R-HSA-5688849,reactome,R-HSA-5688849,Defective CSF2RB causes pulmonary surfactant metabolism dysfunction 5 (SMDP5),pathwayCommons,pathwayCommons
http___identifiers.org_reactome_R-HSA-5688890.sbgn,pathwayCommons,http://identifiers.org/reactome/R-HSA-5688890,reactome,R-HSA-5688890,Defective CSF2RA causes pulmonary surfactant metabolism dysfunction 4 (SMDP4),pathwayCommons,pathwayCommons
http___identifiers.org_reactome_R-HSA-5689603.sbgn,pathwayCommons,http://identifiers.org/reactome/R-HSA-5689603,reactome,R-HSA-5689603,UCH proteinases,pathwayCommons,pathwayCommons
http___identifiers.org_reactome_R-HSA-5689877.sbgn,pathwayCommons,http://identifiers.org/reactome/R-HSA-5689877,reactome,R-HSA-5689877,Josephin domain DUBs,pathwayCommons,pathwayCommons
http___identifiers.org_reactome_R-HSA-5689880.sbgn,pathwayCommons,http://identifiers.org/reactome/R-HSA-5689880,reactome,R-HSA-5689880,Ub-specific processing proteases,pathwayCommons,pathwayCommons
http___identifiers.org_reactome_R-HSA-5689896.sbgn,pathwayCommons,http://identifiers.org/reactome/R-HSA-5689896,reactome,R-HSA-5689896,Ovarian tumor domain proteases,pathwayCommons,pathwayCommons
http___identifiers.org_reactome_R-HSA-5689901.sbgn,pathwayCommons,http://identifiers.org/reactome/R-HSA-5689901,reactome,R-HSA-5689901,Metalloprotease DUBs,pathwayCommons,pathwayCommons
http___identifiers.org_reactome_R-HSA-5690338.sbgn,pathwayCommons,http://identifiers.org/reactome/R-HSA-5690338,reactome,R-HSA-5690338,Defective ABCC6 causes pseudoxanthoma elasticum (PXE),pathwayCommons,pathwayCommons
http___identifiers.org_reactome_R-HSA-5690714.sbgn,pathwayCommons,http://identifiers.org/reactome/R-HSA-5690714,reactome,R-HSA-5690714,CD22 mediated BCR regulation,pathwayCommons,pathwayCommons
http___identifiers.org_reactome_R-HSA-5693548.sbgn,pathwayCommons,http://identifiers.org/reactome/R-HSA-5693548,reactome,R-HSA-5693548,Sensing of DNA Double Strand Breaks,pathwayCommons,pathwayCommons
http___identifiers.org_reactome_R-HSA-5693554.sbgn,pathwayCommons,http://identifiers.org/reactome/R-HSA-5693554,reactome,R-HSA-5693554,Resolution of D-loop Structures through Synthesis-Dependent Strand Annealing (SDSA),pathwayCommons,pathwayCommons
http___identifiers.org_reactome_R-HSA-5693565.sbgn,pathwayCommons,http://identifiers.org/reactome/R-HSA-5693565,reactome,R-HSA-5693565,Recruitment and ATM-mediated phosphorylation of repair and signaling proteins at DNA double strand breaks,pathwayCommons,pathwayCommons
http___identifiers.org_reactome_R-HSA-5693568.sbgn,pathwayCommons,http://identifiers.org/reactome/R-HSA-5693568,reactome,R-HSA-5693568,Resolution of D-loop Structures through Holliday Junction Intermediates,pathwayCommons,pathwayCommons
http___identifiers.org_reactome_R-HSA-5693571.sbgn,pathwayCommons,http://identifiers.org/reactome/R-HSA-5693571,reactome,R-HSA-5693571,Nonhomologous End-Joining (NHEJ),pathwayCommons,pathwayCommons
http___identifiers.org_reactome_R-HSA-5693579.sbgn,pathwayCommons,http://identifiers.org/reactome/R-HSA-5693579,reactome,R-HSA-5693579,Homologous DNA Pairing and Strand Exchange,pathwayCommons,pathwayCommons
http___identifiers.org_reactome_R-HSA-5693607.sbgn,pathwayCommons,http://identifiers.org/reactome/R-HSA-5693607,reactome,R-HSA-5693607,Processing of DNA double-strand break ends,pathwayCommons,pathwayCommons
http___identifiers.org_reactome_R-HSA-5693616.sbgn,pathwayCommons,http://identifiers.org/reactome/R-HSA-5693616,reactome,R-HSA-5693616,Presynaptic phase of homologous DNA pairing and strand exchange,pathwayCommons,pathwayCommons
http___identifiers.org_reactome_R-HSA-5694530.sbgn,pathwayCommons,http://identifiers.org/reactome/R-HSA-5694530,reactome,R-HSA-5694530,Cargo concentration in the ER,pathwayCommons,pathwayCommons
http___identifiers.org_reactome_R-HSA-5696394.sbgn,pathwayCommons,http://identifiers.org/reactome/R-HSA-5696394,reactome,R-HSA-5696394,DNA Damage Recognition in GG-NER,pathwayCommons,pathwayCommons
http___identifiers.org_reactome_R-HSA-5696395.sbgn,pathwayCommons,http://identifiers.org/reactome/R-HSA-5696395,reactome,R-HSA-5696395,Formation of Incision Complex in GG-NER,pathwayCommons,pathwayCommons
http___identifiers.org_reactome_R-HSA-5696397.sbgn,pathwayCommons,http://identifiers.org/reactome/R-HSA-5696397,reactome,R-HSA-5696397,Gap-filling DNA repair synthesis and ligation in GG-NER,pathwayCommons,pathwayCommons
http___identifiers.org_reactome_R-HSA-5696400.sbgn,pathwayCommons,http://identifiers.org/reactome/R-HSA-5696400,reactome,R-HSA-5696400,Dual Incision in GG-NER,pathwayCommons,pathwayCommons
http___identifiers.org_reactome_R-HSA-606279.sbgn,pathwayCommons,http://identifiers.org/reactome/R-HSA-606279,reactome,R-HSA-606279,Deposition of new CENPA-containing nucleosomes at the centromere,pathwayCommons,pathwayCommons
http___identifiers.org_reactome_R-HSA-611105.sbgn,pathwayCommons,http://identifiers.org/reactome/R-HSA-611105,reactome,R-HSA-611105,Respiratory electron transport,pathwayCommons,pathwayCommons
http___identifiers.org_reactome_R-HSA-629587.sbgn,pathwayCommons,http://identifiers.org/reactome/R-HSA-629587,reactome,R-HSA-629587,Highly sodium permeable acetylcholine nicotinic receptors,pathwayCommons,pathwayCommons
http___identifiers.org_reactome_R-HSA-629594.sbgn,pathwayCommons,http://identifiers.org/reactome/R-HSA-629594,reactome,R-HSA-629594,Highly calcium permeable postsynaptic nicotinic acetylcholine receptors,pathwayCommons,pathwayCommons
http___identifiers.org_reactome_R-HSA-629597.sbgn,pathwayCommons,http://identifiers.org/reactome/R-HSA-629597,reactome,R-HSA-629597,Highly calcium permeable nicotinic acetylcholine receptors,pathwayCommons,pathwayCommons
http___identifiers.org_reactome_R-HSA-674695.sbgn,pathwayCommons,http://identifiers.org/reactome/R-HSA-674695,reactome,R-HSA-674695,RNA Polymerase II Pre-transcription Events,pathwayCommons,pathwayCommons
http___identifiers.org_reactome_R-HSA-6781823.sbgn,pathwayCommons,http://identifiers.org/reactome/R-HSA-6781823,reactome,R-HSA-6781823,Formation of TC-NER Pre-Incision Complex,pathwayCommons,pathwayCommons
http___identifiers.org_reactome_R-HSA-6781827.sbgn,pathwayCommons,http://identifiers.org/reactome/R-HSA-6781827,reactome,R-HSA-6781827,Transcription-Coupled Nucleotide Excision Repair (TC-NER),pathwayCommons,pathwayCommons
http___identifiers.org_reactome_R-HSA-6782135.sbgn,pathwayCommons,http://identifiers.org/reactome/R-HSA-6782135,reactome,R-HSA-6782135,Dual incision in TC-NER,pathwayCommons,pathwayCommons
http___identifiers.org_reactome_R-HSA-6782210.sbgn,pathwayCommons,http://identifiers.org/reactome/R-HSA-6782210,reactome,R-HSA-6782210,Gap-filling DNA repair synthesis and ligation in TC-NER,pathwayCommons,pathwayCommons
http___identifiers.org_reactome_R-HSA-6782315.sbgn,pathwayCommons,http://identifiers.org/reactome/R-HSA-6782315,reactome,R-HSA-6782315,tRNA modification in the nucleus and cytosol,pathwayCommons,pathwayCommons
http___identifiers.org_reactome_R-HSA-6782861.sbgn,pathwayCommons,http://identifiers.org/reactome/R-HSA-6782861,reactome,R-HSA-6782861,Synthesis of wybutosine at G37 of tRNA(Phe),pathwayCommons,pathwayCommons
http___identifiers.org_reactome_R-HSA-6783310.sbgn,pathwayCommons,http://identifiers.org/reactome/R-HSA-6783310,reactome,R-HSA-6783310,Fanconi Anemia Pathway,pathwayCommons,pathwayCommons
http___identifiers.org_reactome_R-HSA-6783589.sbgn,pathwayCommons,http://identifiers.org/reactome/R-HSA-6783589,reactome,R-HSA-6783589,Interleukin-6 family signaling,pathwayCommons,pathwayCommons
http___identifiers.org_reactome_R-HSA-6783783.sbgn,pathwayCommons,http://identifiers.org/reactome/R-HSA-6783783,reactome,R-HSA-6783783,Interleukin-10 signaling,pathwayCommons,pathwayCommons
http___identifiers.org_reactome_R-HSA-6783984.sbgn,pathwayCommons,http://identifiers.org/reactome/R-HSA-6783984,reactome,R-HSA-6783984,Glycine degradation,pathwayCommons,pathwayCommons
http___identifiers.org_reactome_R-HSA-6784531.sbgn,pathwayCommons,http://identifiers.org/reactome/R-HSA-6784531,reactome,R-HSA-6784531,tRNA processing in the nucleus,pathwayCommons,pathwayCommons
http___identifiers.org_reactome_R-HSA-6785470.sbgn,pathwayCommons,http://identifiers.org/reactome/R-HSA-6785470,reactome,R-HSA-6785470,tRNA processing in the mitochondrion,pathwayCommons,pathwayCommons
http___identifiers.org_reactome_R-HSA-6785631.sbgn,pathwayCommons,http://identifiers.org/reactome/R-HSA-6785631,reactome,R-HSA-6785631,ERBB2 Regulates Cell Motility,pathwayCommons,pathwayCommons
http___identifiers.org_reactome_R-HSA-6785807.sbgn,pathwayCommons,http://identifiers.org/reactome/R-HSA-6785807,reactome,R-HSA-6785807,Interleukin-4 and 13 signaling,pathwayCommons,pathwayCommons
http___identifiers.org_reactome_R-HSA-6787450.sbgn,pathwayCommons,http://identifiers.org/reactome/R-HSA-6787450,reactome,R-HSA-6787450,tRNA modification in the mitochondrion,pathwayCommons,pathwayCommons
http___identifiers.org_reactome_R-HSA-6787639.sbgn,pathwayCommons,http://identifiers.org/reactome/R-HSA-6787639,reactome,R-HSA-6787639,GDP-fucose biosynthesis,pathwayCommons,pathwayCommons
http___identifiers.org_reactome_R-HSA-6788467.sbgn,pathwayCommons,http://identifiers.org/reactome/R-HSA-6788467,reactome,R-HSA-6788467,IL-6-type cytokine receptor ligand interactions,pathwayCommons,pathwayCommons
http___identifiers.org_reactome_R-HSA-6790901.sbgn,pathwayCommons,http://identifiers.org/reactome/R-HSA-6790901,reactome,R-HSA-6790901,rRNA modification in the nucleus and cytosol,pathwayCommons,pathwayCommons
http___identifiers.org_reactome_R-HSA-6791055.sbgn,pathwayCommons,http://identifiers.org/reactome/R-HSA-6791055,reactome,R-HSA-6791055,"""TALDO1 deficiency: failed conversion of SH7P, GA3P to Fru(6)P, E4P""",pathwayCommons,pathwayCommons
http___identifiers.org_reactome_R-HSA-6791226.sbgn,pathwayCommons,http://identifiers.org/reactome/R-HSA-6791226,reactome,R-HSA-6791226,Major pathway of rRNA processing in the nucleolus and cytosol,pathwayCommons,pathwayCommons
http___identifiers.org_reactome_R-HSA-6791461.sbgn,pathwayCommons,http://identifiers.org/reactome/R-HSA-6791461,reactome,R-HSA-6791461,RPIA deficiency: failed conversion of RU5P to R5P,pathwayCommons,pathwayCommons
http___identifiers.org_reactome_R-HSA-6791462.sbgn,pathwayCommons,http://identifiers.org/reactome/R-HSA-6791462,reactome,R-HSA-6791462,"""TALDO1 deficiency: failed conversion of Fru(6)P, E4P to SH7P, GA3P""",pathwayCommons,pathwayCommons
http___identifiers.org_reactome_R-HSA-6793080.sbgn,pathwayCommons,http://identifiers.org/reactome/R-HSA-6793080,reactome,R-HSA-6793080,rRNA modification in the mitochondrion,pathwayCommons,pathwayCommons
http___identifiers.org_reactome_R-HSA-6794361.sbgn,pathwayCommons,http://identifiers.org/reactome/R-HSA-6794361,reactome,R-HSA-6794361,Neurexins and neuroligins,pathwayCommons,pathwayCommons
http___identifiers.org_reactome_R-HSA-6796648.sbgn,pathwayCommons,http://identifiers.org/reactome/R-HSA-6796648,reactome,R-HSA-6796648,TP53 Regulates Transcription of DNA Repair Genes,pathwayCommons,pathwayCommons
http___identifiers.org_reactome_R-HSA-6798163.sbgn,pathwayCommons,http://identifiers.org/reactome/R-HSA-6798163,reactome,R-HSA-6798163,Choline catabolism,pathwayCommons,pathwayCommons
http___identifiers.org_reactome_R-HSA-6798695.sbgn,pathwayCommons,http://identifiers.org/reactome/R-HSA-6798695,reactome,R-HSA-6798695,Neutrophil degranulation,pathwayCommons,pathwayCommons
http___identifiers.org_reactome_R-HSA-6799198.sbgn,pathwayCommons,http://identifiers.org/reactome/R-HSA-6799198,reactome,R-HSA-6799198,Complex I biogenesis,pathwayCommons,pathwayCommons
http___identifiers.org_reactome_R-HSA-6799990.sbgn,pathwayCommons,http://identifiers.org/reactome/R-HSA-6799990,reactome,R-HSA-6799990,Metal sequestration by antimicrobial proteins,pathwayCommons,pathwayCommons
http___identifiers.org_reactome_R-HSA-6802946.sbgn,pathwayCommons,http://identifiers.org/reactome/R-HSA-6802946,reactome,R-HSA-6802946,Signaling by moderate kinase activity BRAF mutants,pathwayCommons,pathwayCommons
http___identifiers.org_reactome_R-HSA-6802948.sbgn,pathwayCommons,http://identifiers.org/reactome/R-HSA-6802948,reactome,R-HSA-6802948,Signaling by high-kinase activity BRAF mutants,pathwayCommons,pathwayCommons
http___identifiers.org_reactome_R-HSA-6802949.sbgn,pathwayCommons,http://identifiers.org/reactome/R-HSA-6802949,reactome,R-HSA-6802949,Signaling by RAS mutants,pathwayCommons,pathwayCommons
http___identifiers.org_reactome_R-HSA-6802952.sbgn,pathwayCommons,http://identifiers.org/reactome/R-HSA-6802952,reactome,R-HSA-6802952,Signaling by BRAF and RAF fusions,pathwayCommons,pathwayCommons
http___identifiers.org_reactome_R-HSA-6802953.sbgn,pathwayCommons,http://identifiers.org/reactome/R-HSA-6802953,reactome,R-HSA-6802953,RAS signaling downstream of NF1 loss-of-function variants,pathwayCommons,pathwayCommons
http___identifiers.org_reactome_R-HSA-6802955.sbgn,pathwayCommons,http://identifiers.org/reactome/R-HSA-6802955,reactome,R-HSA-6802955,Paradoxical activation of RAF signaling by kinase inactive BRAF,pathwayCommons,pathwayCommons
http___identifiers.org_reactome_R-HSA-6803157.sbgn,pathwayCommons,http://identifiers.org/reactome/R-HSA-6803157,reactome,R-HSA-6803157,Antimicrobial peptides,pathwayCommons,pathwayCommons
http___identifiers.org_reactome_R-HSA-6803204.sbgn,pathwayCommons,http://identifiers.org/reactome/R-HSA-6803204,reactome,R-HSA-6803204,TP53 Regulates Transcription of Genes Involved in Cytochrome C Release,pathwayCommons,pathwayCommons
http___identifiers.org_reactome_R-HSA-6803205.sbgn,pathwayCommons,http://identifiers.org/reactome/R-HSA-6803205,reactome,R-HSA-6803205,TP53 regulates transcription of several additional cell death genes whose specific roles in p53-dependent apoptosis remain uncertain,pathwayCommons,pathwayCommons
http___identifiers.org_reactome_R-HSA-6803207.sbgn,pathwayCommons,http://identifiers.org/reactome/R-HSA-6803207,reactome,R-HSA-6803207,TP53 Regulates Transcription of Caspase Activators and Caspases,pathwayCommons,pathwayCommons
http___identifiers.org_reactome_R-HSA-6803211.sbgn,pathwayCommons,http://identifiers.org/reactome/R-HSA-6803211,reactome,R-HSA-6803211,TP53 Regulates Transcription of Death Receptors and Ligands,pathwayCommons,pathwayCommons
http___identifiers.org_reactome_R-HSA-6803529.sbgn,pathwayCommons,http://identifiers.org/reactome/R-HSA-6803529,reactome,R-HSA-6803529,FGFR2 alternative splicing,pathwayCommons,pathwayCommons
http___identifiers.org_reactome_R-HSA-6803544.sbgn,pathwayCommons,http://identifiers.org/reactome/R-HSA-6803544,reactome,R-HSA-6803544,Ion influx/efflux at host-pathogen interface,pathwayCommons,pathwayCommons
http___identifiers.org_reactome_R-HSA-6804114.sbgn,pathwayCommons,http://identifiers.org/reactome/R-HSA-6804114,reactome,R-HSA-6804114,TP53 Regulates Transcription of Genes Involved in G2 Cell Cycle Arrest,pathwayCommons,pathwayCommons
http___identifiers.org_reactome_R-HSA-6804115.sbgn,pathwayCommons,http://identifiers.org/reactome/R-HSA-6804115,reactome,R-HSA-6804115,TP53 regulates transcription of additional cell cycle genes whose exact role in the p53 pathway remain uncertain,pathwayCommons,pathwayCommons
http___identifiers.org_reactome_R-HSA-6804116.sbgn,pathwayCommons,http://identifiers.org/reactome/R-HSA-6804116,reactome,R-HSA-6804116,TP53 Regulates Transcription of Genes Involved in G1 Cell Cycle Arrest,pathwayCommons,pathwayCommons
http___identifiers.org_reactome_R-HSA-6804754.sbgn,pathwayCommons,http://identifiers.org/reactome/R-HSA-6804754,reactome,R-HSA-6804754,Regulation of TP53 Expression,pathwayCommons,pathwayCommons
http___identifiers.org_reactome_R-HSA-6804756.sbgn,pathwayCommons,http://identifiers.org/reactome/R-HSA-6804756,reactome,R-HSA-6804756,Regulation of TP53 Activity through Phosphorylation,pathwayCommons,pathwayCommons
http___identifiers.org_reactome_R-HSA-6804757.sbgn,pathwayCommons,http://identifiers.org/reactome/R-HSA-6804757,reactome,R-HSA-6804757,Regulation of TP53 Degradation,pathwayCommons,pathwayCommons
http___identifiers.org_reactome_R-HSA-6804758.sbgn,pathwayCommons,http://identifiers.org/reactome/R-HSA-6804758,reactome,R-HSA-6804758,Regulation of TP53 Activity through Acetylation,pathwayCommons,pathwayCommons
http___identifiers.org_reactome_R-HSA-6804759.sbgn,pathwayCommons,http://identifiers.org/reactome/R-HSA-6804759,reactome,R-HSA-6804759,Regulation of TP53 Activity through Association with Co-factors,pathwayCommons,pathwayCommons
http___identifiers.org_reactome_R-HSA-6804760.sbgn,pathwayCommons,http://identifiers.org/reactome/R-HSA-6804760,reactome,R-HSA-6804760,Regulation of TP53 Activity through Methylation,pathwayCommons,pathwayCommons
http___identifiers.org_reactome_R-HSA-6805567.sbgn,pathwayCommons,http://identifiers.org/reactome/R-HSA-6805567,reactome,R-HSA-6805567,Keratinization,pathwayCommons,pathwayCommons
http___identifiers.org_reactome_R-HSA-6806664.sbgn,pathwayCommons,http://identifiers.org/reactome/R-HSA-6806664,reactome,R-HSA-6806664,Metabolism of vitamin K,pathwayCommons,pathwayCommons
http___identifiers.org_reactome_R-HSA-6806942.sbgn,pathwayCommons,http://identifiers.org/reactome/R-HSA-6806942,reactome,R-HSA-6806942,MET Receptor Activation,pathwayCommons,pathwayCommons
http___identifiers.org_reactome_R-HSA-6807004.sbgn,pathwayCommons,http://identifiers.org/reactome/R-HSA-6807004,reactome,R-HSA-6807004,Negative regulation of MET activity,pathwayCommons,pathwayCommons
http___identifiers.org_reactome_R-HSA-6807047.sbgn,pathwayCommons,http://identifiers.org/reactome/R-HSA-6807047,reactome,R-HSA-6807047,Bloch pathway,pathwayCommons,pathwayCommons
http___identifiers.org_reactome_R-HSA-6807062.sbgn,pathwayCommons,http://identifiers.org/reactome/R-HSA-6807062,reactome,R-HSA-6807062,Kandutsch-Russell pathway,pathwayCommons,pathwayCommons
http___identifiers.org_reactome_R-HSA-6807505.sbgn,pathwayCommons,http://identifiers.org/reactome/R-HSA-6807505,reactome,R-HSA-6807505,RNA polymerase II transcribes snRNA genes,pathwayCommons,pathwayCommons
http___identifiers.org_reactome_R-HSA-6807878.sbgn,pathwayCommons,http://identifiers.org/reactome/R-HSA-6807878,reactome,R-HSA-6807878,COPI-mediated anterograde transport,pathwayCommons,pathwayCommons
http___identifiers.org_reactome_R-HSA-6809371.sbgn,pathwayCommons,http://identifiers.org/reactome/R-HSA-6809371,reactome,R-HSA-6809371,Formation of the cornified envelope,pathwayCommons,pathwayCommons
http___identifiers.org_reactome_R-HSA-6809583.sbgn,pathwayCommons,http://identifiers.org/reactome/R-HSA-6809583,reactome,R-HSA-6809583,Retinoid metabolism disease events,pathwayCommons,pathwayCommons
http___identifiers.org_reactome_R-HSA-6811434.sbgn,pathwayCommons,http://identifiers.org/reactome/R-HSA-6811434,reactome,R-HSA-6811434,COPI-dependent Golgi-to-ER retrograde traffic,pathwayCommons,pathwayCommons
http___identifiers.org_reactome_R-HSA-6811436.sbgn,pathwayCommons,http://identifiers.org/reactome/R-HSA-6811436,reactome,R-HSA-6811436,COPI-independent Golgi-to-ER retrograde traffic,pathwayCommons,pathwayCommons
http___identifiers.org_reactome_R-HSA-6811438.sbgn,pathwayCommons,http://identifiers.org/reactome/R-HSA-6811438,reactome,R-HSA-6811438,Intra-Golgi traffic,pathwayCommons,pathwayCommons
http___identifiers.org_reactome_R-HSA-6811440.sbgn,pathwayCommons,http://identifiers.org/reactome/R-HSA-6811440,reactome,R-HSA-6811440,Retrograde transport at the Trans-Golgi-Network,pathwayCommons,pathwayCommons
http___identifiers.org_reactome_R-HSA-6811555.sbgn,pathwayCommons,http://identifiers.org/reactome/R-HSA-6811555,reactome,R-HSA-6811555,PI5P Regulates TP53 Acetylation,pathwayCommons,pathwayCommons
http___identifiers.org_reactome_R-HSA-6811558.sbgn,pathwayCommons,http://identifiers.org/reactome/R-HSA-6811558,reactome,R-HSA-6811558,"""PI5P, PP2A and IER3 Regulate PI3K/AKT Signaling""",pathwayCommons,pathwayCommons
http___identifiers.org_reactome_R-HSA-6814122.sbgn,pathwayCommons,http://identifiers.org/reactome/R-HSA-6814122,reactome,R-HSA-6814122,Cooperation of PDCL (PhLP1) and TRiC/CCT in G-protein beta folding,pathwayCommons,pathwayCommons
http___identifiers.org_reactome_R-HSA-6814848.sbgn,pathwayCommons,http://identifiers.org/reactome/R-HSA-6814848,reactome,R-HSA-6814848,Glycerophospholipid catabolism,pathwayCommons,pathwayCommons
http___identifiers.org_reactome_R-HSA-68616.sbgn,pathwayCommons,http://identifiers.org/reactome/R-HSA-68616,reactome,R-HSA-68616,Assembly of the ORC complex at the origin of replication,pathwayCommons,pathwayCommons
http___identifiers.org_reactome_R-HSA-68689.sbgn,pathwayCommons,http://identifiers.org/reactome/R-HSA-68689,reactome,R-HSA-68689,CDC6 association with the ORC:origin complex,pathwayCommons,pathwayCommons
http___identifiers.org_reactome_R-HSA-68827.sbgn,pathwayCommons,http://identifiers.org/reactome/R-HSA-68827,reactome,R-HSA-68827,CDT1 association with the CDC6:ORC:origin complex,pathwayCommons,pathwayCommons
http___identifiers.org_reactome_R-HSA-68867.sbgn,pathwayCommons,http://identifiers.org/reactome/R-HSA-68867,reactome,R-HSA-68867,Assembly of the pre-replicative complex,pathwayCommons,pathwayCommons
http___identifiers.org_reactome_R-HSA-68875.sbgn,pathwayCommons,http://identifiers.org/reactome/R-HSA-68875,reactome,R-HSA-68875,Mitotic Prophase,pathwayCommons,pathwayCommons
http___identifiers.org_reactome_R-HSA-68877.sbgn,pathwayCommons,http://identifiers.org/reactome/R-HSA-68877,reactome,R-HSA-68877,Mitotic Prometaphase,pathwayCommons,pathwayCommons
http___identifiers.org_reactome_R-HSA-68881.sbgn,pathwayCommons,http://identifiers.org/reactome/R-HSA-68881,reactome,R-HSA-68881,Mitotic Metaphase/Anaphase Transition,pathwayCommons,pathwayCommons
http___identifiers.org_reactome_R-HSA-68884.sbgn,pathwayCommons,http://identifiers.org/reactome/R-HSA-68884,reactome,R-HSA-68884,cell division,pathwayCommons,pathwayCommons
http___identifiers.org_reactome_R-HSA-68911.sbgn,pathwayCommons,http://identifiers.org/reactome/R-HSA-68911,reactome,R-HSA-68911,G2 Phase,pathwayCommons,pathwayCommons
http___identifiers.org_reactome_R-HSA-68949.sbgn,pathwayCommons,http://identifiers.org/reactome/R-HSA-68949,reactome,R-HSA-68949,Orc1 removal from chromatin,pathwayCommons,pathwayCommons
http___identifiers.org_reactome_R-HSA-68952.sbgn,pathwayCommons,http://identifiers.org/reactome/R-HSA-68952,reactome,R-HSA-68952,DNA replication initiation,pathwayCommons,pathwayCommons
http___identifiers.org_reactome_R-HSA-68962.sbgn,pathwayCommons,http://identifiers.org/reactome/R-HSA-68962,reactome,R-HSA-68962,Activation of the pre-replicative complex,pathwayCommons,pathwayCommons
http___identifiers.org_reactome_R-HSA-69017.sbgn,pathwayCommons,http://identifiers.org/reactome/R-HSA-69017,reactome,R-HSA-69017,CDK-mediated phosphorylation and removal of Cdc6,pathwayCommons,pathwayCommons
http___identifiers.org_reactome_R-HSA-69052.sbgn,pathwayCommons,http://identifiers.org/reactome/R-HSA-69052,reactome,R-HSA-69052,Switching of origins to a post-replicative state,pathwayCommons,pathwayCommons
http___identifiers.org_reactome_R-HSA-69091.sbgn,pathwayCommons,http://identifiers.org/reactome/R-HSA-69091,reactome,R-HSA-69091,Polymerase switching,pathwayCommons,pathwayCommons
http___identifiers.org_reactome_R-HSA-69166.sbgn,pathwayCommons,http://identifiers.org/reactome/R-HSA-69166,reactome,R-HSA-69166,Removal of the Flap Intermediate,pathwayCommons,pathwayCommons
http___identifiers.org_reactome_R-HSA-69183.sbgn,pathwayCommons,http://identifiers.org/reactome/R-HSA-69183,reactome,R-HSA-69183,Processive synthesis on the lagging strand,pathwayCommons,pathwayCommons
http___identifiers.org_reactome_R-HSA-69200.sbgn,pathwayCommons,http://identifiers.org/reactome/R-HSA-69200,reactome,R-HSA-69200,Phosphorylation of proteins involved in G1/S transition by active Cyclin E:Cdk2 complexes,pathwayCommons,pathwayCommons
http___identifiers.org_reactome_R-HSA-69202.sbgn,pathwayCommons,http://identifiers.org/reactome/R-HSA-69202,reactome,R-HSA-69202,Cyclin E associated events during G1/S transition,pathwayCommons,pathwayCommons
http___identifiers.org_reactome_R-HSA-69229.sbgn,pathwayCommons,http://identifiers.org/reactome/R-HSA-69229,reactome,R-HSA-69229,Ubiquitin-dependent degradation of Cyclin D1,pathwayCommons,pathwayCommons
http___identifiers.org_reactome_R-HSA-69231.sbgn,pathwayCommons,http://identifiers.org/reactome/R-HSA-69231,reactome,R-HSA-69231,Cyclin D associated events in G1,pathwayCommons,pathwayCommons
http___identifiers.org_reactome_R-HSA-69273.sbgn,pathwayCommons,http://identifiers.org/reactome/R-HSA-69273,reactome,R-HSA-69273,Cyclin A/B1/B2 associated events during G2/M transition,pathwayCommons,pathwayCommons
http___identifiers.org_reactome_R-HSA-69298.sbgn,pathwayCommons,http://identifiers.org/reactome/R-HSA-69298,reactome,R-HSA-69298,Association of licensing factors with the pre-replicative complex,pathwayCommons,pathwayCommons
http___identifiers.org_reactome_R-HSA-69300.sbgn,pathwayCommons,http://identifiers.org/reactome/R-HSA-69300,reactome,R-HSA-69300,Removal of licensing factors from origins,pathwayCommons,pathwayCommons
http___identifiers.org_reactome_R-HSA-69416.sbgn,pathwayCommons,http://identifiers.org/reactome/R-HSA-69416,reactome,R-HSA-69416,Dimerization of procaspase-8,pathwayCommons,pathwayCommons
http___identifiers.org_reactome_R-HSA-69473.sbgn,pathwayCommons,http://identifiers.org/reactome/R-HSA-69473,reactome,R-HSA-69473,G2/M DNA damage checkpoint,pathwayCommons,pathwayCommons
http___identifiers.org_reactome_R-HSA-69478.sbgn,pathwayCommons,http://identifiers.org/reactome/R-HSA-69478,reactome,R-HSA-69478,G2/M DNA replication checkpoint,pathwayCommons,pathwayCommons
http___identifiers.org_reactome_R-HSA-69481.sbgn,pathwayCommons,http://identifiers.org/reactome/R-HSA-69481,reactome,R-HSA-69481,G2/M Checkpoints,pathwayCommons,pathwayCommons
http___identifiers.org_reactome_R-HSA-69541.sbgn,pathwayCommons,http://identifiers.org/reactome/R-HSA-69541,reactome,R-HSA-69541,Stabilization of p53,pathwayCommons,pathwayCommons
http___identifiers.org_reactome_R-HSA-69563.sbgn,pathwayCommons,http://identifiers.org/reactome/R-HSA-69563,reactome,R-HSA-69563,p53-Dependent G1 DNA Damage Response,pathwayCommons,pathwayCommons
http___identifiers.org_reactome_R-HSA-69601.sbgn,pathwayCommons,http://identifiers.org/reactome/R-HSA-69601,reactome,R-HSA-69601,Ubiquitin Mediated Degradation of Phosphorylated Cdc25A,pathwayCommons,pathwayCommons
http___identifiers.org_reactome_R-HSA-69656.sbgn,pathwayCommons,http://identifiers.org/reactome/R-HSA-69656,reactome,R-HSA-69656,Cyclin A:Cdk2-associated events at S phase entry,pathwayCommons,pathwayCommons
http___identifiers.org_reactome_R-HSA-69895.sbgn,pathwayCommons,http://identifiers.org/reactome/R-HSA-69895,reactome,R-HSA-69895,Transcriptional activation of cell cycle inhibitor p21,pathwayCommons,pathwayCommons
http___identifiers.org_reactome_R-HSA-70171.sbgn,pathwayCommons,http://identifiers.org/reactome/R-HSA-70171,reactome,R-HSA-70171,Glycolysis,pathwayCommons,pathwayCommons
http___identifiers.org_reactome_R-HSA-70221.sbgn,pathwayCommons,http://identifiers.org/reactome/R-HSA-70221,reactome,R-HSA-70221,Glycogen breakdown (glycogenolysis),pathwayCommons,pathwayCommons
http___identifiers.org_reactome_R-HSA-70263.sbgn,pathwayCommons,http://identifiers.org/reactome/R-HSA-70263,reactome,R-HSA-70263,Gluconeogenesis,pathwayCommons,pathwayCommons
http___identifiers.org_reactome_R-HSA-70268.sbgn,pathwayCommons,http://identifiers.org/reactome/R-HSA-70268,reactome,R-HSA-70268,Pyruvate metabolism,pathwayCommons,pathwayCommons
http___identifiers.org_reactome_R-HSA-70350.sbgn,pathwayCommons,http://identifiers.org/reactome/R-HSA-70350,reactome,R-HSA-70350,Fructose catabolism,pathwayCommons,pathwayCommons
http___identifiers.org_reactome_R-HSA-70370.sbgn,pathwayCommons,http://identifiers.org/reactome/R-HSA-70370,reactome,R-HSA-70370,Galactose catabolism,pathwayCommons,pathwayCommons
http___identifiers.org_reactome_R-HSA-70614.sbgn,pathwayCommons,http://identifiers.org/reactome/R-HSA-70614,reactome,R-HSA-70614,Amino acid synthesis and interconversion (transamination),pathwayCommons,pathwayCommons
http___identifiers.org_reactome_R-HSA-70635.sbgn,pathwayCommons,http://identifiers.org/reactome/R-HSA-70635,reactome,R-HSA-70635,Urea cycle,pathwayCommons,pathwayCommons
http___identifiers.org_reactome_R-HSA-70688.sbgn,pathwayCommons,http://identifiers.org/reactome/R-HSA-70688,reactome,R-HSA-70688,Proline catabolism,pathwayCommons,pathwayCommons
http___identifiers.org_reactome_R-HSA-70895.sbgn,pathwayCommons,http://identifiers.org/reactome/R-HSA-70895,reactome,R-HSA-70895,Branched-chain amino acid catabolism,pathwayCommons,pathwayCommons
http___identifiers.org_reactome_R-HSA-70921.sbgn,pathwayCommons,http://identifiers.org/reactome/R-HSA-70921,reactome,R-HSA-70921,Histidine catabolism,pathwayCommons,pathwayCommons
http___identifiers.org_reactome_R-HSA-71032.sbgn,pathwayCommons,http://identifiers.org/reactome/R-HSA-71032,reactome,R-HSA-71032,Propionyl-CoA catabolism,pathwayCommons,pathwayCommons
http___identifiers.org_reactome_R-HSA-71064.sbgn,pathwayCommons,http://identifiers.org/reactome/R-HSA-71064,reactome,R-HSA-71064,Lysine catabolism,pathwayCommons,pathwayCommons
http___identifiers.org_reactome_R-HSA-71182.sbgn,pathwayCommons,http://identifiers.org/reactome/R-HSA-71182,reactome,R-HSA-71182,Phenylalanine and tyrosine catabolism,pathwayCommons,pathwayCommons
http___identifiers.org_reactome_R-HSA-71240.sbgn,pathwayCommons,http://identifiers.org/reactome/R-HSA-71240,reactome,R-HSA-71240,Tryptophan catabolism,pathwayCommons,pathwayCommons
http___identifiers.org_reactome_R-HSA-71262.sbgn,pathwayCommons,http://identifiers.org/reactome/R-HSA-71262,reactome,R-HSA-71262,Carnitine synthesis,pathwayCommons,pathwayCommons
http___identifiers.org_reactome_R-HSA-71288.sbgn,pathwayCommons,http://identifiers.org/reactome/R-HSA-71288,reactome,R-HSA-71288,Creatine metabolism,pathwayCommons,pathwayCommons
http___identifiers.org_reactome_R-HSA-71336.sbgn,pathwayCommons,http://identifiers.org/reactome/R-HSA-71336,reactome,R-HSA-71336,Pentose phosphate pathway (hexose monophosphate shunt),pathwayCommons,pathwayCommons
http___identifiers.org_reactome_R-HSA-71384.sbgn,pathwayCommons,http://identifiers.org/reactome/R-HSA-71384,reactome,R-HSA-71384,Ethanol oxidation,pathwayCommons,pathwayCommons
http___identifiers.org_reactome_R-HSA-71403.sbgn,pathwayCommons,http://identifiers.org/reactome/R-HSA-71403,reactome,R-HSA-71403,Citric acid cycle (TCA cycle),pathwayCommons,pathwayCommons
http___identifiers.org_reactome_R-HSA-71737.sbgn,pathwayCommons,http://identifiers.org/reactome/R-HSA-71737,reactome,R-HSA-71737,Pyrophosphate hydrolysis,pathwayCommons,pathwayCommons
http___identifiers.org_reactome_R-HSA-72086.sbgn,pathwayCommons,http://identifiers.org/reactome/R-HSA-72086,reactome,R-HSA-72086,mRNA Capping,pathwayCommons,pathwayCommons
http___identifiers.org_reactome_R-HSA-72163.sbgn,pathwayCommons,http://identifiers.org/reactome/R-HSA-72163,reactome,R-HSA-72163,pre-mRNA splicing,pathwayCommons,pathwayCommons
http___identifiers.org_reactome_R-HSA-72165.sbgn,pathwayCommons,http://identifiers.org/reactome/R-HSA-72165,reactome,R-HSA-72165,U12 Dependent Splicing,pathwayCommons,pathwayCommons
http___identifiers.org_reactome_R-HSA-72187.sbgn,pathwayCommons,http://identifiers.org/reactome/R-HSA-72187,reactome,R-HSA-72187,mRNA 3'-end processing,pathwayCommons,pathwayCommons
http___identifiers.org_reactome_R-HSA-72200.sbgn,pathwayCommons,http://identifiers.org/reactome/R-HSA-72200,reactome,R-HSA-72200,mRNA Editing: C to U Conversion,pathwayCommons,pathwayCommons
http___identifiers.org_reactome_R-HSA-72203.sbgn,pathwayCommons,http://identifiers.org/reactome/R-HSA-72203,reactome,R-HSA-72203,Processing of Capped Intron-Containing Pre-mRNA,pathwayCommons,pathwayCommons
http___identifiers.org_reactome_R-HSA-72649.sbgn,pathwayCommons,http://identifiers.org/reactome/R-HSA-72649,reactome,R-HSA-72649,Translation initiation complex formation,pathwayCommons,pathwayCommons
http___identifiers.org_reactome_R-HSA-72662.sbgn,pathwayCommons,http://identifiers.org/reactome/R-HSA-72662,reactome,R-HSA-72662,"""Activation of the mRNA upon binding of the cap-binding complex and eIFs, and subsequent binding to 43S""",pathwayCommons,pathwayCommons
http___identifiers.org_reactome_R-HSA-72689.sbgn,pathwayCommons,http://identifiers.org/reactome/R-HSA-72689,reactome,R-HSA-72689,Formation of a pool of free 40S subunits,pathwayCommons,pathwayCommons
http___identifiers.org_reactome_R-HSA-72695.sbgn,pathwayCommons,http://identifiers.org/reactome/R-HSA-72695,reactome,R-HSA-72695,"""Formation of the ternary complex, and subsequently, the 43S complex""",pathwayCommons,pathwayCommons
http___identifiers.org_reactome_R-HSA-72702.sbgn,pathwayCommons,http://identifiers.org/reactome/R-HSA-72702,reactome,R-HSA-72702,Ribosomal scanning and start codon recognition,pathwayCommons,pathwayCommons
http___identifiers.org_reactome_R-HSA-72706.sbgn,pathwayCommons,http://identifiers.org/reactome/R-HSA-72706,reactome,R-HSA-72706,GTP hydrolysis and joining of the 60S ribosomal subunit,pathwayCommons,pathwayCommons
http___identifiers.org_reactome_R-HSA-72731.sbgn,pathwayCommons,http://identifiers.org/reactome/R-HSA-72731,reactome,R-HSA-72731,Recycling of eIF2:GDP,pathwayCommons,pathwayCommons
http___identifiers.org_reactome_R-HSA-72764.sbgn,pathwayCommons,http://identifiers.org/reactome/R-HSA-72764,reactome,R-HSA-72764,Eukaryotic Translation Termination,pathwayCommons,pathwayCommons
http___identifiers.org_reactome_R-HSA-727802.sbgn,pathwayCommons,http://identifiers.org/reactome/R-HSA-727802,reactome,R-HSA-727802,Transport of nucleotide sugars,pathwayCommons,pathwayCommons
http___identifiers.org_reactome_R-HSA-73614.sbgn,pathwayCommons,http://identifiers.org/reactome/R-HSA-73614,reactome,R-HSA-73614,Pyrimidine salvage,pathwayCommons,pathwayCommons
http___identifiers.org_reactome_R-HSA-73621.sbgn,pathwayCommons,http://identifiers.org/reactome/R-HSA-73621,reactome,R-HSA-73621,Pyrimidine catabolism,pathwayCommons,pathwayCommons
http___identifiers.org_reactome_R-HSA-73728.sbgn,pathwayCommons,http://identifiers.org/reactome/R-HSA-73728,reactome,R-HSA-73728,RNA Polymerase I Promoter Opening,pathwayCommons,pathwayCommons
http___identifiers.org_reactome_R-HSA-73762.sbgn,pathwayCommons,http://identifiers.org/reactome/R-HSA-73762,reactome,R-HSA-73762,RNA Polymerase I Transcription Initiation,pathwayCommons,pathwayCommons
http___identifiers.org_reactome_R-HSA-73772.sbgn,pathwayCommons,http://identifiers.org/reactome/R-HSA-73772,reactome,R-HSA-73772,RNA Polymerase I Promoter Escape,pathwayCommons,pathwayCommons
http___identifiers.org_reactome_R-HSA-73776.sbgn,pathwayCommons,http://identifiers.org/reactome/R-HSA-73776,reactome,R-HSA-73776,RNA Polymerase II Promoter Escape,pathwayCommons,pathwayCommons
http___identifiers.org_reactome_R-HSA-73777.sbgn,pathwayCommons,http://identifiers.org/reactome/R-HSA-73777,reactome,R-HSA-73777,RNA Polymerase I Chain Elongation,pathwayCommons,pathwayCommons
http___identifiers.org_reactome_R-HSA-73779.sbgn,pathwayCommons,http://identifiers.org/reactome/R-HSA-73779,reactome,R-HSA-73779,RNA Polymerase II Transcription Pre-Initiation And Promoter Opening,pathwayCommons,pathwayCommons
http___identifiers.org_reactome_R-HSA-73780.sbgn,pathwayCommons,http://identifiers.org/reactome/R-HSA-73780,reactome,R-HSA-73780,RNA Polymerase III Chain Elongation,pathwayCommons,pathwayCommons
http___identifiers.org_reactome_R-HSA-73817.sbgn,pathwayCommons,http://identifiers.org/reactome/R-HSA-73817,reactome,R-HSA-73817,Purine ribonucleoside monophosphate biosynthesis,pathwayCommons,pathwayCommons
http___identifiers.org_reactome_R-HSA-73843.sbgn,pathwayCommons,http://identifiers.org/reactome/R-HSA-73843,reactome,R-HSA-73843,PRPP biosynthesis,pathwayCommons,pathwayCommons
http___identifiers.org_reactome_R-HSA-73863.sbgn,pathwayCommons,http://identifiers.org/reactome/R-HSA-73863,reactome,R-HSA-73863,RNA Polymerase I Transcription Termination,pathwayCommons,pathwayCommons
http___identifiers.org_reactome_R-HSA-73930.sbgn,pathwayCommons,http://identifiers.org/reactome/R-HSA-73930,reactome,R-HSA-73930,Abasic sugar-phosphate removal via the single-nucleotide replacement pathway,pathwayCommons,pathwayCommons
http___identifiers.org_reactome_R-HSA-73933.sbgn,pathwayCommons,http://identifiers.org/reactome/R-HSA-73933,reactome,R-HSA-73933,Resolution of Abasic Sites (AP sites),pathwayCommons,pathwayCommons
http___identifiers.org_reactome_R-HSA-73943.sbgn,pathwayCommons,http://identifiers.org/reactome/R-HSA-73943,reactome,R-HSA-73943,Reversal of alkylation damage by DNA dioxygenases,pathwayCommons,pathwayCommons
http___identifiers.org_reactome_R-HSA-73980.sbgn,pathwayCommons,http://identifiers.org/reactome/R-HSA-73980,reactome,R-HSA-73980,RNA Polymerase III Transcription Termination,pathwayCommons,pathwayCommons
http___identifiers.org_reactome_R-HSA-74217.sbgn,pathwayCommons,http://identifiers.org/reactome/R-HSA-74217,reactome,R-HSA-74217,Purine salvage,pathwayCommons,pathwayCommons
http___identifiers.org_reactome_R-HSA-74259.sbgn,pathwayCommons,http://identifiers.org/reactome/R-HSA-74259,reactome,R-HSA-74259,Purine catabolism,pathwayCommons,pathwayCommons
http___identifiers.org_reactome_R-HSA-74713.sbgn,pathwayCommons,http://identifiers.org/reactome/R-HSA-74713,reactome,R-HSA-74713,IRS activation,pathwayCommons,pathwayCommons
http___identifiers.org_reactome_R-HSA-74749.sbgn,pathwayCommons,http://identifiers.org/reactome/R-HSA-74749,reactome,R-HSA-74749,Signal attenuation,pathwayCommons,pathwayCommons
http___identifiers.org_reactome_R-HSA-74751.sbgn,pathwayCommons,http://identifiers.org/reactome/R-HSA-74751,reactome,R-HSA-74751,Insulin receptor signalling cascade,pathwayCommons,pathwayCommons
http___identifiers.org_reactome_R-HSA-74752.sbgn,pathwayCommons,http://identifiers.org/reactome/R-HSA-74752,reactome,R-HSA-74752,Signaling by Insulin receptor,pathwayCommons,pathwayCommons
http___identifiers.org_reactome_R-HSA-749476.sbgn,pathwayCommons,http://identifiers.org/reactome/R-HSA-749476,reactome,R-HSA-749476,RNA Polymerase III Abortive And Retractive Initiation,pathwayCommons,pathwayCommons
http___identifiers.org_reactome_R-HSA-75035.sbgn,pathwayCommons,http://identifiers.org/reactome/R-HSA-75035,reactome,R-HSA-75035,Chk1/Chk2(Cds1) mediated inactivation of Cyclin B:Cdk1 complex,pathwayCommons,pathwayCommons
http___identifiers.org_reactome_R-HSA-75064.sbgn,pathwayCommons,http://identifiers.org/reactome/R-HSA-75064,reactome,R-HSA-75064,mRNA Editing: A to I Conversion,pathwayCommons,pathwayCommons
http___identifiers.org_reactome_R-HSA-75094.sbgn,pathwayCommons,http://identifiers.org/reactome/R-HSA-75094,reactome,R-HSA-75094,Formation of the Editosome,pathwayCommons,pathwayCommons
http___identifiers.org_reactome_R-HSA-75102.sbgn,pathwayCommons,http://identifiers.org/reactome/R-HSA-75102,reactome,R-HSA-75102,C6 deamination of adenosine,pathwayCommons,pathwayCommons
http___identifiers.org_reactome_R-HSA-75105.sbgn,pathwayCommons,http://identifiers.org/reactome/R-HSA-75105,reactome,R-HSA-75105,Fatty acyl-CoA biosynthesis,pathwayCommons,pathwayCommons
http___identifiers.org_reactome_R-HSA-75108.sbgn,pathwayCommons,http://identifiers.org/reactome/R-HSA-75108,reactome,R-HSA-75108,Activation of BID and translocation to mitochondria,pathwayCommons,pathwayCommons
http___identifiers.org_reactome_R-HSA-75109.sbgn,pathwayCommons,http://identifiers.org/reactome/R-HSA-75109,reactome,R-HSA-75109,Triglyceride biosynthesis,pathwayCommons,pathwayCommons
http___identifiers.org_reactome_R-HSA-75153.sbgn,pathwayCommons,http://identifiers.org/reactome/R-HSA-75153,reactome,R-HSA-75153,Apoptotic execution phase,pathwayCommons,pathwayCommons
http___identifiers.org_reactome_R-HSA-75157.sbgn,pathwayCommons,http://identifiers.org/reactome/R-HSA-75157,reactome,R-HSA-75157,FasL/ CD95L signaling,pathwayCommons,pathwayCommons
http___identifiers.org_reactome_R-HSA-75158.sbgn,pathwayCommons,http://identifiers.org/reactome/R-HSA-75158,reactome,R-HSA-75158,TRAIL signaling,pathwayCommons,pathwayCommons
http___identifiers.org_reactome_R-HSA-75205.sbgn,pathwayCommons,http://identifiers.org/reactome/R-HSA-75205,reactome,R-HSA-75205,Dissolution of Fibrin Clot,pathwayCommons,pathwayCommons
http___identifiers.org_reactome_R-HSA-75876.sbgn,pathwayCommons,http://identifiers.org/reactome/R-HSA-75876,reactome,R-HSA-75876,Synthesis of very long-chain fatty acyl-CoAs,pathwayCommons,pathwayCommons
http___identifiers.org_reactome_R-HSA-75892.sbgn,pathwayCommons,http://identifiers.org/reactome/R-HSA-75892,reactome,R-HSA-75892,Platelet Adhesion to exposed collagen,pathwayCommons,pathwayCommons
http___identifiers.org_reactome_R-HSA-75893.sbgn,pathwayCommons,http://identifiers.org/reactome/R-HSA-75893,reactome,R-HSA-75893,TNF signaling,pathwayCommons,pathwayCommons
http___identifiers.org_reactome_R-HSA-75896.sbgn,pathwayCommons,http://identifiers.org/reactome/R-HSA-75896,reactome,R-HSA-75896,Plasmalogen biosynthesis,pathwayCommons,pathwayCommons
http___identifiers.org_reactome_R-HSA-75953.sbgn,pathwayCommons,http://identifiers.org/reactome/R-HSA-75953,reactome,R-HSA-75953,RNA Polymerase II Transcription Initiation,pathwayCommons,pathwayCommons
http___identifiers.org_reactome_R-HSA-75955.sbgn,pathwayCommons,http://identifiers.org/reactome/R-HSA-75955,reactome,R-HSA-75955,RNA Polymerase II Transcription Elongation,pathwayCommons,pathwayCommons
http___identifiers.org_reactome_R-HSA-76005.sbgn,pathwayCommons,http://identifiers.org/reactome/R-HSA-76005,reactome,R-HSA-76005,Response to elevated platelet cytosolic Ca2+,pathwayCommons,pathwayCommons
http___identifiers.org_reactome_R-HSA-76009.sbgn,pathwayCommons,http://identifiers.org/reactome/R-HSA-76009,reactome,R-HSA-76009,Platelet Aggregation (Plug Formation),pathwayCommons,pathwayCommons
http___identifiers.org_reactome_R-HSA-76042.sbgn,pathwayCommons,http://identifiers.org/reactome/R-HSA-76042,reactome,R-HSA-76042,RNA Polymerase II Transcription Initiation And Promoter Clearance,pathwayCommons,pathwayCommons
http___identifiers.org_reactome_R-HSA-76061.sbgn,pathwayCommons,http://identifiers.org/reactome/R-HSA-76061,reactome,R-HSA-76061,RNA Polymerase III Transcription Initiation From Type 1 Promoter,pathwayCommons,pathwayCommons
http___identifiers.org_reactome_R-HSA-76066.sbgn,pathwayCommons,http://identifiers.org/reactome/R-HSA-76066,reactome,R-HSA-76066,RNA Polymerase III Transcription Initiation From Type 2 Promoter,pathwayCommons,pathwayCommons
http___identifiers.org_reactome_R-HSA-76071.sbgn,pathwayCommons,http://identifiers.org/reactome/R-HSA-76071,reactome,R-HSA-76071,RNA Polymerase III Transcription Initiation From Type 3 Promoter,pathwayCommons,pathwayCommons
http___identifiers.org_reactome_R-HSA-77042.sbgn,pathwayCommons,http://identifiers.org/reactome/R-HSA-77042,reactome,R-HSA-77042,Formation of editosomes by ADAR proteins,pathwayCommons,pathwayCommons
http___identifiers.org_reactome_R-HSA-77075.sbgn,pathwayCommons,http://identifiers.org/reactome/R-HSA-77075,reactome,R-HSA-77075,RNA Pol II CTD phosphorylation and interaction with CE,pathwayCommons,pathwayCommons
http___identifiers.org_reactome_R-HSA-77108.sbgn,pathwayCommons,http://identifiers.org/reactome/R-HSA-77108,reactome,R-HSA-77108,Ketone body catabolism,pathwayCommons,pathwayCommons
http___identifiers.org_reactome_R-HSA-77111.sbgn,pathwayCommons,http://identifiers.org/reactome/R-HSA-77111,reactome,R-HSA-77111,Synthesis of Ketone Bodies,pathwayCommons,pathwayCommons
http___identifiers.org_reactome_R-HSA-77285.sbgn,pathwayCommons,http://identifiers.org/reactome/R-HSA-77285,reactome,R-HSA-77285,Beta oxidation of myristoyl-CoA to lauroyl-CoA,pathwayCommons,pathwayCommons
http___identifiers.org_reactome_R-HSA-77288.sbgn,pathwayCommons,http://identifiers.org/reactome/R-HSA-77288,reactome,R-HSA-77288,mitochondrial fatty acid beta-oxidation of unsaturated fatty acids,pathwayCommons,pathwayCommons
http___identifiers.org_reactome_R-HSA-77289.sbgn,pathwayCommons,http://identifiers.org/reactome/R-HSA-77289,reactome,R-HSA-77289,Mitochondrial Fatty Acid Beta-Oxidation,pathwayCommons,pathwayCommons
http___identifiers.org_reactome_R-HSA-77305.sbgn,pathwayCommons,http://identifiers.org/reactome/R-HSA-77305,reactome,R-HSA-77305,Beta oxidation of palmitoyl-CoA to myristoyl-CoA,pathwayCommons,pathwayCommons
http___identifiers.org_reactome_R-HSA-77310.sbgn,pathwayCommons,http://identifiers.org/reactome/R-HSA-77310,reactome,R-HSA-77310,Beta oxidation of lauroyl-CoA to decanoyl-CoA-CoA,pathwayCommons,pathwayCommons
http___identifiers.org_reactome_R-HSA-77346.sbgn,pathwayCommons,http://identifiers.org/reactome/R-HSA-77346,reactome,R-HSA-77346,Beta oxidation of decanoyl-CoA to octanoyl-CoA-CoA,pathwayCommons,pathwayCommons
http___identifiers.org_reactome_R-HSA-77348.sbgn,pathwayCommons,http://identifiers.org/reactome/R-HSA-77348,reactome,R-HSA-77348,Beta oxidation of octanoyl-CoA to hexanoyl-CoA,pathwayCommons,pathwayCommons
http___identifiers.org_reactome_R-HSA-77350.sbgn,pathwayCommons,http://identifiers.org/reactome/R-HSA-77350,reactome,R-HSA-77350,Beta oxidation of hexanoyl-CoA to butanoyl-CoA,pathwayCommons,pathwayCommons
http___identifiers.org_reactome_R-HSA-77352.sbgn,pathwayCommons,http://identifiers.org/reactome/R-HSA-77352,reactome,R-HSA-77352,Beta oxidation of butanoyl-CoA to acetyl-CoA,pathwayCommons,pathwayCommons
http___identifiers.org_reactome_R-HSA-77387.sbgn,pathwayCommons,http://identifiers.org/reactome/R-HSA-77387,reactome,R-HSA-77387,Insulin receptor recycling,pathwayCommons,pathwayCommons
http___identifiers.org_reactome_R-HSA-77588.sbgn,pathwayCommons,http://identifiers.org/reactome/R-HSA-77588,reactome,R-HSA-77588,SLBP Dependent Processing of Replication-Dependent Histone Pre-mRNAs,pathwayCommons,pathwayCommons
http___identifiers.org_reactome_R-HSA-77595.sbgn,pathwayCommons,http://identifiers.org/reactome/R-HSA-77595,reactome,R-HSA-77595,Processing of Intronless Pre-mRNAs,pathwayCommons,pathwayCommons
http___identifiers.org_reactome_R-HSA-804914.sbgn,pathwayCommons,http://identifiers.org/reactome/R-HSA-804914,reactome,R-HSA-804914,Transport of fatty acids,pathwayCommons,pathwayCommons
http___identifiers.org_reactome_R-HSA-83936.sbgn,pathwayCommons,http://identifiers.org/reactome/R-HSA-83936,reactome,R-HSA-83936,Transport of nucleosides and free purine and pyrimidine bases across the plasma membrane,pathwayCommons,pathwayCommons
http___identifiers.org_reactome_R-HSA-844455.sbgn,pathwayCommons,http://identifiers.org/reactome/R-HSA-844455,reactome,R-HSA-844455,The NLRP1 inflammasome,pathwayCommons,pathwayCommons
http___identifiers.org_reactome_R-HSA-844456.sbgn,pathwayCommons,http://identifiers.org/reactome/R-HSA-844456,reactome,R-HSA-844456,The NLRP3 inflammasome,pathwayCommons,pathwayCommons
http___identifiers.org_reactome_R-HSA-844615.sbgn,pathwayCommons,http://identifiers.org/reactome/R-HSA-844615,reactome,R-HSA-844615,The AIM2 inflammasome,pathwayCommons,pathwayCommons
http___identifiers.org_reactome_R-HSA-844623.sbgn,pathwayCommons,http://identifiers.org/reactome/R-HSA-844623,reactome,R-HSA-844623,The IPAF inflammasome,pathwayCommons,pathwayCommons
http___identifiers.org_reactome_R-HSA-877300.sbgn,pathwayCommons,http://identifiers.org/reactome/R-HSA-877300,reactome,R-HSA-877300,Interferon gamma signaling,pathwayCommons,pathwayCommons
http___identifiers.org_reactome_R-HSA-877312.sbgn,pathwayCommons,http://identifiers.org/reactome/R-HSA-877312,reactome,R-HSA-877312,Regulation of IFNG signaling,pathwayCommons,pathwayCommons
http___identifiers.org_reactome_R-HSA-879415.sbgn,pathwayCommons,http://identifiers.org/reactome/R-HSA-879415,reactome,R-HSA-879415,Advanced glycosylation endproduct receptor signaling,pathwayCommons,pathwayCommons
http___identifiers.org_reactome_R-HSA-879518.sbgn,pathwayCommons,http://identifiers.org/reactome/R-HSA-879518,reactome,R-HSA-879518,Transport of organic anions,pathwayCommons,pathwayCommons
http___identifiers.org_reactome_R-HSA-880009.sbgn,pathwayCommons,http://identifiers.org/reactome/R-HSA-880009,reactome,R-HSA-880009,Interconversion of 2-oxoglutarate and 2-hydroxyglutarate,pathwayCommons,pathwayCommons
http___identifiers.org_reactome_R-HSA-881907.sbgn,pathwayCommons,http://identifiers.org/reactome/R-HSA-881907,reactome,R-HSA-881907,Gastrin-CREB signalling pathway via PKC and MAPK,pathwayCommons,pathwayCommons
http___identifiers.org_reactome_R-HSA-8847453.sbgn,pathwayCommons,http://identifiers.org/reactome/R-HSA-8847453,reactome,R-HSA-8847453,Synthesis of PIPs in the nucleus,pathwayCommons,pathwayCommons
http___identifiers.org_reactome_R-HSA-8847993.sbgn,pathwayCommons,http://identifiers.org/reactome/R-HSA-8847993,reactome,R-HSA-8847993,ERBB2 Activates PTK6 Signaling,pathwayCommons,pathwayCommons
http___identifiers.org_reactome_R-HSA-8848584.sbgn,pathwayCommons,http://identifiers.org/reactome/R-HSA-8848584,reactome,R-HSA-8848584,Wax biosynthesis,pathwayCommons,pathwayCommons
http___identifiers.org_reactome_R-HSA-8849175.sbgn,pathwayCommons,http://identifiers.org/reactome/R-HSA-8849175,reactome,R-HSA-8849175,Threonine catabolism,pathwayCommons,pathwayCommons
http___identifiers.org_reactome_R-HSA-8849468.sbgn,pathwayCommons,http://identifiers.org/reactome/R-HSA-8849468,reactome,R-HSA-8849468,PTK6 Regulates Proteins Involved in RNA Processing,pathwayCommons,pathwayCommons
http___identifiers.org_reactome_R-HSA-8849469.sbgn,pathwayCommons,http://identifiers.org/reactome/R-HSA-8849469,reactome,R-HSA-8849469,PTK6 Regulates RTKs and Their Effectors AKT1 and DOK1,pathwayCommons,pathwayCommons
http___identifiers.org_reactome_R-HSA-8849470.sbgn,pathwayCommons,http://identifiers.org/reactome/R-HSA-8849470,reactome,R-HSA-8849470,PTK6 Regulates Cell Cycle,pathwayCommons,pathwayCommons
http___identifiers.org_reactome_R-HSA-8849471.sbgn,pathwayCommons,http://identifiers.org/reactome/R-HSA-8849471,reactome,R-HSA-8849471,"""PTK6 Regulates RHO GTPases, RAS GTPase and MAP kinases""",pathwayCommons,pathwayCommons
http___identifiers.org_reactome_R-HSA-8849472.sbgn,pathwayCommons,http://identifiers.org/reactome/R-HSA-8849472,reactome,R-HSA-8849472,PTK6 Down-Regulation,pathwayCommons,pathwayCommons
http___identifiers.org_reactome_R-HSA-8849473.sbgn,pathwayCommons,http://identifiers.org/reactome/R-HSA-8849473,reactome,R-HSA-8849473,PTK6 Expression,pathwayCommons,pathwayCommons
http___identifiers.org_reactome_R-HSA-8849474.sbgn,pathwayCommons,http://identifiers.org/reactome/R-HSA-8849474,reactome,R-HSA-8849474,PTK6 Activates STAT3,pathwayCommons,pathwayCommons
http___identifiers.org_reactome_R-HSA-8849932.sbgn,pathwayCommons,http://identifiers.org/reactome/R-HSA-8849932,reactome,R-HSA-8849932,Synaptic adhesion-like molecules,pathwayCommons,pathwayCommons
http___identifiers.org_reactome_R-HSA-8850843.sbgn,pathwayCommons,http://identifiers.org/reactome/R-HSA-8850843,reactome,R-HSA-8850843,Phosphate bond hydrolysis by NTPDase proteins,pathwayCommons,pathwayCommons
http___identifiers.org_reactome_R-HSA-8851680.sbgn,pathwayCommons,http://identifiers.org/reactome/R-HSA-8851680,reactome,R-HSA-8851680,Butyrophilin (BTN) family interactions,pathwayCommons,pathwayCommons
http___identifiers.org_reactome_R-HSA-8851708.sbgn,pathwayCommons,http://identifiers.org/reactome/R-HSA-8851708,reactome,R-HSA-8851708,Signaling by FGFR2 IIIa TM,pathwayCommons,pathwayCommons
http___identifiers.org_reactome_R-HSA-8851805.sbgn,pathwayCommons,http://identifiers.org/reactome/R-HSA-8851805,reactome,R-HSA-8851805,MET activates RAS signaling,pathwayCommons,pathwayCommons
http___identifiers.org_reactome_R-HSA-8851907.sbgn,pathwayCommons,http://identifiers.org/reactome/R-HSA-8851907,reactome,R-HSA-8851907,MET activates PI3K/AKT signaling,pathwayCommons,pathwayCommons
http___identifiers.org_reactome_R-HSA-8852276.sbgn,pathwayCommons,http://identifiers.org/reactome/R-HSA-8852276,reactome,R-HSA-8852276,The role of GTSE1 in G2/M progression after G2 checkpoint,pathwayCommons,pathwayCommons
http___identifiers.org_reactome_R-HSA-8852405.sbgn,pathwayCommons,http://identifiers.org/reactome/R-HSA-8852405,reactome,R-HSA-8852405,Signaling by MST1,pathwayCommons,pathwayCommons
http___identifiers.org_reactome_R-HSA-8853333.sbgn,pathwayCommons,http://identifiers.org/reactome/R-HSA-8853333,reactome,R-HSA-8853333,Signaling by FGFR2 fusions,pathwayCommons,pathwayCommons
http___identifiers.org_reactome_R-HSA-8853334.sbgn,pathwayCommons,http://identifiers.org/reactome/R-HSA-8853334,reactome,R-HSA-8853334,Signaling by FGFR3 fusions in cancer,pathwayCommons,pathwayCommons
http___identifiers.org_reactome_R-HSA-8853336.sbgn,pathwayCommons,http://identifiers.org/reactome/R-HSA-8853336,reactome,R-HSA-8853336,Signaling by plasma membrane FGFR1 fusions,pathwayCommons,pathwayCommons
http___identifiers.org_reactome_R-HSA-8853338.sbgn,pathwayCommons,http://identifiers.org/reactome/R-HSA-8853338,reactome,R-HSA-8853338,Signaling by FGFR3 point mutants in cancer,pathwayCommons,pathwayCommons
http___identifiers.org_reactome_R-HSA-8853383.sbgn,pathwayCommons,http://identifiers.org/reactome/R-HSA-8853383,reactome,R-HSA-8853383,Lysosomal oligosaccharide catabolism,pathwayCommons,pathwayCommons
http___identifiers.org_reactome_R-HSA-8853659.sbgn,pathwayCommons,http://identifiers.org/reactome/R-HSA-8853659,reactome,R-HSA-8853659,RET signaling,pathwayCommons,pathwayCommons
http___identifiers.org_reactome_R-HSA-8854050.sbgn,pathwayCommons,http://identifiers.org/reactome/R-HSA-8854050,reactome,R-HSA-8854050,FBXL7 down-regulates AURKA during mitotic entry and in early mitosis,pathwayCommons,pathwayCommons
http___identifiers.org_reactome_R-HSA-8854214.sbgn,pathwayCommons,http://identifiers.org/reactome/R-HSA-8854214,reactome,R-HSA-8854214,TBC/RABGAPs,pathwayCommons,pathwayCommons
http___identifiers.org_reactome_R-HSA-8854518.sbgn,pathwayCommons,http://identifiers.org/reactome/R-HSA-8854518,reactome,R-HSA-8854518,AURKA Activation by TPX2,pathwayCommons,pathwayCommons
http___identifiers.org_reactome_R-HSA-8854521.sbgn,pathwayCommons,http://identifiers.org/reactome/R-HSA-8854521,reactome,R-HSA-8854521,Interaction between PHLDA1 and AURKA,pathwayCommons,pathwayCommons
http___identifiers.org_reactome_R-HSA-8854691.sbgn,pathwayCommons,http://identifiers.org/reactome/R-HSA-8854691,reactome,R-HSA-8854691,"""Interleukin-19,20,22,24,26,28 and 29 signaling""",pathwayCommons,pathwayCommons
http___identifiers.org_reactome_R-HSA-8856825.sbgn,pathwayCommons,http://identifiers.org/reactome/R-HSA-8856825,reactome,R-HSA-8856825,Cargo recognition for clathrin-mediated endocytosis,pathwayCommons,pathwayCommons
http___identifiers.org_reactome_R-HSA-8857538.sbgn,pathwayCommons,http://identifiers.org/reactome/R-HSA-8857538,reactome,R-HSA-8857538,PTK6 promotes HIF1A stabilization,pathwayCommons,pathwayCommons
http___identifiers.org_reactome_R-HSA-8862803.sbgn,pathwayCommons,http://identifiers.org/reactome/R-HSA-8862803,reactome,R-HSA-8862803,Deregulated CDK5 triggers multiple neurodegenerative pathways in Alzheimer's disease models,pathwayCommons,pathwayCommons
http___identifiers.org_reactome_R-HSA-8863795.sbgn,pathwayCommons,http://identifiers.org/reactome/R-HSA-8863795,reactome,R-HSA-8863795,Downregulation of ERBB2 signaling,pathwayCommons,pathwayCommons
http___identifiers.org_reactome_R-HSA-8864260.sbgn,pathwayCommons,http://identifiers.org/reactome/R-HSA-8864260,reactome,R-HSA-8864260,Transcriptional regulation by the AP-2 (TFAP2) family of transcription factors,pathwayCommons,pathwayCommons
http___identifiers.org_reactome_R-HSA-8865999.sbgn,pathwayCommons,http://identifiers.org/reactome/R-HSA-8865999,reactome,R-HSA-8865999,MET activates PTPN11,pathwayCommons,pathwayCommons
http___identifiers.org_reactome_R-HSA-8866376.sbgn,pathwayCommons,http://identifiers.org/reactome/R-HSA-8866376,reactome,R-HSA-8866376,Reelin signalling pathway,pathwayCommons,pathwayCommons
http___identifiers.org_reactome_R-HSA-8866423.sbgn,pathwayCommons,http://identifiers.org/reactome/R-HSA-8866423,reactome,R-HSA-8866423,VLDL assembly,pathwayCommons,pathwayCommons
http___identifiers.org_reactome_R-HSA-8866427.sbgn,pathwayCommons,http://identifiers.org/reactome/R-HSA-8866427,reactome,R-HSA-8866427,VLDLR internalisation and degradation,pathwayCommons,pathwayCommons
http___identifiers.org_reactome_R-HSA-8866652.sbgn,pathwayCommons,http://identifiers.org/reactome/R-HSA-8866652,reactome,R-HSA-8866652,Synthesis of active ubiquitin: roles of E1 and E2 enzymes,pathwayCommons,pathwayCommons
http___identifiers.org_reactome_R-HSA-8866654.sbgn,pathwayCommons,http://identifiers.org/reactome/R-HSA-8866654,reactome,R-HSA-8866654,E3 ubiquitin ligases ubiquitinate target proteins,pathwayCommons,pathwayCommons
http___identifiers.org_reactome_R-HSA-8866904.sbgn,pathwayCommons,http://identifiers.org/reactome/R-HSA-8866904,reactome,R-HSA-8866904,Negative regulation of activity of TFAP2 (AP-2) family transcription factors,pathwayCommons,pathwayCommons
http___identifiers.org_reactome_R-HSA-8866906.sbgn,pathwayCommons,http://identifiers.org/reactome/R-HSA-8866906,reactome,R-HSA-8866906,TFAP2 (AP-2) family regulates transcription of other transcription factors,pathwayCommons,pathwayCommons
http___identifiers.org_reactome_R-HSA-8866907.sbgn,pathwayCommons,http://identifiers.org/reactome/R-HSA-8866907,reactome,R-HSA-8866907,Activation of the TFAP2 (AP-2) family of transcription factors,pathwayCommons,pathwayCommons
http___identifiers.org_reactome_R-HSA-8866910.sbgn,pathwayCommons,http://identifiers.org/reactome/R-HSA-8866910,reactome,R-HSA-8866910,TFAP2 (AP-2) family regulates transcription of growth factors and their receptors,pathwayCommons,pathwayCommons
http___identifiers.org_reactome_R-HSA-8866911.sbgn,pathwayCommons,http://identifiers.org/reactome/R-HSA-8866911,reactome,R-HSA-8866911,TFAP2 (AP-2) family regulates transcription of cell cycle factors,pathwayCommons,pathwayCommons
http___identifiers.org_reactome_R-HSA-8868766.sbgn,pathwayCommons,http://identifiers.org/reactome/R-HSA-8868766,reactome,R-HSA-8868766,rRNA processing in the mitochondrion,pathwayCommons,pathwayCommons
http___identifiers.org_reactome_R-HSA-8869496.sbgn,pathwayCommons,http://identifiers.org/reactome/R-HSA-8869496,reactome,R-HSA-8869496,TFAP2A acts as a transcriptional repressor during retinoic acid induced cell differentiation,pathwayCommons,pathwayCommons
http___identifiers.org_reactome_R-HSA-8873719.sbgn,pathwayCommons,http://identifiers.org/reactome/R-HSA-8873719,reactome,R-HSA-8873719,RAB geranylgeranylation,pathwayCommons,pathwayCommons
http___identifiers.org_reactome_R-HSA-8874081.sbgn,pathwayCommons,http://identifiers.org/reactome/R-HSA-8874081,reactome,R-HSA-8874081,MET activates PTK2 signaling,pathwayCommons,pathwayCommons
http___identifiers.org_reactome_R-HSA-8874211.sbgn,pathwayCommons,http://identifiers.org/reactome/R-HSA-8874211,reactome,R-HSA-8874211,CREB3 factors activate genes,pathwayCommons,pathwayCommons
http___identifiers.org_reactome_R-HSA-8875360.sbgn,pathwayCommons,http://identifiers.org/reactome/R-HSA-8875360,reactome,R-HSA-8875360,InlB-mediated entry of Listeria monocytogenes into host cell,pathwayCommons,pathwayCommons
http___identifiers.org_reactome_R-HSA-8875513.sbgn,pathwayCommons,http://identifiers.org/reactome/R-HSA-8875513,reactome,R-HSA-8875513,MET interacts with TNS proteins,pathwayCommons,pathwayCommons
http___identifiers.org_reactome_R-HSA-8875555.sbgn,pathwayCommons,http://identifiers.org/reactome/R-HSA-8875555,reactome,R-HSA-8875555,MET activates RAP1 and RAC1,pathwayCommons,pathwayCommons
http___identifiers.org_reactome_R-HSA-8875656.sbgn,pathwayCommons,http://identifiers.org/reactome/R-HSA-8875656,reactome,R-HSA-8875656,MET receptor recycling,pathwayCommons,pathwayCommons
http___identifiers.org_reactome_R-HSA-8875791.sbgn,pathwayCommons,http://identifiers.org/reactome/R-HSA-8875791,reactome,R-HSA-8875791,MET activates STAT3,pathwayCommons,pathwayCommons
http___identifiers.org_reactome_R-HSA-8876198.sbgn,pathwayCommons,http://identifiers.org/reactome/R-HSA-8876198,reactome,R-HSA-8876198,RAB GEFs exchange GTP for GDP on RABs,pathwayCommons,pathwayCommons
http___identifiers.org_reactome_R-HSA-8876493.sbgn,pathwayCommons,http://identifiers.org/reactome/R-HSA-8876493,reactome,R-HSA-8876493,InlA-mediated entry of Listeria monocytogenes into host cells,pathwayCommons,pathwayCommons
http___identifiers.org_reactome_R-HSA-8876725.sbgn,pathwayCommons,http://identifiers.org/reactome/R-HSA-8876725,reactome,R-HSA-8876725,Protein methylation,pathwayCommons,pathwayCommons
http___identifiers.org_reactome_R-HSA-8877330.sbgn,pathwayCommons,http://identifiers.org/reactome/R-HSA-8877330,reactome,R-HSA-8877330,RUNX1 and FOXP3 control the development of regulatory T lymphocytes (Tregs),pathwayCommons,pathwayCommons
http___identifiers.org_reactome_R-HSA-8877627.sbgn,pathwayCommons,http://identifiers.org/reactome/R-HSA-8877627,reactome,R-HSA-8877627,Vitamin E,pathwayCommons,pathwayCommons
http___identifiers.org_reactome_R-HSA-888568.sbgn,pathwayCommons,http://identifiers.org/reactome/R-HSA-888568,reactome,R-HSA-888568,GABA synthesis,pathwayCommons,pathwayCommons
http___identifiers.org_reactome_R-HSA-888590.sbgn,pathwayCommons,http://identifiers.org/reactome/R-HSA-888590,reactome,R-HSA-888590,"""GABA synthesis, release, reuptake and degradation""",pathwayCommons,pathwayCommons
http___identifiers.org_reactome_R-HSA-888593.sbgn,pathwayCommons,http://identifiers.org/reactome/R-HSA-888593,reactome,R-HSA-888593,Reuptake of GABA,pathwayCommons,pathwayCommons
http___identifiers.org_reactome_R-HSA-8931987.sbgn,pathwayCommons,http://identifiers.org/reactome/R-HSA-8931987,reactome,R-HSA-8931987,RUNX1 regulates estrogen receptor mediated transcription,pathwayCommons,pathwayCommons
http___identifiers.org_reactome_R-HSA-8934593.sbgn,pathwayCommons,http://identifiers.org/reactome/R-HSA-8934593,reactome,R-HSA-8934593,Regulation of RUNX1 Expression and Activity,pathwayCommons,pathwayCommons
http___identifiers.org_reactome_R-HSA-8934903.sbgn,pathwayCommons,http://identifiers.org/reactome/R-HSA-8934903,reactome,R-HSA-8934903,Receptor Mediated Mitophagy,pathwayCommons,pathwayCommons
http___identifiers.org_reactome_R-HSA-8935690.sbgn,pathwayCommons,http://identifiers.org/reactome/R-HSA-8935690,reactome,R-HSA-8935690,Digestion,pathwayCommons,pathwayCommons
http___identifiers.org_reactome_R-HSA-8935964.sbgn,pathwayCommons,http://identifiers.org/reactome/R-HSA-8935964,reactome,R-HSA-8935964,RUNX1 regulates expression of components of tight junctions,pathwayCommons,pathwayCommons
http___identifiers.org_reactome_R-HSA-8936459.sbgn,pathwayCommons,http://identifiers.org/reactome/R-HSA-8936459,reactome,R-HSA-8936459,RUNX1 regulates genes involved in megakaryocyte differentiation and platelet function,pathwayCommons,pathwayCommons
http___identifiers.org_reactome_R-HSA-8937144.sbgn,pathwayCommons,http://identifiers.org/reactome/R-HSA-8937144,reactome,R-HSA-8937144,Aryl hydrocarbon receptor signalling,pathwayCommons,pathwayCommons
http___identifiers.org_reactome_R-HSA-8939236.sbgn,pathwayCommons,http://identifiers.org/reactome/R-HSA-8939236,reactome,R-HSA-8939236,RUNX1 regulates transcription of genes involved in differentiation of HSCs,pathwayCommons,pathwayCommons
http___identifiers.org_reactome_R-HSA-8939242.sbgn,pathwayCommons,http://identifiers.org/reactome/R-HSA-8939242,reactome,R-HSA-8939242,RUNX1 regulates transcription of genes involved in differentiation of keratinocytes,pathwayCommons,pathwayCommons
http___identifiers.org_reactome_R-HSA-8939243.sbgn,pathwayCommons,http://identifiers.org/reactome/R-HSA-8939243,reactome,R-HSA-8939243,RUNX1 interacts with co-factors whose precise effect on RUNX1 targets is not known,pathwayCommons,pathwayCommons
http___identifiers.org_reactome_R-HSA-8939245.sbgn,pathwayCommons,http://identifiers.org/reactome/R-HSA-8939245,reactome,R-HSA-8939245,RUNX1 regulates transcription of genes involved in BCR signaling,pathwayCommons,pathwayCommons
http___identifiers.org_reactome_R-HSA-8939246.sbgn,pathwayCommons,http://identifiers.org/reactome/R-HSA-8939246,reactome,R-HSA-8939246,RUNX1 regulates transcription of genes involved in differentiation of myeloid cells,pathwayCommons,pathwayCommons
http___identifiers.org_reactome_R-HSA-8939247.sbgn,pathwayCommons,http://identifiers.org/reactome/R-HSA-8939247,reactome,R-HSA-8939247,RUNX1 regulates transcription of genes involved in interleukin signaling,pathwayCommons,pathwayCommons
http___identifiers.org_reactome_R-HSA-8939256.sbgn,pathwayCommons,http://identifiers.org/reactome/R-HSA-8939256,reactome,R-HSA-8939256,RUNX1 regulates transcription of genes involved in WNT signaling,pathwayCommons,pathwayCommons
http___identifiers.org_reactome_R-HSA-8941237.sbgn,pathwayCommons,http://identifiers.org/reactome/R-HSA-8941237,reactome,R-HSA-8941237,Invadopodia formation,pathwayCommons,pathwayCommons
http___identifiers.org_reactome_R-HSA-8941855.sbgn,pathwayCommons,http://identifiers.org/reactome/R-HSA-8941855,reactome,R-HSA-8941855,RUNX3 regulates CDKN1A transcription,pathwayCommons,pathwayCommons
http___identifiers.org_reactome_R-HSA-8941856.sbgn,pathwayCommons,http://identifiers.org/reactome/R-HSA-8941856,reactome,R-HSA-8941856,RUNX3 regulates NOTCH signaling,pathwayCommons,pathwayCommons
http___identifiers.org_reactome_R-HSA-8941858.sbgn,pathwayCommons,http://identifiers.org/reactome/R-HSA-8941858,reactome,R-HSA-8941858,Regulation of RUNX3 expression and activity,pathwayCommons,pathwayCommons
http___identifiers.org_reactome_R-HSA-8942233.sbgn,pathwayCommons,http://identifiers.org/reactome/R-HSA-8942233,reactome,R-HSA-8942233,Intestinal infectious diseases,pathwayCommons,pathwayCommons
http___identifiers.org_reactome_R-HSA-8943723.sbgn,pathwayCommons,http://identifiers.org/reactome/R-HSA-8943723,reactome,R-HSA-8943723,Regulation of PTEN mRNA translation,pathwayCommons,pathwayCommons
http___identifiers.org_reactome_R-HSA-8943724.sbgn,pathwayCommons,http://identifiers.org/reactome/R-HSA-8943724,reactome,R-HSA-8943724,Regulation of PTEN gene transcription,pathwayCommons,pathwayCommons
http___identifiers.org_reactome_R-HSA-8948216.sbgn,pathwayCommons,http://identifiers.org/reactome/R-HSA-8948216,reactome,R-HSA-8948216,Collagen chain trimerization,pathwayCommons,pathwayCommons
http___identifiers.org_reactome_R-HSA-8948700.sbgn,pathwayCommons,http://identifiers.org/reactome/R-HSA-8948700,reactome,R-HSA-8948700,Competing endogenous RNAs (ceRNAs) regulate PTEN translation,pathwayCommons,pathwayCommons
http___identifiers.org_reactome_R-HSA-8948747.sbgn,pathwayCommons,http://identifiers.org/reactome/R-HSA-8948747,reactome,R-HSA-8948747,Regulation of PTEN localization,pathwayCommons,pathwayCommons
http___identifiers.org_reactome_R-HSA-8948751.sbgn,pathwayCommons,http://identifiers.org/reactome/R-HSA-8948751,reactome,R-HSA-8948751,Regulation of PTEN stability and activity,pathwayCommons,pathwayCommons
http___identifiers.org_reactome_R-HSA-8949215.sbgn,pathwayCommons,http://identifiers.org/reactome/R-HSA-8949215,reactome,R-HSA-8949215,Mitochondrial calcium ion transport,pathwayCommons,pathwayCommons
http___identifiers.org_reactome_R-HSA-8949275.sbgn,pathwayCommons,http://identifiers.org/reactome/R-HSA-8949275,reactome,R-HSA-8949275,RUNX3 Regulates Immune Response and Cell Migration,pathwayCommons,pathwayCommons
http___identifiers.org_reactome_R-HSA-8949613.sbgn,pathwayCommons,http://identifiers.org/reactome/R-HSA-8949613,reactome,R-HSA-8949613,Cristae formation,pathwayCommons,pathwayCommons
http___identifiers.org_reactome_R-HSA-8949664.sbgn,pathwayCommons,http://identifiers.org/reactome/R-HSA-8949664,reactome,R-HSA-8949664,Processing of SMDT1,pathwayCommons,pathwayCommons
http___identifiers.org_reactome_R-HSA-8950505.sbgn,pathwayCommons,http://identifiers.org/reactome/R-HSA-8950505,reactome,R-HSA-8950505,Gene and protein expression by JAK-STAT signaling after Interleukin-12 stimulation,pathwayCommons,pathwayCommons
http___identifiers.org_reactome_R-HSA-8951430.sbgn,pathwayCommons,http://identifiers.org/reactome/R-HSA-8951430,reactome,R-HSA-8951430,RUNX3 regulates WNT signaling,pathwayCommons,pathwayCommons
http___identifiers.org_reactome_R-HSA-8951664.sbgn,pathwayCommons,http://identifiers.org/reactome/R-HSA-8951664,reactome,R-HSA-8951664,Neddylation,pathwayCommons,pathwayCommons
http___identifiers.org_reactome_R-HSA-8951671.sbgn,pathwayCommons,http://identifiers.org/reactome/R-HSA-8951671,reactome,R-HSA-8951671,RUNX3 regulates YAP1-mediated transcription,pathwayCommons,pathwayCommons
http___identifiers.org_reactome_R-HSA-8951911.sbgn,pathwayCommons,http://identifiers.org/reactome/R-HSA-8951911,reactome,R-HSA-8951911,RUNX3 regulates RUNX1-mediated transcription,pathwayCommons,pathwayCommons
http___identifiers.org_reactome_R-HSA-8951936.sbgn,pathwayCommons,http://identifiers.org/reactome/R-HSA-8951936,reactome,R-HSA-8951936,RUNX3 regulates p14-ARF,pathwayCommons,pathwayCommons
http___identifiers.org_reactome_R-HSA-8952158.sbgn,pathwayCommons,http://identifiers.org/reactome/R-HSA-8952158,reactome,R-HSA-8952158,RUNX3 regulates BCL2L11 (BIM) transcription,pathwayCommons,pathwayCommons
http___identifiers.org_reactome_R-HSA-8955332.sbgn,pathwayCommons,http://identifiers.org/reactome/R-HSA-8955332,reactome,R-HSA-8955332,Carboxyterminal post-translational modifications of tubulin,pathwayCommons,pathwayCommons
http___identifiers.org_reactome_R-HSA-8956319.sbgn,pathwayCommons,http://identifiers.org/reactome/R-HSA-8956319,reactome,R-HSA-8956319,Nucleobase catabolism,pathwayCommons,pathwayCommons
http___identifiers.org_reactome_R-HSA-8957275.sbgn,pathwayCommons,http://identifiers.org/reactome/R-HSA-8957275,reactome,R-HSA-8957275,Post-translational protein phosphorylation,pathwayCommons,pathwayCommons
http___identifiers.org_reactome_R-HSA-8963678.sbgn,pathwayCommons,http://identifiers.org/reactome/R-HSA-8963678,reactome,R-HSA-8963678,Intestinal lipid absorption,pathwayCommons,pathwayCommons
http___identifiers.org_reactome_R-HSA-8963888.sbgn,pathwayCommons,http://identifiers.org/reactome/R-HSA-8963888,reactome,R-HSA-8963888,Chylomicron assembly,pathwayCommons,pathwayCommons
http___identifiers.org_reactome_R-HSA-8963889.sbgn,pathwayCommons,http://identifiers.org/reactome/R-HSA-8963889,reactome,R-HSA-8963889,Assembly of active LPL and LIPC lipase complexes,pathwayCommons,pathwayCommons
http___identifiers.org_reactome_R-HSA-8963896.sbgn,pathwayCommons,http://identifiers.org/reactome/R-HSA-8963896,reactome,R-HSA-8963896,HDL assembly,pathwayCommons,pathwayCommons
http___identifiers.org_reactome_R-HSA-8963901.sbgn,pathwayCommons,http://identifiers.org/reactome/R-HSA-8963901,reactome,R-HSA-8963901,Chylomicron remodeling,pathwayCommons,pathwayCommons
http___identifiers.org_reactome_R-HSA-8964011.sbgn,pathwayCommons,http://identifiers.org/reactome/R-HSA-8964011,reactome,R-HSA-8964011,HDL clearance,pathwayCommons,pathwayCommons
http___identifiers.org_reactome_R-HSA-8964026.sbgn,pathwayCommons,http://identifiers.org/reactome/R-HSA-8964026,reactome,R-HSA-8964026,Chylomicron clearance,pathwayCommons,pathwayCommons
http___identifiers.org_reactome_R-HSA-8964038.sbgn,pathwayCommons,http://identifiers.org/reactome/R-HSA-8964038,reactome,R-HSA-8964038,LDL clearance,pathwayCommons,pathwayCommons
http___identifiers.org_reactome_R-HSA-8964041.sbgn,pathwayCommons,http://identifiers.org/reactome/R-HSA-8964041,reactome,R-HSA-8964041,LDL remodeling,pathwayCommons,pathwayCommons
http___identifiers.org_reactome_R-HSA-8964046.sbgn,pathwayCommons,http://identifiers.org/reactome/R-HSA-8964046,reactome,R-HSA-8964046,VLDL clearance,pathwayCommons,pathwayCommons
http___identifiers.org_reactome_R-HSA-8964058.sbgn,pathwayCommons,http://identifiers.org/reactome/R-HSA-8964058,reactome,R-HSA-8964058,HDL remodeling,pathwayCommons,pathwayCommons
http___identifiers.org_reactome_R-HSA-8964572.sbgn,pathwayCommons,http://identifiers.org/reactome/R-HSA-8964572,reactome,R-HSA-8964572,Lipid particle organization,pathwayCommons,pathwayCommons
http___identifiers.org_reactome_R-HSA-8981373.sbgn,pathwayCommons,http://identifiers.org/reactome/R-HSA-8981373,reactome,R-HSA-8981373,Intestinal hexose absorption,pathwayCommons,pathwayCommons
http___identifiers.org_reactome_R-HSA-8981607.sbgn,pathwayCommons,http://identifiers.org/reactome/R-HSA-8981607,reactome,R-HSA-8981607,Intracellular oxygen transport,pathwayCommons,pathwayCommons
http___identifiers.org_reactome_R-HSA-8983432.sbgn,pathwayCommons,http://identifiers.org/reactome/R-HSA-8983432,reactome,R-HSA-8983432,Interleukin-15 signaling,pathwayCommons,pathwayCommons
http___identifiers.org_reactome_R-HSA-8984722.sbgn,pathwayCommons,http://identifiers.org/reactome/R-HSA-8984722,reactome,R-HSA-8984722,Interleukin-35 Signalling,pathwayCommons,pathwayCommons
http___identifiers.org_reactome_R-HSA-8985947.sbgn,pathwayCommons,http://identifiers.org/reactome/R-HSA-8985947,reactome,R-HSA-8985947,Interleukin-9 signaling,pathwayCommons,pathwayCommons
http___identifiers.org_reactome_R-HSA-901032.sbgn,pathwayCommons,http://identifiers.org/reactome/R-HSA-901032,reactome,R-HSA-901032,ER Quality Control Compartment (ERQC),pathwayCommons,pathwayCommons
http___identifiers.org_reactome_R-HSA-901042.sbgn,pathwayCommons,http://identifiers.org/reactome/R-HSA-901042,reactome,R-HSA-901042,Calnexin/calreticulin cycle,pathwayCommons,pathwayCommons
http___identifiers.org_reactome_R-HSA-909733.sbgn,pathwayCommons,http://identifiers.org/reactome/R-HSA-909733,reactome,R-HSA-909733,Interferon alpha/beta signaling,pathwayCommons,pathwayCommons
http___identifiers.org_reactome_R-HSA-912446.sbgn,pathwayCommons,http://identifiers.org/reactome/R-HSA-912446,reactome,R-HSA-912446,Meiotic recombination,pathwayCommons,pathwayCommons
http___identifiers.org_reactome_R-HSA-912526.sbgn,pathwayCommons,http://identifiers.org/reactome/R-HSA-912526,reactome,R-HSA-912526,Interleukin receptor SHC signaling,pathwayCommons,pathwayCommons
http___identifiers.org_reactome_R-HSA-912631.sbgn,pathwayCommons,http://identifiers.org/reactome/R-HSA-912631,reactome,R-HSA-912631,Regulation of signaling by CBL,pathwayCommons,pathwayCommons
http___identifiers.org_reactome_R-HSA-912694.sbgn,pathwayCommons,http://identifiers.org/reactome/R-HSA-912694,reactome,R-HSA-912694,Regulation of IFNA signaling,pathwayCommons,pathwayCommons
http___identifiers.org_reactome_R-HSA-913709.sbgn,pathwayCommons,http://identifiers.org/reactome/R-HSA-913709,reactome,R-HSA-913709,O-linked glycosylation of mucins,pathwayCommons,pathwayCommons
http___identifiers.org_reactome_R-HSA-916853.sbgn,pathwayCommons,http://identifiers.org/reactome/R-HSA-916853,reactome,R-HSA-916853,Degradation of GABA,pathwayCommons,pathwayCommons
http___identifiers.org_reactome_R-HSA-917729.sbgn,pathwayCommons,http://identifiers.org/reactome/R-HSA-917729,reactome,R-HSA-917729,Endosomal Sorting Complex Required For Transport (ESCRT),pathwayCommons,pathwayCommons
http___identifiers.org_reactome_R-HSA-917937.sbgn,pathwayCommons,http://identifiers.org/reactome/R-HSA-917937,reactome,R-HSA-917937,Iron uptake and transport,pathwayCommons,pathwayCommons
http___identifiers.org_reactome_R-HSA-917977.sbgn,pathwayCommons,http://identifiers.org/reactome/R-HSA-917977,reactome,R-HSA-917977,Transferrin endocytosis and recycling,pathwayCommons,pathwayCommons
http___identifiers.org_reactome_R-HSA-918233.sbgn,pathwayCommons,http://identifiers.org/reactome/R-HSA-918233,reactome,R-HSA-918233,TRAF3-dependent IRF activation pathway,pathwayCommons,pathwayCommons
http___identifiers.org_reactome_R-HSA-933541.sbgn,pathwayCommons,http://identifiers.org/reactome/R-HSA-933541,reactome,R-HSA-933541,TRAF6 mediated IRF7 activation,pathwayCommons,pathwayCommons
http___identifiers.org_reactome_R-HSA-933542.sbgn,pathwayCommons,http://identifiers.org/reactome/R-HSA-933542,reactome,R-HSA-933542,TRAF6 mediated NF-kB activation,pathwayCommons,pathwayCommons
http___identifiers.org_reactome_R-HSA-933543.sbgn,pathwayCommons,http://identifiers.org/reactome/R-HSA-933543,reactome,R-HSA-933543,NF-kB activation through FADD/RIP-1 pathway mediated by caspase-8 and -10,pathwayCommons,pathwayCommons
http___identifiers.org_reactome_R-HSA-936440.sbgn,pathwayCommons,http://identifiers.org/reactome/R-HSA-936440,reactome,R-HSA-936440,Negative regulators of RIG-I/MDA5 signaling,pathwayCommons,pathwayCommons
http___identifiers.org_reactome_R-HSA-936837.sbgn,pathwayCommons,http://identifiers.org/reactome/R-HSA-936837,reactome,R-HSA-936837,Ion transport by P-type ATPases,pathwayCommons,pathwayCommons
http___identifiers.org_reactome_R-HSA-936964.sbgn,pathwayCommons,http://identifiers.org/reactome/R-HSA-936964,reactome,R-HSA-936964,Activation of IRF3/IRF7 mediated by TBK1/IKK epsilon,pathwayCommons,pathwayCommons
http___identifiers.org_reactome_R-HSA-937039.sbgn,pathwayCommons,http://identifiers.org/reactome/R-HSA-937039,reactome,R-HSA-937039,IRAK1 recruits IKK complex,pathwayCommons,pathwayCommons
http___identifiers.org_reactome_R-HSA-937041.sbgn,pathwayCommons,http://identifiers.org/reactome/R-HSA-937041,reactome,R-HSA-937041,IKK complex recruitment mediated by RIP1,pathwayCommons,pathwayCommons
http___identifiers.org_reactome_R-HSA-937042.sbgn,pathwayCommons,http://identifiers.org/reactome/R-HSA-937042,reactome,R-HSA-937042,IRAK2 mediated activation of TAK1 complex,pathwayCommons,pathwayCommons
http___identifiers.org_reactome_R-HSA-937072.sbgn,pathwayCommons,http://identifiers.org/reactome/R-HSA-937072,reactome,R-HSA-937072,TRAF6 mediated induction of TAK1 complex,pathwayCommons,pathwayCommons
http___identifiers.org_reactome_R-HSA-947581.sbgn,pathwayCommons,http://identifiers.org/reactome/R-HSA-947581,reactome,R-HSA-947581,Molybdenum cofactor biosynthesis,pathwayCommons,pathwayCommons
http___identifiers.org_reactome_R-HSA-948021.sbgn,pathwayCommons,http://identifiers.org/reactome/R-HSA-948021,reactome,R-HSA-948021,Transport to the Golgi and subsequent modification,pathwayCommons,pathwayCommons
http___identifiers.org_reactome_R-HSA-964739.sbgn,pathwayCommons,http://identifiers.org/reactome/R-HSA-964739,reactome,R-HSA-964739,N-glycan trimming and elongation in the cis-Golgi,pathwayCommons,pathwayCommons
http___identifiers.org_reactome_R-HSA-964827.sbgn,pathwayCommons,http://identifiers.org/reactome/R-HSA-964827,reactome,R-HSA-964827,"""Progressive trimming of alpha-1,2-linked mannose residues from Man9/8/7GlcNAc2 to produce Man5GlcNAc2""",pathwayCommons,pathwayCommons
http___identifiers.org_reactome_R-HSA-964975.sbgn,pathwayCommons,http://identifiers.org/reactome/R-HSA-964975,reactome,R-HSA-964975,Vitamins B6 activation to pyridoxal phosphate,pathwayCommons,pathwayCommons
http___identifiers.org_reactome_R-HSA-975110.sbgn,pathwayCommons,http://identifiers.org/reactome/R-HSA-975110,reactome,R-HSA-975110,TRAF6 mediated IRF7 activation in TLR7/8 or 9 signaling,pathwayCommons,pathwayCommons
http___identifiers.org_reactome_R-HSA-975138.sbgn,pathwayCommons,http://identifiers.org/reactome/R-HSA-975138,reactome,R-HSA-975138,TRAF6 mediated induction of NFkB and MAP kinases upon TLR7/8 or 9 activation,pathwayCommons,pathwayCommons
http___identifiers.org_reactome_R-HSA-975144.sbgn,pathwayCommons,http://identifiers.org/reactome/R-HSA-975144,reactome,R-HSA-975144,IRAK1 recruits IKK complex upon TLR7/8 or 9 stimulation,pathwayCommons,pathwayCommons
http___identifiers.org_reactome_R-HSA-975155.sbgn,pathwayCommons,http://identifiers.org/reactome/R-HSA-975155,reactome,R-HSA-975155,MyD88 dependent cascade initiated on endosome,pathwayCommons,pathwayCommons
http___identifiers.org_reactome_R-HSA-975163.sbgn,pathwayCommons,http://identifiers.org/reactome/R-HSA-975163,reactome,R-HSA-975163,IRAK2 mediated activation of TAK1 complex upon TLR7/8 or 9 stimulation,pathwayCommons,pathwayCommons
http___identifiers.org_reactome_R-HSA-975298.sbgn,pathwayCommons,http://identifiers.org/reactome/R-HSA-975298,reactome,R-HSA-975298,Ligand-gated ion channel transport,pathwayCommons,pathwayCommons
http___identifiers.org_reactome_R-HSA-975574.sbgn,pathwayCommons,http://identifiers.org/reactome/R-HSA-975574,reactome,R-HSA-975574,Reactions specific to the hybrid N-glycan synthesis pathway,pathwayCommons,pathwayCommons
http___identifiers.org_reactome_R-HSA-975577.sbgn,pathwayCommons,http://identifiers.org/reactome/R-HSA-975577,reactome,R-HSA-975577,N-Glycan antennae elongation,pathwayCommons,pathwayCommons
http___identifiers.org_reactome_R-HSA-975578.sbgn,pathwayCommons,http://identifiers.org/reactome/R-HSA-975578,reactome,R-HSA-975578,Reactions specific to the complex N-glycan synthesis pathway,pathwayCommons,pathwayCommons
http___identifiers.org_reactome_R-HSA-975634.sbgn,pathwayCommons,http://identifiers.org/reactome/R-HSA-975634,reactome,R-HSA-975634,Retinoid metabolism and transport,pathwayCommons,pathwayCommons
http___identifiers.org_reactome_R-HSA-975871.sbgn,pathwayCommons,http://identifiers.org/reactome/R-HSA-975871,reactome,R-HSA-975871,MyD88 cascade initiated on plasma membrane,pathwayCommons,pathwayCommons
http___identifiers.org_reactome_R-HSA-975956.sbgn,pathwayCommons,http://identifiers.org/reactome/R-HSA-975956,reactome,R-HSA-975956,Nonsense Mediated Decay (NMD) independent of the Exon Junction Complex (EJC),pathwayCommons,pathwayCommons
http___identifiers.org_reactome_R-HSA-975957.sbgn,pathwayCommons,http://identifiers.org/reactome/R-HSA-975957,reactome,R-HSA-975957,Nonsense Mediated Decay (NMD) enhanced by the Exon Junction Complex (EJC),pathwayCommons,pathwayCommons
http___identifiers.org_reactome_R-HSA-977068.sbgn,pathwayCommons,http://identifiers.org/reactome/R-HSA-977068,reactome,R-HSA-977068,Termination of O-glycan biosynthesis,pathwayCommons,pathwayCommons
http___identifiers.org_reactome_R-HSA-977225.sbgn,pathwayCommons,http://identifiers.org/reactome/R-HSA-977225,reactome,R-HSA-977225,Amyloid fiber formation,pathwayCommons,pathwayCommons
http___identifiers.org_reactome_R-HSA-977347.sbgn,pathwayCommons,http://identifiers.org/reactome/R-HSA-977347,reactome,R-HSA-977347,Serine biosynthesis,pathwayCommons,pathwayCommons
http___identifiers.org_reactome_R-HSA-977441.sbgn,pathwayCommons,http://identifiers.org/reactome/R-HSA-977441,reactome,R-HSA-977441,GABA A receptor activation,pathwayCommons,pathwayCommons
http___identifiers.org_reactome_R-HSA-977442.sbgn,pathwayCommons,http://identifiers.org/reactome/R-HSA-977442,reactome,R-HSA-977442,GABA A (rho) receptor activation,pathwayCommons,pathwayCommons
http___identifiers.org_reactome_R-HSA-977444.sbgn,pathwayCommons,http://identifiers.org/reactome/R-HSA-977444,reactome,R-HSA-977444,GABA B receptor activation,pathwayCommons,pathwayCommons
http___identifiers.org_reactome_R-HSA-977606.sbgn,pathwayCommons,http://identifiers.org/reactome/R-HSA-977606,reactome,R-HSA-977606,Regulation of Complement cascade,pathwayCommons,pathwayCommons
http___identifiers.org_reactome_R-HSA-982772.sbgn,pathwayCommons,http://identifiers.org/reactome/R-HSA-982772,reactome,R-HSA-982772,Growth hormone receptor signaling,pathwayCommons,pathwayCommons
http___identifiers.org_reactome_R-HSA-983168.sbgn,pathwayCommons,http://identifiers.org/reactome/R-HSA-983168,reactome,R-HSA-983168,Antigen processing: Ubiquitination & Proteasome degradation,pathwayCommons,pathwayCommons
http___identifiers.org_reactome_R-HSA-983170.sbgn,pathwayCommons,http://identifiers.org/reactome/R-HSA-983170,reactome,R-HSA-983170,"""Antigen Presentation: Folding, assembly and peptide loading of class I MHC""",pathwayCommons,pathwayCommons
http___identifiers.org_reactome_R-HSA-983189.sbgn,pathwayCommons,http://identifiers.org/reactome/R-HSA-983189,reactome,R-HSA-983189,Kinesins,pathwayCommons,pathwayCommons
http___identifiers.org_reactome_R-HSA-983231.sbgn,pathwayCommons,http://identifiers.org/reactome/R-HSA-983231,reactome,R-HSA-983231,Factors involved in megakaryocyte development and platelet production,pathwayCommons,pathwayCommons
http___identifiers.org_reactome_R-HSA-983695.sbgn,pathwayCommons,http://identifiers.org/reactome/R-HSA-983695,reactome,R-HSA-983695,Antigen activates B Cell Receptor (BCR) leading to generation of second messengers,pathwayCommons,pathwayCommons
http___identifiers.org_reactome_R-HSA-983712.sbgn,pathwayCommons,http://identifiers.org/reactome/R-HSA-983712,reactome,R-HSA-983712,Ion channel transport,pathwayCommons,pathwayCommons
http___identifiers.org_reactome_R-HSA-997272.sbgn,pathwayCommons,http://identifiers.org/reactome/R-HSA-997272,reactome,R-HSA-997272,Inhibition of voltage gated Ca2+ channels via Gbeta/gamma subunits,pathwayCommons,pathwayCommons
http___identifiers.org_smpdb_SMP00001.sbgn,pathwayCommons,http://identifiers.org/smpdb/SMP00001,smpdb,SMP00001,Citrullinemia Type I,pathwayCommons,pathwayCommons
http___identifiers.org_smpdb_SMP00002.sbgn,pathwayCommons,http://identifiers.org/smpdb/SMP00002,smpdb,SMP00002,Carbamoyl Phosphate Synthetase Deficiency,pathwayCommons,pathwayCommons
http___identifiers.org_smpdb_SMP00003.sbgn,pathwayCommons,http://identifiers.org/smpdb/SMP00003,smpdb,SMP00003,Argininosuccinic Aciduria,pathwayCommons,pathwayCommons
http___identifiers.org_smpdb_SMP00004.sbgn,pathwayCommons,http://identifiers.org/smpdb/SMP00004,smpdb,SMP00004,Glycine and Serine Metabolism,pathwayCommons,pathwayCommons
http___identifiers.org_smpdb_SMP00005.sbgn,pathwayCommons,http://identifiers.org/smpdb/SMP00005,smpdb,SMP00005,Pterine Biosynthesis,pathwayCommons,pathwayCommons
http___identifiers.org_smpdb_SMP00006.sbgn,pathwayCommons,http://identifiers.org/smpdb/SMP00006,smpdb,SMP00006,Tyrosine Metabolism,pathwayCommons,pathwayCommons
http___identifiers.org_smpdb_SMP00007.sbgn,pathwayCommons,http://identifiers.org/smpdb/SMP00007,smpdb,SMP00007,Beta-Alanine Metabolism,pathwayCommons,pathwayCommons
http___identifiers.org_smpdb_SMP00008.sbgn,pathwayCommons,http://identifiers.org/smpdb/SMP00008,smpdb,SMP00008,Phenylalanine and Tyrosine Metabolism,pathwayCommons,pathwayCommons
http___identifiers.org_smpdb_SMP00009.sbgn,pathwayCommons,http://identifiers.org/smpdb/SMP00009,smpdb,SMP00009,Ammonia Recycling,pathwayCommons,pathwayCommons
http___identifiers.org_smpdb_SMP00010.sbgn,pathwayCommons,http://identifiers.org/smpdb/SMP00010,smpdb,SMP00010,Nucleotide Sugars Metabolism,pathwayCommons,pathwayCommons
http___identifiers.org_smpdb_SMP00011.sbgn,pathwayCommons,http://identifiers.org/smpdb/SMP00011,smpdb,SMP00011,Inositol Metabolism,pathwayCommons,pathwayCommons
http___identifiers.org_smpdb_SMP00012.sbgn,pathwayCommons,http://identifiers.org/smpdb/SMP00012,smpdb,SMP00012,Catecholamine Biosynthesis,pathwayCommons,pathwayCommons
http___identifiers.org_smpdb_SMP00013.sbgn,pathwayCommons,http://identifiers.org/smpdb/SMP00013,smpdb,SMP00013,Cysteine Metabolism,pathwayCommons,pathwayCommons
http___identifiers.org_smpdb_SMP00015.sbgn,pathwayCommons,http://identifiers.org/smpdb/SMP00015,smpdb,SMP00015,Glutathione Metabolism,pathwayCommons,pathwayCommons
http___identifiers.org_smpdb_SMP00016.sbgn,pathwayCommons,http://identifiers.org/smpdb/SMP00016,smpdb,SMP00016,Propanoate Metabolism,pathwayCommons,pathwayCommons
http___identifiers.org_smpdb_SMP00017.sbgn,pathwayCommons,http://identifiers.org/smpdb/SMP00017,smpdb,SMP00017,Vitamin B6 Metabolism,pathwayCommons,pathwayCommons
http___identifiers.org_smpdb_SMP00018.sbgn,pathwayCommons,http://identifiers.org/smpdb/SMP00018,smpdb,SMP00018,Alpha Linolenic Acid and Linoleic Acid Metabolism,pathwayCommons,pathwayCommons
http___identifiers.org_smpdb_SMP00019.sbgn,pathwayCommons,http://identifiers.org/smpdb/SMP00019,smpdb,SMP00019,Transcription/Translation,pathwayCommons,pathwayCommons
http___identifiers.org_smpdb_SMP00020.sbgn,pathwayCommons,http://identifiers.org/smpdb/SMP00020,smpdb,SMP00020,Arginine and Proline Metabolism,pathwayCommons,pathwayCommons
http___identifiers.org_smpdb_SMP00021.sbgn,pathwayCommons,http://identifiers.org/smpdb/SMP00021,smpdb,SMP00021,Taurine and Hypotaurine Metabolism,pathwayCommons,pathwayCommons
http___identifiers.org_smpdb_SMP00023.sbgn,pathwayCommons,http://identifiers.org/smpdb/SMP00023,smpdb,SMP00023,Steroid Biosynthesis,pathwayCommons,pathwayCommons
http___identifiers.org_smpdb_SMP00024.sbgn,pathwayCommons,http://identifiers.org/smpdb/SMP00024,smpdb,SMP00024,Porphyrin Metabolism,pathwayCommons,pathwayCommons
http___identifiers.org_smpdb_SMP00025.sbgn,pathwayCommons,http://identifiers.org/smpdb/SMP00025,smpdb,SMP00025,Phospholipid Biosynthesis,pathwayCommons,pathwayCommons
http___identifiers.org_smpdb_SMP00027.sbgn,pathwayCommons,http://identifiers.org/smpdb/SMP00027,smpdb,SMP00027,Pantothenate and CoA Biosynthesis,pathwayCommons,pathwayCommons
http___identifiers.org_smpdb_SMP00028.sbgn,pathwayCommons,http://identifiers.org/smpdb/SMP00028,smpdb,SMP00028,Caffeine Metabolism,pathwayCommons,pathwayCommons
http___identifiers.org_smpdb_SMP00029.sbgn,pathwayCommons,http://identifiers.org/smpdb/SMP00029,smpdb,SMP00029,Selenoamino Acid Metabolism,pathwayCommons,pathwayCommons
http___identifiers.org_smpdb_SMP00030.sbgn,pathwayCommons,http://identifiers.org/smpdb/SMP00030,smpdb,SMP00030,Oxidation of Branched Chain Fatty Acids,pathwayCommons,pathwayCommons
http___identifiers.org_smpdb_SMP00031.sbgn,pathwayCommons,http://identifiers.org/smpdb/SMP00031,smpdb,SMP00031,Pentose Phosphate Pathway,pathwayCommons,pathwayCommons
http___identifiers.org_smpdb_SMP00032.sbgn,pathwayCommons,http://identifiers.org/smpdb/SMP00032,smpdb,SMP00032,"""Valine, Leucine and Isoleucine Degradation""",pathwayCommons,pathwayCommons
http___identifiers.org_smpdb_SMP00033.sbgn,pathwayCommons,http://identifiers.org/smpdb/SMP00033,smpdb,SMP00033,Methionine Metabolism,pathwayCommons,pathwayCommons
http___identifiers.org_smpdb_SMP00034.sbgn,pathwayCommons,http://identifiers.org/smpdb/SMP00034,smpdb,SMP00034,Sphingolipid Metabolism,pathwayCommons,pathwayCommons
http___identifiers.org_smpdb_SMP00035.sbgn,pathwayCommons,http://identifiers.org/smpdb/SMP00035,smpdb,SMP00035,Bile Acid Biosynthesis,pathwayCommons,pathwayCommons
http___identifiers.org_smpdb_SMP00036.sbgn,pathwayCommons,http://identifiers.org/smpdb/SMP00036,smpdb,SMP00036,D-Arginine and D-Ornithine Metabolism,pathwayCommons,pathwayCommons
http___identifiers.org_smpdb_SMP00037.sbgn,pathwayCommons,http://identifiers.org/smpdb/SMP00037,smpdb,SMP00037,Lysine Degradation,pathwayCommons,pathwayCommons
http___identifiers.org_smpdb_SMP00039.sbgn,pathwayCommons,http://identifiers.org/smpdb/SMP00039,smpdb,SMP00039,Glycerolipid Metabolism,pathwayCommons,pathwayCommons
http___identifiers.org_smpdb_SMP00040.sbgn,pathwayCommons,http://identifiers.org/smpdb/SMP00040,smpdb,SMP00040,Glycolysis,pathwayCommons,pathwayCommons
http___identifiers.org_smpdb_SMP00041.sbgn,pathwayCommons,http://identifiers.org/smpdb/SMP00041,smpdb,SMP00041,Sulfate/Sulfite Metabolism,pathwayCommons,pathwayCommons
http___identifiers.org_smpdb_SMP00043.sbgn,pathwayCommons,http://identifiers.org/smpdb/SMP00043,smpdb,SMP00043,Galactose Metabolism,pathwayCommons,pathwayCommons
http___identifiers.org_smpdb_SMP00044.sbgn,pathwayCommons,http://identifiers.org/smpdb/SMP00044,smpdb,SMP00044,Histidine Metabolism,pathwayCommons,pathwayCommons
http___identifiers.org_smpdb_SMP00045.sbgn,pathwayCommons,http://identifiers.org/smpdb/SMP00045,smpdb,SMP00045,Amino Sugar Metabolism,pathwayCommons,pathwayCommons
http___identifiers.org_smpdb_SMP00046.sbgn,pathwayCommons,http://identifiers.org/smpdb/SMP00046,smpdb,SMP00046,Pyrimidine Metabolism,pathwayCommons,pathwayCommons
http___identifiers.org_smpdb_SMP00048.sbgn,pathwayCommons,http://identifiers.org/smpdb/SMP00048,smpdb,SMP00048,Nicotinate and Nicotinamide Metabolism,pathwayCommons,pathwayCommons
http___identifiers.org_smpdb_SMP00050.sbgn,pathwayCommons,http://identifiers.org/smpdb/SMP00050,smpdb,SMP00050,Purine Metabolism,pathwayCommons,pathwayCommons
http___identifiers.org_smpdb_SMP00051.sbgn,pathwayCommons,http://identifiers.org/smpdb/SMP00051,smpdb,SMP00051,Fatty acid Metabolism,pathwayCommons,pathwayCommons
http___identifiers.org_smpdb_SMP00052.sbgn,pathwayCommons,http://identifiers.org/smpdb/SMP00052,smpdb,SMP00052,Beta Oxidation of Very Long Chain Fatty Acids,pathwayCommons,pathwayCommons
http___identifiers.org_smpdb_SMP00053.sbgn,pathwayCommons,http://identifiers.org/smpdb/SMP00053,smpdb,SMP00053,Folate Metabolism,pathwayCommons,pathwayCommons
http___identifiers.org_smpdb_SMP00054.sbgn,pathwayCommons,http://identifiers.org/smpdb/SMP00054,smpdb,SMP00054,Fatty Acid Elongation In Mitochondria,pathwayCommons,pathwayCommons
http___identifiers.org_smpdb_SMP00055.sbgn,pathwayCommons,http://identifiers.org/smpdb/SMP00055,smpdb,SMP00055,Alanine Metabolism,pathwayCommons,pathwayCommons
http___identifiers.org_smpdb_SMP00057.sbgn,pathwayCommons,http://identifiers.org/smpdb/SMP00057,smpdb,SMP00057,Citric Acid Cycle,pathwayCommons,pathwayCommons
http___identifiers.org_smpdb_SMP00058.sbgn,pathwayCommons,http://identifiers.org/smpdb/SMP00058,smpdb,SMP00058,Starch and Sucrose Metabolism,pathwayCommons,pathwayCommons
http___identifiers.org_smpdb_SMP00059.sbgn,pathwayCommons,http://identifiers.org/smpdb/SMP00059,smpdb,SMP00059,Urea Cycle,pathwayCommons,pathwayCommons
http___identifiers.org_smpdb_SMP00060.sbgn,pathwayCommons,http://identifiers.org/smpdb/SMP00060,smpdb,SMP00060,Pyruvate Metabolism,pathwayCommons,pathwayCommons
http___identifiers.org_smpdb_SMP00063.sbgn,pathwayCommons,http://identifiers.org/smpdb/SMP00063,smpdb,SMP00063,Tryptophan Metabolism,pathwayCommons,pathwayCommons
http___identifiers.org_smpdb_SMP00064.sbgn,pathwayCommons,http://identifiers.org/smpdb/SMP00064,smpdb,SMP00064,Fructose and Mannose Degradation,pathwayCommons,pathwayCommons
http___identifiers.org_smpdb_SMP00065.sbgn,pathwayCommons,http://identifiers.org/smpdb/SMP00065,smpdb,SMP00065,Ubiquinone Biosynthesis,pathwayCommons,pathwayCommons
http___identifiers.org_smpdb_SMP00066.sbgn,pathwayCommons,http://identifiers.org/smpdb/SMP00066,smpdb,SMP00066,Biotin Metabolism,pathwayCommons,pathwayCommons
http___identifiers.org_smpdb_SMP00067.sbgn,pathwayCommons,http://identifiers.org/smpdb/SMP00067,smpdb,SMP00067,Aspartate Metabolism,pathwayCommons,pathwayCommons
http___identifiers.org_smpdb_SMP00068.sbgn,pathwayCommons,http://identifiers.org/smpdb/SMP00068,smpdb,SMP00068,Androgen and Estrogen Metabolism,pathwayCommons,pathwayCommons
http___identifiers.org_smpdb_SMP00070.sbgn,pathwayCommons,http://identifiers.org/smpdb/SMP00070,smpdb,SMP00070,Riboflavin Metabolism,pathwayCommons,pathwayCommons
http___identifiers.org_smpdb_SMP00071.sbgn,pathwayCommons,http://identifiers.org/smpdb/SMP00071,smpdb,SMP00071,Ketone Body Metabolism,pathwayCommons,pathwayCommons
http___identifiers.org_smpdb_SMP00072.sbgn,pathwayCommons,http://identifiers.org/smpdb/SMP00072,smpdb,SMP00072,Glutamate Metabolism,pathwayCommons,pathwayCommons
http___identifiers.org_smpdb_SMP00073.sbgn,pathwayCommons,http://identifiers.org/smpdb/SMP00073,smpdb,SMP00073,Butyrate Metabolism,pathwayCommons,pathwayCommons
http___identifiers.org_smpdb_SMP00074.sbgn,pathwayCommons,http://identifiers.org/smpdb/SMP00074,smpdb,SMP00074,Retinol Metabolism,pathwayCommons,pathwayCommons
http___identifiers.org_smpdb_SMP00075.sbgn,pathwayCommons,http://identifiers.org/smpdb/SMP00075,smpdb,SMP00075,Arachidonic Acid Metabolism,pathwayCommons,pathwayCommons
http___identifiers.org_smpdb_SMP00076.sbgn,pathwayCommons,http://identifiers.org/smpdb/SMP00076,smpdb,SMP00076,Thiamine Metabolism,pathwayCommons,pathwayCommons
http___identifiers.org_smpdb_SMP00077.sbgn,pathwayCommons,http://identifiers.org/smpdb/SMP00077,smpdb,SMP00077,Piroxicam Action Pathway,pathwayCommons,pathwayCommons
http___identifiers.org_smpdb_SMP00078.sbgn,pathwayCommons,http://identifiers.org/smpdb/SMP00078,smpdb,SMP00078,Chlorothiazide Action Pathway,pathwayCommons,pathwayCommons
http___identifiers.org_smpdb_SMP00079.sbgn,pathwayCommons,http://identifiers.org/smpdb/SMP00079,smpdb,SMP00079,Ibandronate Action Pathway,pathwayCommons,pathwayCommons
http___identifiers.org_smpdb_SMP00080.sbgn,pathwayCommons,http://identifiers.org/smpdb/SMP00080,smpdb,SMP00080,Polythiazide Action Pathway,pathwayCommons,pathwayCommons
http___identifiers.org_smpdb_SMP00081.sbgn,pathwayCommons,http://identifiers.org/smpdb/SMP00081,smpdb,SMP00081,Methyclothiazide Action Pathway,pathwayCommons,pathwayCommons
http___identifiers.org_smpdb_SMP00082.sbgn,pathwayCommons,http://identifiers.org/smpdb/SMP00082,smpdb,SMP00082,Simvastatin Action Pathway,pathwayCommons,pathwayCommons
http___identifiers.org_smpdb_SMP00083.sbgn,pathwayCommons,http://identifiers.org/smpdb/SMP00083,smpdb,SMP00083,Acetylsalicylic Acid Action Pathway,pathwayCommons,pathwayCommons
http___identifiers.org_smpdb_SMP00084.sbgn,pathwayCommons,http://identifiers.org/smpdb/SMP00084,smpdb,SMP00084,Etodolac Action Pathway,pathwayCommons,pathwayCommons
http___identifiers.org_smpdb_SMP00085.sbgn,pathwayCommons,http://identifiers.org/smpdb/SMP00085,smpdb,SMP00085,Ketoprofen Action Pathway,pathwayCommons,pathwayCommons
http___identifiers.org_smpdb_SMP00086.sbgn,pathwayCommons,http://identifiers.org/smpdb/SMP00086,smpdb,SMP00086,Ibuprofen Action Pathway,pathwayCommons,pathwayCommons
http___identifiers.org_smpdb_SMP00087.sbgn,pathwayCommons,http://identifiers.org/smpdb/SMP00087,smpdb,SMP00087,Rofecoxib Action Pathway,pathwayCommons,pathwayCommons
http___identifiers.org_smpdb_SMP00088.sbgn,pathwayCommons,http://identifiers.org/smpdb/SMP00088,smpdb,SMP00088,Bumetanide Action Pathway,pathwayCommons,pathwayCommons
http___identifiers.org_smpdb_SMP00089.sbgn,pathwayCommons,http://identifiers.org/smpdb/SMP00089,smpdb,SMP00089,Pravastatin Action Pathway,pathwayCommons,pathwayCommons
http___identifiers.org_smpdb_SMP00090.sbgn,pathwayCommons,http://identifiers.org/smpdb/SMP00090,smpdb,SMP00090,Bendroflumethiazide Action Pathway,pathwayCommons,pathwayCommons
http___identifiers.org_smpdb_SMP00091.sbgn,pathwayCommons,http://identifiers.org/smpdb/SMP00091,smpdb,SMP00091,Quinethazone Action Pathway,pathwayCommons,pathwayCommons
http___identifiers.org_smpdb_SMP00092.sbgn,pathwayCommons,http://identifiers.org/smpdb/SMP00092,smpdb,SMP00092,Rosuvastatin Action Pathway,pathwayCommons,pathwayCommons
http___identifiers.org_smpdb_SMP00093.sbgn,pathwayCommons,http://identifiers.org/smpdb/SMP00093,smpdb,SMP00093,Diclofenac Action Pathway,pathwayCommons,pathwayCommons
http___identifiers.org_smpdb_SMP00094.sbgn,pathwayCommons,http://identifiers.org/smpdb/SMP00094,smpdb,SMP00094,Sulindac Action Pathway,pathwayCommons,pathwayCommons
http___identifiers.org_smpdb_SMP00095.sbgn,pathwayCommons,http://identifiers.org/smpdb/SMP00095,smpdb,SMP00095,Alendronate Action Pathway,pathwayCommons,pathwayCommons
http___identifiers.org_smpdb_SMP00096.sbgn,pathwayCommons,http://identifiers.org/smpdb/SMP00096,smpdb,SMP00096,Celecoxib Action Pathway,pathwayCommons,pathwayCommons
http___identifiers.org_smpdb_SMP00097.sbgn,pathwayCommons,http://identifiers.org/smpdb/SMP00097,smpdb,SMP00097,Ethacrynic Acid Action Pathway,pathwayCommons,pathwayCommons
http___identifiers.org_smpdb_SMP00098.sbgn,pathwayCommons,http://identifiers.org/smpdb/SMP00098,smpdb,SMP00098,Ketorolac Action Pathway,pathwayCommons,pathwayCommons
http___identifiers.org_smpdb_SMP00099.sbgn,pathwayCommons,http://identifiers.org/smpdb/SMP00099,smpdb,SMP00099,Lovastatin Action Pathway,pathwayCommons,pathwayCommons
http___identifiers.org_smpdb_SMP00100.sbgn,pathwayCommons,http://identifiers.org/smpdb/SMP00100,smpdb,SMP00100,Hydrochlorothiazide Action Pathway,pathwayCommons,pathwayCommons
http___identifiers.org_smpdb_SMP00101.sbgn,pathwayCommons,http://identifiers.org/smpdb/SMP00101,smpdb,SMP00101,Suprofen Action Pathway,pathwayCommons,pathwayCommons
http___identifiers.org_smpdb_SMP00102.sbgn,pathwayCommons,http://identifiers.org/smpdb/SMP00102,smpdb,SMP00102,Bromfenac Action Pathway,pathwayCommons,pathwayCommons
http___identifiers.org_smpdb_SMP00103.sbgn,pathwayCommons,http://identifiers.org/smpdb/SMP00103,smpdb,SMP00103,Cyclothiazide Action Pathway,pathwayCommons,pathwayCommons
http___identifiers.org_smpdb_SMP00104.sbgn,pathwayCommons,http://identifiers.org/smpdb/SMP00104,smpdb,SMP00104,Indomethacin Action Pathway,pathwayCommons,pathwayCommons
http___identifiers.org_smpdb_SMP00105.sbgn,pathwayCommons,http://identifiers.org/smpdb/SMP00105,smpdb,SMP00105,Metolazone Action Pathway,pathwayCommons,pathwayCommons
http___identifiers.org_smpdb_SMP00106.sbgn,pathwayCommons,http://identifiers.org/smpdb/SMP00106,smpdb,SMP00106,Meloxicam Action Pathway,pathwayCommons,pathwayCommons
http___identifiers.org_smpdb_SMP00107.sbgn,pathwayCommons,http://identifiers.org/smpdb/SMP00107,smpdb,SMP00107,Zoledronate Action Pathway,pathwayCommons,pathwayCommons
http___identifiers.org_smpdb_SMP00108.sbgn,pathwayCommons,http://identifiers.org/smpdb/SMP00108,smpdb,SMP00108,Hydroflumethiazide Action Pathway,pathwayCommons,pathwayCommons
http___identifiers.org_smpdb_SMP00109.sbgn,pathwayCommons,http://identifiers.org/smpdb/SMP00109,smpdb,SMP00109,Mefenamic Acid Action Pathway,pathwayCommons,pathwayCommons
http___identifiers.org_smpdb_SMP00110.sbgn,pathwayCommons,http://identifiers.org/smpdb/SMP00110,smpdb,SMP00110,Indapamide Action Pathway,pathwayCommons,pathwayCommons
http___identifiers.org_smpdb_SMP00111.sbgn,pathwayCommons,http://identifiers.org/smpdb/SMP00111,smpdb,SMP00111,Cerivastatin Action Pathway,pathwayCommons,pathwayCommons
http___identifiers.org_smpdb_SMP00112.sbgn,pathwayCommons,http://identifiers.org/smpdb/SMP00112,smpdb,SMP00112,Risedronate Action Pathway,pathwayCommons,pathwayCommons
http___identifiers.org_smpdb_SMP00113.sbgn,pathwayCommons,http://identifiers.org/smpdb/SMP00113,smpdb,SMP00113,Oxaprozin Action Pathway,pathwayCommons,pathwayCommons
http___identifiers.org_smpdb_SMP00114.sbgn,pathwayCommons,http://identifiers.org/smpdb/SMP00114,smpdb,SMP00114,Nabumetone Action Pathway,pathwayCommons,pathwayCommons
http___identifiers.org_smpdb_SMP00115.sbgn,pathwayCommons,http://identifiers.org/smpdb/SMP00115,smpdb,SMP00115,Furosemide Action Pathway,pathwayCommons,pathwayCommons
http___identifiers.org_smpdb_SMP00116.sbgn,pathwayCommons,http://identifiers.org/smpdb/SMP00116,smpdb,SMP00116,Valdecoxib Action Pathway,pathwayCommons,pathwayCommons
http___identifiers.org_smpdb_SMP00117.sbgn,pathwayCommons,http://identifiers.org/smpdb/SMP00117,smpdb,SMP00117,Pamidronate Action Pathway,pathwayCommons,pathwayCommons
http___identifiers.org_smpdb_SMP00118.sbgn,pathwayCommons,http://identifiers.org/smpdb/SMP00118,smpdb,SMP00118,Torsemide Action Pathway,pathwayCommons,pathwayCommons
http___identifiers.org_smpdb_SMP00119.sbgn,pathwayCommons,http://identifiers.org/smpdb/SMP00119,smpdb,SMP00119,Fluvastatin Action Pathway,pathwayCommons,pathwayCommons
http___identifiers.org_smpdb_SMP00120.sbgn,pathwayCommons,http://identifiers.org/smpdb/SMP00120,smpdb,SMP00120,Naproxen Action Pathway,pathwayCommons,pathwayCommons
http___identifiers.org_smpdb_SMP00121.sbgn,pathwayCommons,http://identifiers.org/smpdb/SMP00121,smpdb,SMP00121,Trichlormethiazide Action Pathway,pathwayCommons,pathwayCommons
http___identifiers.org_smpdb_SMP00122.sbgn,pathwayCommons,http://identifiers.org/smpdb/SMP00122,smpdb,SMP00122,Chlorthalidone Action Pathway,pathwayCommons,pathwayCommons
http___identifiers.org_smpdb_SMP00123.sbgn,pathwayCommons,http://identifiers.org/smpdb/SMP00123,smpdb,SMP00123,Betaine Metabolism,pathwayCommons,pathwayCommons
http___identifiers.org_smpdb_SMP00124.sbgn,pathwayCommons,http://identifiers.org/smpdb/SMP00124,smpdb,SMP00124,Glycerol Phosphate Shuttle,pathwayCommons,pathwayCommons
http___identifiers.org_smpdb_SMP00126.sbgn,pathwayCommons,http://identifiers.org/smpdb/SMP00126,smpdb,SMP00126,Phenylacetate Metabolism,pathwayCommons,pathwayCommons
http___identifiers.org_smpdb_SMP00127.sbgn,pathwayCommons,http://identifiers.org/smpdb/SMP00127,smpdb,SMP00127,Glucose-Alanine Cycle,pathwayCommons,pathwayCommons
http___identifiers.org_smpdb_SMP00128.sbgn,pathwayCommons,http://identifiers.org/smpdb/SMP00128,smpdb,SMP00128,Gluconeogenesis,pathwayCommons,pathwayCommons
http___identifiers.org_smpdb_SMP00129.sbgn,pathwayCommons,http://identifiers.org/smpdb/SMP00129,smpdb,SMP00129,Malate-Aspartate Shuttle,pathwayCommons,pathwayCommons
http___identifiers.org_smpdb_SMP00130.sbgn,pathwayCommons,http://identifiers.org/smpdb/SMP00130,smpdb,SMP00130,Steroidogenesis,pathwayCommons,pathwayCommons
http___identifiers.org_smpdb_SMP00131.sbgn,pathwayCommons,http://identifiers.org/smpdb/SMP00131,smpdb,SMP00131,Atorvastatin Action Pathway,pathwayCommons,pathwayCommons
http___identifiers.org_smpdb_SMP00132.sbgn,pathwayCommons,http://identifiers.org/smpdb/SMP00132,smpdb,SMP00132,Triamterene Action Pathway,pathwayCommons,pathwayCommons
http___identifiers.org_smpdb_SMP00133.sbgn,pathwayCommons,http://identifiers.org/smpdb/SMP00133,smpdb,SMP00133,Amiloride Action Pathway,pathwayCommons,pathwayCommons
http___identifiers.org_smpdb_SMP00134.sbgn,pathwayCommons,http://identifiers.org/smpdb/SMP00134,smpdb,SMP00134,Spironolactone Action Pathway,pathwayCommons,pathwayCommons
http___identifiers.org_smpdb_SMP00135.sbgn,pathwayCommons,http://identifiers.org/smpdb/SMP00135,smpdb,SMP00135,Eplerenone Action Pathway,pathwayCommons,pathwayCommons
http___identifiers.org_smpdb_SMP00136.sbgn,pathwayCommons,http://identifiers.org/smpdb/SMP00136,smpdb,SMP00136,2-Hydroxyglutric Aciduria (D And L Form),pathwayCommons,pathwayCommons
http___identifiers.org_smpdb_SMP00137.sbgn,pathwayCommons,http://identifiers.org/smpdb/SMP00137,smpdb,SMP00137,2-Methyl-3-Hydroxybutryl CoA Dehydrogenase Deficiency,pathwayCommons,pathwayCommons
http___identifiers.org_smpdb_SMP00138.sbgn,pathwayCommons,http://identifiers.org/smpdb/SMP00138,smpdb,SMP00138,3-Hydroxy-3-Methylglutaryl-CoA Lyase Deficiency,pathwayCommons,pathwayCommons
http___identifiers.org_smpdb_SMP00139.sbgn,pathwayCommons,http://identifiers.org/smpdb/SMP00139,smpdb,SMP00139,3-Methylglutaconic Aciduria Type I,pathwayCommons,pathwayCommons
http___identifiers.org_smpdb_SMP00140.sbgn,pathwayCommons,http://identifiers.org/smpdb/SMP00140,smpdb,SMP00140,3-Methylglutaconic Aciduria Type III,pathwayCommons,pathwayCommons
http___identifiers.org_smpdb_SMP00141.sbgn,pathwayCommons,http://identifiers.org/smpdb/SMP00141,smpdb,SMP00141,3-Methylglutaconic Aciduria Type IV,pathwayCommons,pathwayCommons
http___identifiers.org_smpdb_SMP00143.sbgn,pathwayCommons,http://identifiers.org/smpdb/SMP00143,smpdb,SMP00143,5-Oxoprolinuria,pathwayCommons,pathwayCommons
http___identifiers.org_smpdb_SMP00144.sbgn,pathwayCommons,http://identifiers.org/smpdb/SMP00144,smpdb,SMP00144,Adenosine Deaminase Deficiency,pathwayCommons,pathwayCommons
http___identifiers.org_smpdb_SMP00145.sbgn,pathwayCommons,http://identifiers.org/smpdb/SMP00145,smpdb,SMP00145,Benazepril Action Pathway,pathwayCommons,pathwayCommons
http___identifiers.org_smpdb_SMP00146.sbgn,pathwayCommons,http://identifiers.org/smpdb/SMP00146,smpdb,SMP00146,Captopril Action Pathway,pathwayCommons,pathwayCommons
http___identifiers.org_smpdb_SMP00147.sbgn,pathwayCommons,http://identifiers.org/smpdb/SMP00147,smpdb,SMP00147,Cilazapril Action Pathway,pathwayCommons,pathwayCommons
http___identifiers.org_smpdb_SMP00148.sbgn,pathwayCommons,http://identifiers.org/smpdb/SMP00148,smpdb,SMP00148,Enalapril Action Pathway,pathwayCommons,pathwayCommons
http___identifiers.org_smpdb_SMP00149.sbgn,pathwayCommons,http://identifiers.org/smpdb/SMP00149,smpdb,SMP00149,Fosinopril Action Pathway,pathwayCommons,pathwayCommons
http___identifiers.org_smpdb_SMP00150.sbgn,pathwayCommons,http://identifiers.org/smpdb/SMP00150,smpdb,SMP00150,Lisinopril Action Pathway,pathwayCommons,pathwayCommons
http___identifiers.org_smpdb_SMP00151.sbgn,pathwayCommons,http://identifiers.org/smpdb/SMP00151,smpdb,SMP00151,Moexipril Action Pathway,pathwayCommons,pathwayCommons
http___identifiers.org_smpdb_SMP00152.sbgn,pathwayCommons,http://identifiers.org/smpdb/SMP00152,smpdb,SMP00152,Perindopril Action Pathway,pathwayCommons,pathwayCommons
http___identifiers.org_smpdb_SMP00153.sbgn,pathwayCommons,http://identifiers.org/smpdb/SMP00153,smpdb,SMP00153,Quinapril Action Pathway,pathwayCommons,pathwayCommons
http___identifiers.org_smpdb_SMP00154.sbgn,pathwayCommons,http://identifiers.org/smpdb/SMP00154,smpdb,SMP00154,Ramipril Action Pathway,pathwayCommons,pathwayCommons
http___identifiers.org_smpdb_SMP00155.sbgn,pathwayCommons,http://identifiers.org/smpdb/SMP00155,smpdb,SMP00155,Rescinnamine Action Pathway,pathwayCommons,pathwayCommons
http___identifiers.org_smpdb_SMP00156.sbgn,pathwayCommons,http://identifiers.org/smpdb/SMP00156,smpdb,SMP00156,Spirapril Action Pathway,pathwayCommons,pathwayCommons
http___identifiers.org_smpdb_SMP00157.sbgn,pathwayCommons,http://identifiers.org/smpdb/SMP00157,smpdb,SMP00157,Trandolapril Action Pathway,pathwayCommons,pathwayCommons
http___identifiers.org_smpdb_SMP00158.sbgn,pathwayCommons,http://identifiers.org/smpdb/SMP00158,smpdb,SMP00158,Candesartan Action Pathway,pathwayCommons,pathwayCommons
http___identifiers.org_smpdb_SMP00159.sbgn,pathwayCommons,http://identifiers.org/smpdb/SMP00159,smpdb,SMP00159,Eprosartan Action Pathway,pathwayCommons,pathwayCommons
http___identifiers.org_smpdb_SMP00160.sbgn,pathwayCommons,http://identifiers.org/smpdb/SMP00160,smpdb,SMP00160,Forasartan Action Pathway,pathwayCommons,pathwayCommons
http___identifiers.org_smpdb_SMP00161.sbgn,pathwayCommons,http://identifiers.org/smpdb/SMP00161,smpdb,SMP00161,Irbesartan Action Pathway,pathwayCommons,pathwayCommons
http___identifiers.org_smpdb_SMP00162.sbgn,pathwayCommons,http://identifiers.org/smpdb/SMP00162,smpdb,SMP00162,Losartan Action Pathway,pathwayCommons,pathwayCommons
http___identifiers.org_smpdb_SMP00163.sbgn,pathwayCommons,http://identifiers.org/smpdb/SMP00163,smpdb,SMP00163,Olmesartan Action Pathway,pathwayCommons,pathwayCommons
http___identifiers.org_smpdb_SMP00164.sbgn,pathwayCommons,http://identifiers.org/smpdb/SMP00164,smpdb,SMP00164,Telmisartan Action Pathway,pathwayCommons,pathwayCommons
http___identifiers.org_smpdb_SMP00165.sbgn,pathwayCommons,http://identifiers.org/smpdb/SMP00165,smpdb,SMP00165,Valsartan Action Pathway,pathwayCommons,pathwayCommons
http___identifiers.org_smpdb_SMP00167.sbgn,pathwayCommons,http://identifiers.org/smpdb/SMP00167,smpdb,SMP00167,Adenylosuccinate Lyase Deficiency,pathwayCommons,pathwayCommons
http___identifiers.org_smpdb_SMP00168.sbgn,pathwayCommons,http://identifiers.org/smpdb/SMP00168,smpdb,SMP00168,AICA-Ribosiduria,pathwayCommons,pathwayCommons
http___identifiers.org_smpdb_SMP00169.sbgn,pathwayCommons,http://identifiers.org/smpdb/SMP00169,smpdb,SMP00169,Alkaptonuria,pathwayCommons,pathwayCommons
http___identifiers.org_smpdb_SMP00170.sbgn,pathwayCommons,http://identifiers.org/smpdb/SMP00170,smpdb,SMP00170,Aromatic L-Aminoacid Decarboxylase Deficiency,pathwayCommons,pathwayCommons
http___identifiers.org_smpdb_SMP00172.sbgn,pathwayCommons,http://identifiers.org/smpdb/SMP00172,smpdb,SMP00172,Beta Ureidopropionase Deficiency,pathwayCommons,pathwayCommons
http___identifiers.org_smpdb_SMP00173.sbgn,pathwayCommons,http://identifiers.org/smpdb/SMP00173,smpdb,SMP00173,Beta-Ketothiolase Deficiency,pathwayCommons,pathwayCommons
http___identifiers.org_smpdb_SMP00174.sbgn,pathwayCommons,http://identifiers.org/smpdb/SMP00174,smpdb,SMP00174,Biotinidase Deficiency,pathwayCommons,pathwayCommons
http___identifiers.org_smpdb_SMP00175.sbgn,pathwayCommons,http://identifiers.org/smpdb/SMP00175,smpdb,SMP00175,Canavan Disease,pathwayCommons,pathwayCommons
http___identifiers.org_smpdb_SMP00177.sbgn,pathwayCommons,http://identifiers.org/smpdb/SMP00177,smpdb,SMP00177,Cystathionine Beta-Synthase Deficiency,pathwayCommons,pathwayCommons
http___identifiers.org_smpdb_SMP00178.sbgn,pathwayCommons,http://identifiers.org/smpdb/SMP00178,smpdb,SMP00178,Dihydropyrimidinase Deficiency,pathwayCommons,pathwayCommons
http___identifiers.org_smpdb_SMP00179.sbgn,pathwayCommons,http://identifiers.org/smpdb/SMP00179,smpdb,SMP00179,Dihydropyrimidine Dehydrogenase Deficiency (DHPD),pathwayCommons,pathwayCommons
http___identifiers.org_smpdb_SMP00181.sbgn,pathwayCommons,http://identifiers.org/smpdb/SMP00181,smpdb,SMP00181,Ethylmalonic Encephalopathy,pathwayCommons,pathwayCommons
http___identifiers.org_smpdb_SMP00182.sbgn,pathwayCommons,http://identifiers.org/smpdb/SMP00182,smpdb,SMP00182,Galactosemia,pathwayCommons,pathwayCommons
http___identifiers.org_smpdb_SMP00183.sbgn,pathwayCommons,http://identifiers.org/smpdb/SMP00183,smpdb,SMP00183,Gamma-Glutamyltransferase Deficiency,pathwayCommons,pathwayCommons
http___identifiers.org_smpdb_SMP00184.sbgn,pathwayCommons,http://identifiers.org/smpdb/SMP00184,smpdb,SMP00184,Glucose Transporter Defect (SGLT2),pathwayCommons,pathwayCommons
http___identifiers.org_smpdb_SMP00185.sbgn,pathwayCommons,http://identifiers.org/smpdb/SMP00185,smpdb,SMP00185,Glutaric Aciduria Type I,pathwayCommons,pathwayCommons
http___identifiers.org_smpdb_SMP00186.sbgn,pathwayCommons,http://identifiers.org/smpdb/SMP00186,smpdb,SMP00186,Glutaric Aciduria Type I,pathwayCommons,pathwayCommons
http___identifiers.org_smpdb_SMP00187.sbgn,pathwayCommons,http://identifiers.org/smpdb/SMP00187,smpdb,SMP00187,Glycerol Kinase Deficiency,pathwayCommons,pathwayCommons
http___identifiers.org_smpdb_SMP00188.sbgn,pathwayCommons,http://identifiers.org/smpdb/SMP00188,smpdb,SMP00188,Guanidinoacetate Methyltransferase Deficiency (GAMT Deficiency),pathwayCommons,pathwayCommons
http___identifiers.org_smpdb_SMP00189.sbgn,pathwayCommons,http://identifiers.org/smpdb/SMP00189,smpdb,SMP00189,Hartnup Disorder,pathwayCommons,pathwayCommons
http___identifiers.org_smpdb_SMP00190.sbgn,pathwayCommons,http://identifiers.org/smpdb/SMP00190,smpdb,SMP00190,Hawkinsinuria,pathwayCommons,pathwayCommons
http___identifiers.org_smpdb_SMP00191.sbgn,pathwayCommons,http://identifiers.org/smpdb/SMP00191,smpdb,SMP00191,Histidinemia,pathwayCommons,pathwayCommons
http___identifiers.org_smpdb_SMP00192.sbgn,pathwayCommons,http://identifiers.org/smpdb/SMP00192,smpdb,SMP00192,Hypoacetylaspartia,pathwayCommons,pathwayCommons
http___identifiers.org_smpdb_SMP00193.sbgn,pathwayCommons,http://identifiers.org/smpdb/SMP00193,smpdb,SMP00193,Iminoglycinuria,pathwayCommons,pathwayCommons
http___identifiers.org_smpdb_SMP00196.sbgn,pathwayCommons,http://identifiers.org/smpdb/SMP00196,smpdb,SMP00196,Leigh Syndrome,pathwayCommons,pathwayCommons
http___identifiers.org_smpdb_SMP00197.sbgn,pathwayCommons,http://identifiers.org/smpdb/SMP00197,smpdb,SMP00197,Lysinuric Protein Intolerance,pathwayCommons,pathwayCommons
http___identifiers.org_smpdb_SMP00198.sbgn,pathwayCommons,http://identifiers.org/smpdb/SMP00198,smpdb,SMP00198,Malonic Aciduria,pathwayCommons,pathwayCommons
http___identifiers.org_smpdb_SMP00199.sbgn,pathwayCommons,http://identifiers.org/smpdb/SMP00199,smpdb,SMP00199,Maple Syrup Urine Disease,pathwayCommons,pathwayCommons
http___identifiers.org_smpdb_SMP00200.sbgn,pathwayCommons,http://identifiers.org/smpdb/SMP00200,smpdb,SMP00200,Methylmalonic Aciduria,pathwayCommons,pathwayCommons
http___identifiers.org_smpdb_SMP00201.sbgn,pathwayCommons,http://identifiers.org/smpdb/SMP00201,smpdb,SMP00201,Methylmalonic Aciduria Due to Cobalamin-Related Disorders,pathwayCommons,pathwayCommons
http___identifiers.org_smpdb_SMP00202.sbgn,pathwayCommons,http://identifiers.org/smpdb/SMP00202,smpdb,SMP00202,MNGIE (Mitochondrial Neurogastrointestinal Encephalopathy),pathwayCommons,pathwayCommons
http___identifiers.org_smpdb_SMP00203.sbgn,pathwayCommons,http://identifiers.org/smpdb/SMP00203,smpdb,SMP00203,Molybdenum Cofactor Deficiency,pathwayCommons,pathwayCommons
http___identifiers.org_smpdb_SMP00205.sbgn,pathwayCommons,http://identifiers.org/smpdb/SMP00205,smpdb,SMP00205,Ornithine Transcarbamylase Deficiency (OTC Deficiency),pathwayCommons,pathwayCommons
http___identifiers.org_smpdb_SMP00206.sbgn,pathwayCommons,http://identifiers.org/smpdb/SMP00206,smpdb,SMP00206,Phenylketonuria,pathwayCommons,pathwayCommons
http___identifiers.org_smpdb_SMP00207.sbgn,pathwayCommons,http://identifiers.org/smpdb/SMP00207,smpdb,SMP00207,Prolidase Deficiency (PD),pathwayCommons,pathwayCommons
http___identifiers.org_smpdb_SMP00208.sbgn,pathwayCommons,http://identifiers.org/smpdb/SMP00208,smpdb,SMP00208,Prolinemia Type II,pathwayCommons,pathwayCommons
http___identifiers.org_smpdb_SMP00209.sbgn,pathwayCommons,http://identifiers.org/smpdb/SMP00209,smpdb,SMP00209,Hypercholesterolemia,pathwayCommons,pathwayCommons
http___identifiers.org_smpdb_SMP00210.sbgn,pathwayCommons,http://identifiers.org/smpdb/SMP00210,smpdb,SMP00210,Purine Nucleoside Phosphorylase Deficiency,pathwayCommons,pathwayCommons
http___identifiers.org_smpdb_SMP00212.sbgn,pathwayCommons,http://identifiers.org/smpdb/SMP00212,smpdb,SMP00212,Pyruvate Dehydrogenase Complex Deficiency,pathwayCommons,pathwayCommons
http___identifiers.org_smpdb_SMP00214.sbgn,pathwayCommons,http://identifiers.org/smpdb/SMP00214,smpdb,SMP00214,S-Adenosylhomocysteine (SAH) Hydrolase Deficiency,pathwayCommons,pathwayCommons
http___identifiers.org_smpdb_SMP00216.sbgn,pathwayCommons,http://identifiers.org/smpdb/SMP00216,smpdb,SMP00216,Sialuria or French Type Sialuria,pathwayCommons,pathwayCommons
http___identifiers.org_smpdb_SMP00217.sbgn,pathwayCommons,http://identifiers.org/smpdb/SMP00217,smpdb,SMP00217,Sialuria or French Type Sialuria,pathwayCommons,pathwayCommons
http___identifiers.org_smpdb_SMP00218.sbgn,pathwayCommons,http://identifiers.org/smpdb/SMP00218,smpdb,SMP00218,Tyrosinemia Type I,pathwayCommons,pathwayCommons
http___identifiers.org_smpdb_SMP00219.sbgn,pathwayCommons,http://identifiers.org/smpdb/SMP00219,smpdb,SMP00219,UMP Synthase Deiciency (Orotic Aciduria),pathwayCommons,pathwayCommons
http___identifiers.org_smpdb_SMP00220.sbgn,pathwayCommons,http://identifiers.org/smpdb/SMP00220,smpdb,SMP00220,Xanthine Dehydrogenase Deficiency (Xanthinuria),pathwayCommons,pathwayCommons
http___identifiers.org_smpdb_SMP00221.sbgn,pathwayCommons,http://identifiers.org/smpdb/SMP00221,smpdb,SMP00221,Methionine Adenosyltransferase Deficiency,pathwayCommons,pathwayCommons
http___identifiers.org_smpdb_SMP00222.sbgn,pathwayCommons,http://identifiers.org/smpdb/SMP00222,smpdb,SMP00222,Glycine N-methyltransferase Deficiency,pathwayCommons,pathwayCommons
http___identifiers.org_smpdb_SMP00223.sbgn,pathwayCommons,http://identifiers.org/smpdb/SMP00223,smpdb,SMP00223,Non Ketotic Hyperglycinemia,pathwayCommons,pathwayCommons
http___identifiers.org_smpdb_SMP00225.sbgn,pathwayCommons,http://identifiers.org/smpdb/SMP00225,smpdb,SMP00225,Esomeprazole Action Pathway,pathwayCommons,pathwayCommons
http___identifiers.org_smpdb_SMP00226.sbgn,pathwayCommons,http://identifiers.org/smpdb/SMP00226,smpdb,SMP00226,Omeprazole Action Pathway,pathwayCommons,pathwayCommons
http___identifiers.org_smpdb_SMP00227.sbgn,pathwayCommons,http://identifiers.org/smpdb/SMP00227,smpdb,SMP00227,Lansoprazole Action Pathway,pathwayCommons,pathwayCommons
http___identifiers.org_smpdb_SMP00228.sbgn,pathwayCommons,http://identifiers.org/smpdb/SMP00228,smpdb,SMP00228,Pantoprazole Action Pathway,pathwayCommons,pathwayCommons
http___identifiers.org_smpdb_SMP00229.sbgn,pathwayCommons,http://identifiers.org/smpdb/SMP00229,smpdb,SMP00229,Rabeprazole Action Pathway,pathwayCommons,pathwayCommons
http___identifiers.org_smpdb_SMP00230.sbgn,pathwayCommons,http://identifiers.org/smpdb/SMP00230,smpdb,SMP00230,Ranitidine Action Pathway,pathwayCommons,pathwayCommons
http___identifiers.org_smpdb_SMP00231.sbgn,pathwayCommons,http://identifiers.org/smpdb/SMP00231,smpdb,SMP00231,Famotidine Action Pathway,pathwayCommons,pathwayCommons
http___identifiers.org_smpdb_SMP00232.sbgn,pathwayCommons,http://identifiers.org/smpdb/SMP00232,smpdb,SMP00232,Cimetidine Action Pathway,pathwayCommons,pathwayCommons
http___identifiers.org_smpdb_SMP00233.sbgn,pathwayCommons,http://identifiers.org/smpdb/SMP00233,smpdb,SMP00233,Nizatidine Action Pathway,pathwayCommons,pathwayCommons
http___identifiers.org_smpdb_SMP00235.sbgn,pathwayCommons,http://identifiers.org/smpdb/SMP00235,smpdb,SMP00235,Short Chain Acyl CoA Dehydrogenase Deficiency (SCAD Deficiency),pathwayCommons,pathwayCommons
http___identifiers.org_smpdb_SMP00236.sbgn,pathwayCommons,http://identifiers.org/smpdb/SMP00236,smpdb,SMP00236,Propionic Acidemia,pathwayCommons,pathwayCommons
http___identifiers.org_smpdb_SMP00237.sbgn,pathwayCommons,http://identifiers.org/smpdb/SMP00237,smpdb,SMP00237,3-Methylcrotonyl Coa Carboxylase Deficiency Type I,pathwayCommons,pathwayCommons
http___identifiers.org_smpdb_SMP00238.sbgn,pathwayCommons,http://identifiers.org/smpdb/SMP00238,smpdb,SMP00238,Isovaleric Aciduria,pathwayCommons,pathwayCommons
http___identifiers.org_smpdb_SMP00239.sbgn,pathwayCommons,http://identifiers.org/smpdb/SMP00239,smpdb,SMP00239,Saccharopinuria/Hyperlysinemia II,pathwayCommons,pathwayCommons
http___identifiers.org_smpdb_SMP00240.sbgn,pathwayCommons,http://identifiers.org/smpdb/SMP00240,smpdb,SMP00240,Salla Disease/Infantile Sialic Acid Storage Disease,pathwayCommons,pathwayCommons
http___identifiers.org_smpdb_SMP00242.sbgn,pathwayCommons,http://identifiers.org/smpdb/SMP00242,smpdb,SMP00242,Dimethylglycine Dehydrogenase Deficiency,pathwayCommons,pathwayCommons
http___identifiers.org_smpdb_SMP00243.sbgn,pathwayCommons,http://identifiers.org/smpdb/SMP00243,smpdb,SMP00243,4-Hydroxybutyric Aciduria/Succinic Semialdehyde Dehydrogenase Deficiency,pathwayCommons,pathwayCommons
http___identifiers.org_smpdb_SMP00244.sbgn,pathwayCommons,http://identifiers.org/smpdb/SMP00244,smpdb,SMP00244,Sarcosinemia,pathwayCommons,pathwayCommons
http___identifiers.org_smpdb_SMP00245.sbgn,pathwayCommons,http://identifiers.org/smpdb/SMP00245,smpdb,SMP00245,Glucose Transporter Defect (SGLT2),pathwayCommons,pathwayCommons
http___identifiers.org_smpdb_SMP00246.sbgn,pathwayCommons,http://identifiers.org/smpdb/SMP00246,smpdb,SMP00246,Pirenzepine Action Pathway,pathwayCommons,pathwayCommons
http___identifiers.org_smpdb_SMP00247.sbgn,pathwayCommons,http://identifiers.org/smpdb/SMP00247,smpdb,SMP00247,Azithromycin Action Pathway,pathwayCommons,pathwayCommons
http___identifiers.org_smpdb_SMP00248.sbgn,pathwayCommons,http://identifiers.org/smpdb/SMP00248,smpdb,SMP00248,Clarithromycin Action Pathway,pathwayCommons,pathwayCommons
http___identifiers.org_smpdb_SMP00249.sbgn,pathwayCommons,http://identifiers.org/smpdb/SMP00249,smpdb,SMP00249,Clindamycin Action Pathway,pathwayCommons,pathwayCommons
http___identifiers.org_smpdb_SMP00250.sbgn,pathwayCommons,http://identifiers.org/smpdb/SMP00250,smpdb,SMP00250,Erythromycin Action Pathway,pathwayCommons,pathwayCommons
http___identifiers.org_smpdb_SMP00251.sbgn,pathwayCommons,http://identifiers.org/smpdb/SMP00251,smpdb,SMP00251,Roxithromycin Action Pathway,pathwayCommons,pathwayCommons
http___identifiers.org_smpdb_SMP00252.sbgn,pathwayCommons,http://identifiers.org/smpdb/SMP00252,smpdb,SMP00252,Telithromycin Action Pathway,pathwayCommons,pathwayCommons
http___identifiers.org_smpdb_SMP00253.sbgn,pathwayCommons,http://identifiers.org/smpdb/SMP00253,smpdb,SMP00253,Amikacin Action Pathway,pathwayCommons,pathwayCommons
http___identifiers.org_smpdb_SMP00254.sbgn,pathwayCommons,http://identifiers.org/smpdb/SMP00254,smpdb,SMP00254,Gentamicin Action Pathway,pathwayCommons,pathwayCommons
http___identifiers.org_smpdb_SMP00255.sbgn,pathwayCommons,http://identifiers.org/smpdb/SMP00255,smpdb,SMP00255,Kanamycin Action Pathway,pathwayCommons,pathwayCommons
http___identifiers.org_smpdb_SMP00256.sbgn,pathwayCommons,http://identifiers.org/smpdb/SMP00256,smpdb,SMP00256,Neomycin Action Pathway,pathwayCommons,pathwayCommons
http___identifiers.org_smpdb_SMP00257.sbgn,pathwayCommons,http://identifiers.org/smpdb/SMP00257,smpdb,SMP00257,Netilmicin Action Pathway,pathwayCommons,pathwayCommons
http___identifiers.org_smpdb_SMP00258.sbgn,pathwayCommons,http://identifiers.org/smpdb/SMP00258,smpdb,SMP00258,Spectinomycin Action Pathway,pathwayCommons,pathwayCommons
http___identifiers.org_smpdb_SMP00259.sbgn,pathwayCommons,http://identifiers.org/smpdb/SMP00259,smpdb,SMP00259,Streptomycin Action Pathway,pathwayCommons,pathwayCommons
http___identifiers.org_smpdb_SMP00260.sbgn,pathwayCommons,http://identifiers.org/smpdb/SMP00260,smpdb,SMP00260,Clopidogrel Action Pathway,pathwayCommons,pathwayCommons
http___identifiers.org_smpdb_SMP00261.sbgn,pathwayCommons,http://identifiers.org/smpdb/SMP00261,smpdb,SMP00261,Ticlopidine Action Pathway,pathwayCommons,pathwayCommons
http___identifiers.org_smpdb_SMP00262.sbgn,pathwayCommons,http://identifiers.org/smpdb/SMP00262,smpdb,SMP00262,Clomocycline Action Pathway,pathwayCommons,pathwayCommons
http___identifiers.org_smpdb_SMP00263.sbgn,pathwayCommons,http://identifiers.org/smpdb/SMP00263,smpdb,SMP00263,Cilostazol Action Pathway,pathwayCommons,pathwayCommons
http___identifiers.org_smpdb_SMP00264.sbgn,pathwayCommons,http://identifiers.org/smpdb/SMP00264,smpdb,SMP00264,Dipyridamole (Antiplatelet) Action Pathway,pathwayCommons,pathwayCommons
http___identifiers.org_smpdb_SMP00265.sbgn,pathwayCommons,http://identifiers.org/smpdb/SMP00265,smpdb,SMP00265,Abciximab Action Pathway,pathwayCommons,pathwayCommons
http___identifiers.org_smpdb_SMP00266.sbgn,pathwayCommons,http://identifiers.org/smpdb/SMP00266,smpdb,SMP00266,Eptifibatide Action Pathway,pathwayCommons,pathwayCommons
http___identifiers.org_smpdb_SMP00267.sbgn,pathwayCommons,http://identifiers.org/smpdb/SMP00267,smpdb,SMP00267,Tirofiban Action Pathway,pathwayCommons,pathwayCommons
http___identifiers.org_smpdb_SMP00268.sbgn,pathwayCommons,http://identifiers.org/smpdb/SMP00268,smpdb,SMP00268,Warfarin Action Pathway,pathwayCommons,pathwayCommons
http___identifiers.org_smpdb_SMP00269.sbgn,pathwayCommons,http://identifiers.org/smpdb/SMP00269,smpdb,SMP00269,Acenocoumarol Action Pathway,pathwayCommons,pathwayCommons
http___identifiers.org_smpdb_SMP00270.sbgn,pathwayCommons,http://identifiers.org/smpdb/SMP00270,smpdb,SMP00270,Dicumarol Action Pathway,pathwayCommons,pathwayCommons
http___identifiers.org_smpdb_SMP00271.sbgn,pathwayCommons,http://identifiers.org/smpdb/SMP00271,smpdb,SMP00271,Phenprocoumon Action Pathway,pathwayCommons,pathwayCommons
http___identifiers.org_smpdb_SMP00272.sbgn,pathwayCommons,http://identifiers.org/smpdb/SMP00272,smpdb,SMP00272,Enoxaparin Action Pathway,pathwayCommons,pathwayCommons
http___identifiers.org_smpdb_SMP00273.sbgn,pathwayCommons,http://identifiers.org/smpdb/SMP00273,smpdb,SMP00273,Fondaparinux Action Pathway,pathwayCommons,pathwayCommons
http___identifiers.org_smpdb_SMP00274.sbgn,pathwayCommons,http://identifiers.org/smpdb/SMP00274,smpdb,SMP00274,Heparin Action Pathway,pathwayCommons,pathwayCommons
http___identifiers.org_smpdb_SMP00275.sbgn,pathwayCommons,http://identifiers.org/smpdb/SMP00275,smpdb,SMP00275,Ardeparin Action Pathway,pathwayCommons,pathwayCommons
http___identifiers.org_smpdb_SMP00276.sbgn,pathwayCommons,http://identifiers.org/smpdb/SMP00276,smpdb,SMP00276,Argatroban Action Pathway,pathwayCommons,pathwayCommons
http___identifiers.org_smpdb_SMP00277.sbgn,pathwayCommons,http://identifiers.org/smpdb/SMP00277,smpdb,SMP00277,Bivalirudin Action Pathway,pathwayCommons,pathwayCommons
http___identifiers.org_smpdb_SMP00278.sbgn,pathwayCommons,http://identifiers.org/smpdb/SMP00278,smpdb,SMP00278,Lepirudin Action Pathway,pathwayCommons,pathwayCommons
http___identifiers.org_smpdb_SMP00279.sbgn,pathwayCommons,http://identifiers.org/smpdb/SMP00279,smpdb,SMP00279,Ximelagatran Action Pathway,pathwayCommons,pathwayCommons
http___identifiers.org_smpdb_SMP00280.sbgn,pathwayCommons,http://identifiers.org/smpdb/SMP00280,smpdb,SMP00280,Alteplase Action Pathway,pathwayCommons,pathwayCommons
http___identifiers.org_smpdb_SMP00281.sbgn,pathwayCommons,http://identifiers.org/smpdb/SMP00281,smpdb,SMP00281,Anistreplase Action Pathway,pathwayCommons,pathwayCommons
http___identifiers.org_smpdb_SMP00282.sbgn,pathwayCommons,http://identifiers.org/smpdb/SMP00282,smpdb,SMP00282,Streptokinase Action Pathway,pathwayCommons,pathwayCommons
http___identifiers.org_smpdb_SMP00283.sbgn,pathwayCommons,http://identifiers.org/smpdb/SMP00283,smpdb,SMP00283,Tenecteplase Action Pathway,pathwayCommons,pathwayCommons
http___identifiers.org_smpdb_SMP00284.sbgn,pathwayCommons,http://identifiers.org/smpdb/SMP00284,smpdb,SMP00284,Urokinase Action Pathway,pathwayCommons,pathwayCommons
http___identifiers.org_smpdb_SMP00285.sbgn,pathwayCommons,http://identifiers.org/smpdb/SMP00285,smpdb,SMP00285,Reteplase Action Pathway,pathwayCommons,pathwayCommons
http___identifiers.org_smpdb_SMP00286.sbgn,pathwayCommons,http://identifiers.org/smpdb/SMP00286,smpdb,SMP00286,Aminocaproic Acid Action Pathway,pathwayCommons,pathwayCommons
http___identifiers.org_smpdb_SMP00287.sbgn,pathwayCommons,http://identifiers.org/smpdb/SMP00287,smpdb,SMP00287,Tranexamic Acid Action Pathway,pathwayCommons,pathwayCommons
http___identifiers.org_smpdb_SMP00288.sbgn,pathwayCommons,http://identifiers.org/smpdb/SMP00288,smpdb,SMP00288,Aprotinin Action Pathway,pathwayCommons,pathwayCommons
http___identifiers.org_smpdb_SMP00289.sbgn,pathwayCommons,http://identifiers.org/smpdb/SMP00289,smpdb,SMP00289,Diflunisal Action Pathway,pathwayCommons,pathwayCommons
http___identifiers.org_smpdb_SMP00290.sbgn,pathwayCommons,http://identifiers.org/smpdb/SMP00290,smpdb,SMP00290,Demeclocycline Action Pathway,pathwayCommons,pathwayCommons
http___identifiers.org_smpdb_SMP00291.sbgn,pathwayCommons,http://identifiers.org/smpdb/SMP00291,smpdb,SMP00291,Doxycycline Action Pathway,pathwayCommons,pathwayCommons
http___identifiers.org_smpdb_SMP00292.sbgn,pathwayCommons,http://identifiers.org/smpdb/SMP00292,smpdb,SMP00292,Minocycline Action Pathway,pathwayCommons,pathwayCommons
http___identifiers.org_smpdb_SMP00293.sbgn,pathwayCommons,http://identifiers.org/smpdb/SMP00293,smpdb,SMP00293,Oxytetracycline Action Pathway,pathwayCommons,pathwayCommons
http___identifiers.org_smpdb_SMP00294.sbgn,pathwayCommons,http://identifiers.org/smpdb/SMP00294,smpdb,SMP00294,Tetracycline Action Pathway,pathwayCommons,pathwayCommons
http___identifiers.org_smpdb_SMP00295.sbgn,pathwayCommons,http://identifiers.org/smpdb/SMP00295,smpdb,SMP00295,Lymecycline Action Pathway,pathwayCommons,pathwayCommons
http___identifiers.org_smpdb_SMP00296.sbgn,pathwayCommons,http://identifiers.org/smpdb/SMP00296,smpdb,SMP00296,Acebutolol Action Pathway,pathwayCommons,pathwayCommons
http___identifiers.org_smpdb_SMP00297.sbgn,pathwayCommons,http://identifiers.org/smpdb/SMP00297,smpdb,SMP00297,Alprenolol Action Pathway,pathwayCommons,pathwayCommons
http___identifiers.org_smpdb_SMP00298.sbgn,pathwayCommons,http://identifiers.org/smpdb/SMP00298,smpdb,SMP00298,Atenolol Action Pathway,pathwayCommons,pathwayCommons
http___identifiers.org_smpdb_SMP00299.sbgn,pathwayCommons,http://identifiers.org/smpdb/SMP00299,smpdb,SMP00299,Betaxolol Action Pathway,pathwayCommons,pathwayCommons
http___identifiers.org_smpdb_SMP00300.sbgn,pathwayCommons,http://identifiers.org/smpdb/SMP00300,smpdb,SMP00300,Bisoprolol Action Pathway,pathwayCommons,pathwayCommons
http___identifiers.org_smpdb_SMP00301.sbgn,pathwayCommons,http://identifiers.org/smpdb/SMP00301,smpdb,SMP00301,Esmolol Action Pathway,pathwayCommons,pathwayCommons
http___identifiers.org_smpdb_SMP00302.sbgn,pathwayCommons,http://identifiers.org/smpdb/SMP00302,smpdb,SMP00302,Metoprolol Action Pathway,pathwayCommons,pathwayCommons
http___identifiers.org_smpdb_SMP00303.sbgn,pathwayCommons,http://identifiers.org/smpdb/SMP00303,smpdb,SMP00303,Nadolol Action Pathway,pathwayCommons,pathwayCommons
http___identifiers.org_smpdb_SMP00304.sbgn,pathwayCommons,http://identifiers.org/smpdb/SMP00304,smpdb,SMP00304,Oxprenolol Action Pathway,pathwayCommons,pathwayCommons
http___identifiers.org_smpdb_SMP00305.sbgn,pathwayCommons,http://identifiers.org/smpdb/SMP00305,smpdb,SMP00305,Penbutolol Action Pathway,pathwayCommons,pathwayCommons
http___identifiers.org_smpdb_SMP00306.sbgn,pathwayCommons,http://identifiers.org/smpdb/SMP00306,smpdb,SMP00306,Pindolol Action Pathway,pathwayCommons,pathwayCommons
http___identifiers.org_smpdb_SMP00307.sbgn,pathwayCommons,http://identifiers.org/smpdb/SMP00307,smpdb,SMP00307,Propranolol Action Pathway,pathwayCommons,pathwayCommons
http___identifiers.org_smpdb_SMP00308.sbgn,pathwayCommons,http://identifiers.org/smpdb/SMP00308,smpdb,SMP00308,Dopamine Activation of Neurological Reward System,pathwayCommons,pathwayCommons
http___identifiers.org_smpdb_SMP00309.sbgn,pathwayCommons,http://identifiers.org/smpdb/SMP00309,smpdb,SMP00309,Excitatory Neural Signalling Through 5-HTR 4 and Serotonin,pathwayCommons,pathwayCommons
http___identifiers.org_smpdb_SMP00310.sbgn,pathwayCommons,http://identifiers.org/smpdb/SMP00310,smpdb,SMP00310,Corticotropin Activation of Cortisol Production,pathwayCommons,pathwayCommons
http___identifiers.org_smpdb_SMP00311.sbgn,pathwayCommons,http://identifiers.org/smpdb/SMP00311,smpdb,SMP00311,Excitatory Neural Signalling Through 5-HTR 7 and Serotonin ,pathwayCommons,pathwayCommons
http___identifiers.org_smpdb_SMP00312.sbgn,pathwayCommons,http://identifiers.org/smpdb/SMP00312,smpdb,SMP00312,Excitatory Neural Signalling Through 5-HTR 6 and Serotonin ,pathwayCommons,pathwayCommons
http___identifiers.org_smpdb_SMP00313.sbgn,pathwayCommons,http://identifiers.org/smpdb/SMP00313,smpdb,SMP00313,Lactic Acidemia,pathwayCommons,pathwayCommons
http___identifiers.org_smpdb_SMP00314.sbgn,pathwayCommons,http://identifiers.org/smpdb/SMP00314,smpdb,SMP00314,Congenital Bile Acid Synthesis Defect Type II,pathwayCommons,pathwayCommons
http___identifiers.org_smpdb_SMP00315.sbgn,pathwayCommons,http://identifiers.org/smpdb/SMP00315,smpdb,SMP00315,Cerebrotendinous Xanthomatosis (CTX),pathwayCommons,pathwayCommons
http___identifiers.org_smpdb_SMP00316.sbgn,pathwayCommons,http://identifiers.org/smpdb/SMP00316,smpdb,SMP00316,Zellweger Syndrome,pathwayCommons,pathwayCommons
http___identifiers.org_smpdb_SMP00317.sbgn,pathwayCommons,http://identifiers.org/smpdb/SMP00317,smpdb,SMP00317,Familial Hypercholanemia (FHCA),pathwayCommons,pathwayCommons
http___identifiers.org_smpdb_SMP00318.sbgn,pathwayCommons,http://identifiers.org/smpdb/SMP00318,smpdb,SMP00318,Congenital Bile Acid Synthesis Defect Type III,pathwayCommons,pathwayCommons
http___identifiers.org_smpdb_SMP00319.sbgn,pathwayCommons,http://identifiers.org/smpdb/SMP00319,smpdb,SMP00319,Lysosomal Acid Lipase Deficiency (Wolman Disease),pathwayCommons,pathwayCommons
http___identifiers.org_smpdb_SMP00320.sbgn,pathwayCommons,http://identifiers.org/smpdb/SMP00320,smpdb,SMP00320,Intracellular Signalling Through Adenosine Receptor A2a and Adenosine,pathwayCommons,pathwayCommons
http___identifiers.org_smpdb_SMP00321.sbgn,pathwayCommons,http://identifiers.org/smpdb/SMP00321,smpdb,SMP00321,Intracellular Signalling Through Adenosine Receptor A2b and Adenosine,pathwayCommons,pathwayCommons
http___identifiers.org_smpdb_SMP00322.sbgn,pathwayCommons,http://identifiers.org/smpdb/SMP00322,smpdb,SMP00322,Vasopressin Regulation of Water Homeostasis,pathwayCommons,pathwayCommons
http___identifiers.org_smpdb_SMP00323.sbgn,pathwayCommons,http://identifiers.org/smpdb/SMP00323,smpdb,SMP00323,Quinidine Action Pathway,pathwayCommons,pathwayCommons
http___identifiers.org_smpdb_SMP00324.sbgn,pathwayCommons,http://identifiers.org/smpdb/SMP00324,smpdb,SMP00324,Procainamide (Antiarrhythmic) Action Pathway,pathwayCommons,pathwayCommons
http___identifiers.org_smpdb_SMP00325.sbgn,pathwayCommons,http://identifiers.org/smpdb/SMP00325,smpdb,SMP00325,Disopyramide Action Pathway,pathwayCommons,pathwayCommons
http___identifiers.org_smpdb_SMP00326.sbgn,pathwayCommons,http://identifiers.org/smpdb/SMP00326,smpdb,SMP00326,Fosphenytoin (Antiarrhythmic) Action Pathway,pathwayCommons,pathwayCommons
http___identifiers.org_smpdb_SMP00327.sbgn,pathwayCommons,http://identifiers.org/smpdb/SMP00327,smpdb,SMP00327,Phenytoin (Antiarrhythmic) Action Pathway,pathwayCommons,pathwayCommons
http___identifiers.org_smpdb_SMP00328.sbgn,pathwayCommons,http://identifiers.org/smpdb/SMP00328,smpdb,SMP00328,Lidocaine (Antiarrhythmic) Action Pathway,pathwayCommons,pathwayCommons
http___identifiers.org_smpdb_SMP00329.sbgn,pathwayCommons,http://identifiers.org/smpdb/SMP00329,smpdb,SMP00329,Mexiletine Action Pathway,pathwayCommons,pathwayCommons
http___identifiers.org_smpdb_SMP00330.sbgn,pathwayCommons,http://identifiers.org/smpdb/SMP00330,smpdb,SMP00330,Tocainide Action Pathway,pathwayCommons,pathwayCommons
http___identifiers.org_smpdb_SMP00331.sbgn,pathwayCommons,http://identifiers.org/smpdb/SMP00331,smpdb,SMP00331,Flecainide Action Pathway,pathwayCommons,pathwayCommons
http___identifiers.org_smpdb_SMP00332.sbgn,pathwayCommons,http://identifiers.org/smpdb/SMP00332,smpdb,SMP00332,Ibutilide Action Pathway,pathwayCommons,pathwayCommons
http___identifiers.org_smpdb_SMP00333.sbgn,pathwayCommons,http://identifiers.org/smpdb/SMP00333,smpdb,SMP00333,Intracellular Signalling Through FSH Receptor and Follicle Stimulating Hormone,pathwayCommons,pathwayCommons
http___identifiers.org_smpdb_SMP00334.sbgn,pathwayCommons,http://identifiers.org/smpdb/SMP00334,smpdb,SMP00334,Pyruvate Decarboxylase E1 Component Deficiency (PDHE1 Deficiency),pathwayCommons,pathwayCommons
http___identifiers.org_smpdb_SMP00335.sbgn,pathwayCommons,http://identifiers.org/smpdb/SMP00335,smpdb,SMP00335,Intracellular Signalling Through Histamine H2 Receptor and Histamine,pathwayCommons,pathwayCommons
http___identifiers.org_smpdb_SMP00336.sbgn,pathwayCommons,http://identifiers.org/smpdb/SMP00336,smpdb,SMP00336,Vitamin A Deficiency,pathwayCommons,pathwayCommons
http___identifiers.org_smpdb_SMP00337.sbgn,pathwayCommons,http://identifiers.org/smpdb/SMP00337,smpdb,SMP00337,Glutathione Synthetase Deficiency,pathwayCommons,pathwayCommons
http___identifiers.org_smpdb_SMP00338.sbgn,pathwayCommons,http://identifiers.org/smpdb/SMP00338,smpdb,SMP00338,Intracellular Signalling Through LHCGR Receptor and Luteinizing Hormone/Choriogonadotropin,pathwayCommons,pathwayCommons
http___identifiers.org_smpdb_SMP00339.sbgn,pathwayCommons,http://identifiers.org/smpdb/SMP00339,smpdb,SMP00339,Hyperinsulinism-Hyperammonemia Syndrome,pathwayCommons,pathwayCommons
http___identifiers.org_smpdb_SMP00340.sbgn,pathwayCommons,http://identifiers.org/smpdb/SMP00340,smpdb,SMP00340,Methylenetetrahydrofolate Reductase Deficiency (MTHFRD),pathwayCommons,pathwayCommons
http___identifiers.org_smpdb_SMP00341.sbgn,pathwayCommons,http://identifiers.org/smpdb/SMP00341,smpdb,SMP00341,Hypermethioninemia,pathwayCommons,pathwayCommons
http___identifiers.org_smpdb_SMP00342.sbgn,pathwayCommons,http://identifiers.org/smpdb/SMP00342,smpdb,SMP00342,Hereditary Coproporphyria (HCP),pathwayCommons,pathwayCommons
http___identifiers.org_smpdb_SMP00343.sbgn,pathwayCommons,http://identifiers.org/smpdb/SMP00343,smpdb,SMP00343,Intracellular Signalling Through PGD2 receptor and Prostaglandin D2,pathwayCommons,pathwayCommons
http___identifiers.org_smpdb_SMP00344.sbgn,pathwayCommons,http://identifiers.org/smpdb/SMP00344,smpdb,SMP00344,Acute Intermittent Porphyria,pathwayCommons,pathwayCommons
http___identifiers.org_smpdb_SMP00345.sbgn,pathwayCommons,http://identifiers.org/smpdb/SMP00345,smpdb,SMP00345,Congenital Erythropoietic Porphyria (CEP) or Gunther Disease,pathwayCommons,pathwayCommons
http___identifiers.org_smpdb_SMP00346.sbgn,pathwayCommons,http://identifiers.org/smpdb/SMP00346,smpdb,SMP00346,Porphyria Variegata (PV),pathwayCommons,pathwayCommons
http___identifiers.org_smpdb_SMP00347.sbgn,pathwayCommons,http://identifiers.org/smpdb/SMP00347,smpdb,SMP00347,Metachromatic Leukodystrophy (MLD),pathwayCommons,pathwayCommons
http___identifiers.org_smpdb_SMP00348.sbgn,pathwayCommons,http://identifiers.org/smpdb/SMP00348,smpdb,SMP00348,Globoid Cell Leukodystrophy,pathwayCommons,pathwayCommons
http___identifiers.org_smpdb_SMP00349.sbgn,pathwayCommons,http://identifiers.org/smpdb/SMP00349,smpdb,SMP00349,Gaucher Disease,pathwayCommons,pathwayCommons
http___identifiers.org_smpdb_SMP00350.sbgn,pathwayCommons,http://identifiers.org/smpdb/SMP00350,smpdb,SMP00350,Pyruvate Carboxylase Deficiency,pathwayCommons,pathwayCommons
http___identifiers.org_smpdb_SMP00351.sbgn,pathwayCommons,http://identifiers.org/smpdb/SMP00351,smpdb,SMP00351,GABA-Transaminase Deficiency,pathwayCommons,pathwayCommons
http___identifiers.org_smpdb_SMP00352.sbgn,pathwayCommons,http://identifiers.org/smpdb/SMP00352,smpdb,SMP00352,Primary Hyperoxaluria Type I,pathwayCommons,pathwayCommons
http___identifiers.org_smpdb_SMP00353.sbgn,pathwayCommons,http://identifiers.org/smpdb/SMP00353,smpdb,SMP00353,Leukotriene C4 Synthesis Deficiency,pathwayCommons,pathwayCommons
http___identifiers.org_smpdb_SMP00354.sbgn,pathwayCommons,http://identifiers.org/smpdb/SMP00354,smpdb,SMP00354,Intracellular Signalling Through Prostacyclin Receptor and Prostacyclin,pathwayCommons,pathwayCommons
http___identifiers.org_smpdb_SMP00355.sbgn,pathwayCommons,http://identifiers.org/smpdb/SMP00355,smpdb,SMP00355,Mitochondrial Electron Transport Chain,pathwayCommons,pathwayCommons
http___identifiers.org_smpdb_SMP00356.sbgn,pathwayCommons,http://identifiers.org/smpdb/SMP00356,smpdb,SMP00356,17-Beta Hydroxysteroid Dehydrogenase III Deficiency,pathwayCommons,pathwayCommons
http___identifiers.org_smpdb_SMP00357.sbgn,pathwayCommons,http://identifiers.org/smpdb/SMP00357,smpdb,SMP00357,Argininemia,pathwayCommons,pathwayCommons
http___identifiers.org_smpdb_SMP00358.sbgn,pathwayCommons,http://identifiers.org/smpdb/SMP00358,smpdb,SMP00358,Fc Epsilon Receptor I Signaling in Mast Cells,pathwayCommons,pathwayCommons
http___identifiers.org_smpdb_SMP00359.sbgn,pathwayCommons,http://identifiers.org/smpdb/SMP00359,smpdb,SMP00359,Diltiazem Action Pathway,pathwayCommons,pathwayCommons
http___identifiers.org_smpdb_SMP00360.sbgn,pathwayCommons,http://identifiers.org/smpdb/SMP00360,smpdb,SMP00360,Hyperprolinemia Type II,pathwayCommons,pathwayCommons
http___identifiers.org_smpdb_SMP00361.sbgn,pathwayCommons,http://identifiers.org/smpdb/SMP00361,smpdb,SMP00361,Hyperprolinemia Type I,pathwayCommons,pathwayCommons
http___identifiers.org_smpdb_SMP00362.sbgn,pathwayCommons,http://identifiers.org/smpdb/SMP00362,smpdb,SMP00362,Arginine: Glycine Amidinotransferase Deficiency (AGAT Deficiency),pathwayCommons,pathwayCommons
http___identifiers.org_smpdb_SMP00363.sbgn,pathwayCommons,http://identifiers.org/smpdb/SMP00363,smpdb,SMP00363,Ornithine Aminotransferase Deficiency (OAT Deficiency),pathwayCommons,pathwayCommons
http___identifiers.org_smpdb_SMP00364.sbgn,pathwayCommons,http://identifiers.org/smpdb/SMP00364,smpdb,SMP00364,Lesch-Nyhan Syndrome (LNS),pathwayCommons,pathwayCommons
http___identifiers.org_smpdb_SMP00365.sbgn,pathwayCommons,http://identifiers.org/smpdb/SMP00365,smpdb,SMP00365,Gout or Kelley-Seegmiller Syndrome,pathwayCommons,pathwayCommons
http___identifiers.org_smpdb_SMP00366.sbgn,pathwayCommons,http://identifiers.org/smpdb/SMP00366,smpdb,SMP00366,Nebivolol Action Pathway,pathwayCommons,pathwayCommons
http___identifiers.org_smpdb_SMP00367.sbgn,pathwayCommons,http://identifiers.org/smpdb/SMP00367,smpdb,SMP00367,Carvedilol Action Pathway,pathwayCommons,pathwayCommons
http___identifiers.org_smpdb_SMP00368.sbgn,pathwayCommons,http://identifiers.org/smpdb/SMP00368,smpdb,SMP00368,Labetalol Action Pathway,pathwayCommons,pathwayCommons
http___identifiers.org_smpdb_SMP00369.sbgn,pathwayCommons,http://identifiers.org/smpdb/SMP00369,smpdb,SMP00369,Tyrosinemia Type 2 (or Richner-Hanhart syndrome),pathwayCommons,pathwayCommons
http___identifiers.org_smpdb_SMP00370.sbgn,pathwayCommons,http://identifiers.org/smpdb/SMP00370,smpdb,SMP00370,Tyrosinemia Type 3 (TYRO3),pathwayCommons,pathwayCommons
http___identifiers.org_smpdb_SMP00371.sbgn,pathwayCommons,http://identifiers.org/smpdb/SMP00371,smpdb,SMP00371,Congenital Lipoid Adrenal Hyperplasia (CLAH) or Lipoid CAH,pathwayCommons,pathwayCommons
http___identifiers.org_smpdb_SMP00372.sbgn,pathwayCommons,http://identifiers.org/smpdb/SMP00372,smpdb,SMP00372,Adrenal Hyperplasia Type 5 or Congenital Adrenal Hyperplasia due to 17 Alpha-hydroxylase Deficiency,pathwayCommons,pathwayCommons
http___identifiers.org_smpdb_SMP00373.sbgn,pathwayCommons,http://identifiers.org/smpdb/SMP00373,smpdb,SMP00373,Adrenal Hyperplasia Type 3 or Congenital Adrenal Hyperplasia due to 21-hydroxylase Deficiency,pathwayCommons,pathwayCommons
http___identifiers.org_smpdb_SMP00374.sbgn,pathwayCommons,http://identifiers.org/smpdb/SMP00374,smpdb,SMP00374,Glycogen Storage Disease Type 1A (GSD1A) or Von Gierke Disease,pathwayCommons,pathwayCommons
http___identifiers.org_smpdb_SMP00375.sbgn,pathwayCommons,http://identifiers.org/smpdb/SMP00375,smpdb,SMP00375,Verapamil Action Pathway,pathwayCommons,pathwayCommons
http___identifiers.org_smpdb_SMP00376.sbgn,pathwayCommons,http://identifiers.org/smpdb/SMP00376,smpdb,SMP00376,Amlodipine Action Pathway,pathwayCommons,pathwayCommons
http___identifiers.org_smpdb_SMP00377.sbgn,pathwayCommons,http://identifiers.org/smpdb/SMP00377,smpdb,SMP00377,Felodipine Action Pathway,pathwayCommons,pathwayCommons
http___identifiers.org_smpdb_SMP00378.sbgn,pathwayCommons,http://identifiers.org/smpdb/SMP00378,smpdb,SMP00378,Isradipine Action Pathway,pathwayCommons,pathwayCommons
http___identifiers.org_smpdb_SMP00379.sbgn,pathwayCommons,http://identifiers.org/smpdb/SMP00379,smpdb,SMP00379,Nifedipine Action Pathway,pathwayCommons,pathwayCommons
http___identifiers.org_smpdb_SMP00380.sbgn,pathwayCommons,http://identifiers.org/smpdb/SMP00380,smpdb,SMP00380,Nimodipine Action Pathway,pathwayCommons,pathwayCommons
http___identifiers.org_smpdb_SMP00381.sbgn,pathwayCommons,http://identifiers.org/smpdb/SMP00381,smpdb,SMP00381,Nisoldipine Action Pathway,pathwayCommons,pathwayCommons
http___identifiers.org_smpdb_SMP00382.sbgn,pathwayCommons,http://identifiers.org/smpdb/SMP00382,smpdb,SMP00382,Nitrendipine Action Pathway,pathwayCommons,pathwayCommons
http___identifiers.org_smpdb_SMP00384.sbgn,pathwayCommons,http://identifiers.org/smpdb/SMP00384,smpdb,SMP00384,Methylmalonate Semialdehyde Dehydrogenase Deficiency,pathwayCommons,pathwayCommons
http___identifiers.org_smpdb_SMP00385.sbgn,pathwayCommons,http://identifiers.org/smpdb/SMP00385,smpdb,SMP00385,Homocarnosinosis,pathwayCommons,pathwayCommons
http___identifiers.org_smpdb_SMP00386.sbgn,pathwayCommons,http://identifiers.org/smpdb/SMP00386,smpdb,SMP00386,Desmosterolosis,pathwayCommons,pathwayCommons
http___identifiers.org_smpdb_SMP00387.sbgn,pathwayCommons,http://identifiers.org/smpdb/SMP00387,smpdb,SMP00387,CHILD Syndrome,pathwayCommons,pathwayCommons
http___identifiers.org_smpdb_SMP00388.sbgn,pathwayCommons,http://identifiers.org/smpdb/SMP00388,smpdb,SMP00388,"""Chondrodysplasia Punctata II, X Linked Dominant (CDPX2)""",pathwayCommons,pathwayCommons
http___identifiers.org_smpdb_SMP00389.sbgn,pathwayCommons,http://identifiers.org/smpdb/SMP00389,smpdb,SMP00389,Smith-Lemli-Opitz Syndrome (SLOS),pathwayCommons,pathwayCommons
http___identifiers.org_smpdb_SMP00390.sbgn,pathwayCommons,http://identifiers.org/smpdb/SMP00390,smpdb,SMP00390,Tay-Sachs Disease,pathwayCommons,pathwayCommons
http___identifiers.org_smpdb_SMP00391.sbgn,pathwayCommons,http://identifiers.org/smpdb/SMP00391,smpdb,SMP00391,Insulin Signalling,pathwayCommons,pathwayCommons
http___identifiers.org_smpdb_SMP00392.sbgn,pathwayCommons,http://identifiers.org/smpdb/SMP00392,smpdb,SMP00392,Benzocaine Action Pathway,pathwayCommons,pathwayCommons
http___identifiers.org_smpdb_SMP00393.sbgn,pathwayCommons,http://identifiers.org/smpdb/SMP00393,smpdb,SMP00393,Bupivacaine Action Pathway,pathwayCommons,pathwayCommons
http___identifiers.org_smpdb_SMP00394.sbgn,pathwayCommons,http://identifiers.org/smpdb/SMP00394,smpdb,SMP00394,Chloroprocaine Action Pathway,pathwayCommons,pathwayCommons
http___identifiers.org_smpdb_SMP00395.sbgn,pathwayCommons,http://identifiers.org/smpdb/SMP00395,smpdb,SMP00395,Cocaine Action Pathway,pathwayCommons,pathwayCommons
http___identifiers.org_smpdb_SMP00396.sbgn,pathwayCommons,http://identifiers.org/smpdb/SMP00396,smpdb,SMP00396,Dibucaine Action Pathway,pathwayCommons,pathwayCommons
http___identifiers.org_smpdb_SMP00397.sbgn,pathwayCommons,http://identifiers.org/smpdb/SMP00397,smpdb,SMP00397,Levobupivacaine Action Pathway,pathwayCommons,pathwayCommons
http___identifiers.org_smpdb_SMP00398.sbgn,pathwayCommons,http://identifiers.org/smpdb/SMP00398,smpdb,SMP00398,Lidocaine (Local Anaesthetic) Action Pathway,pathwayCommons,pathwayCommons
http___identifiers.org_smpdb_SMP00399.sbgn,pathwayCommons,http://identifiers.org/smpdb/SMP00399,smpdb,SMP00399,Mepivacaine Action Pathway,pathwayCommons,pathwayCommons
http___identifiers.org_smpdb_SMP00400.sbgn,pathwayCommons,http://identifiers.org/smpdb/SMP00400,smpdb,SMP00400,Oxybuprocaine Action Pathway,pathwayCommons,pathwayCommons
http___identifiers.org_smpdb_SMP00401.sbgn,pathwayCommons,http://identifiers.org/smpdb/SMP00401,smpdb,SMP00401,Prilocaine Action Pathway,pathwayCommons,pathwayCommons
http___identifiers.org_smpdb_SMP00402.sbgn,pathwayCommons,http://identifiers.org/smpdb/SMP00402,smpdb,SMP00402,Procaine Action Pathway,pathwayCommons,pathwayCommons
http___identifiers.org_smpdb_SMP00403.sbgn,pathwayCommons,http://identifiers.org/smpdb/SMP00403,smpdb,SMP00403,Proparacaine Action Pathway,pathwayCommons,pathwayCommons
http___identifiers.org_smpdb_SMP00404.sbgn,pathwayCommons,http://identifiers.org/smpdb/SMP00404,smpdb,SMP00404,Ropivacaine Action Pathway,pathwayCommons,pathwayCommons
http___identifiers.org_smpdb_SMP00405.sbgn,pathwayCommons,http://identifiers.org/smpdb/SMP00405,smpdb,SMP00405,Codeine Action Pathway,pathwayCommons,pathwayCommons
http___identifiers.org_smpdb_SMP00406.sbgn,pathwayCommons,http://identifiers.org/smpdb/SMP00406,smpdb,SMP00406,Morphine Action Pathway,pathwayCommons,pathwayCommons
http___identifiers.org_smpdb_SMP00407.sbgn,pathwayCommons,http://identifiers.org/smpdb/SMP00407,smpdb,SMP00407,Heroin Action Pathway,pathwayCommons,pathwayCommons
http___identifiers.org_smpdb_SMP00408.sbgn,pathwayCommons,http://identifiers.org/smpdb/SMP00408,smpdb,SMP00408,Methadone Action Pathway,pathwayCommons,pathwayCommons
http___identifiers.org_smpdb_SMP00409.sbgn,pathwayCommons,http://identifiers.org/smpdb/SMP00409,smpdb,SMP00409,Oxycodone Action Pathway,pathwayCommons,pathwayCommons
http___identifiers.org_smpdb_SMP00410.sbgn,pathwayCommons,http://identifiers.org/smpdb/SMP00410,smpdb,SMP00410,Hydromorphone Action Pathway,pathwayCommons,pathwayCommons
http___identifiers.org_smpdb_SMP00411.sbgn,pathwayCommons,http://identifiers.org/smpdb/SMP00411,smpdb,SMP00411,Hydrocodone Action Pathway,pathwayCommons,pathwayCommons
http___identifiers.org_smpdb_SMP00412.sbgn,pathwayCommons,http://identifiers.org/smpdb/SMP00412,smpdb,SMP00412,Oxymorphone Action Pathway,pathwayCommons,pathwayCommons
http___identifiers.org_smpdb_SMP00413.sbgn,pathwayCommons,http://identifiers.org/smpdb/SMP00413,smpdb,SMP00413,Alfentanil Action Pathway,pathwayCommons,pathwayCommons
http___identifiers.org_smpdb_SMP00414.sbgn,pathwayCommons,http://identifiers.org/smpdb/SMP00414,smpdb,SMP00414,Carfentanil Action Pathway,pathwayCommons,pathwayCommons
http___identifiers.org_smpdb_SMP00415.sbgn,pathwayCommons,http://identifiers.org/smpdb/SMP00415,smpdb,SMP00415,Fentanyl Action Pathway,pathwayCommons,pathwayCommons
http___identifiers.org_smpdb_SMP00416.sbgn,pathwayCommons,http://identifiers.org/smpdb/SMP00416,smpdb,SMP00416,Remifentanil Action Pathway,pathwayCommons,pathwayCommons
http___identifiers.org_smpdb_SMP00417.sbgn,pathwayCommons,http://identifiers.org/smpdb/SMP00417,smpdb,SMP00417,Sufentanil Action Pathway,pathwayCommons,pathwayCommons
http___identifiers.org_smpdb_SMP00418.sbgn,pathwayCommons,http://identifiers.org/smpdb/SMP00418,smpdb,SMP00418,Adefovir Dipivoxil Action Pathway,pathwayCommons,pathwayCommons
http___identifiers.org_smpdb_SMP00419.sbgn,pathwayCommons,http://identifiers.org/smpdb/SMP00419,smpdb,SMP00419,Tenofovir Action Pathway,pathwayCommons,pathwayCommons
http___identifiers.org_smpdb_SMP00420.sbgn,pathwayCommons,http://identifiers.org/smpdb/SMP00420,smpdb,SMP00420,Bevacizumab Action Pathway,pathwayCommons,pathwayCommons
http___identifiers.org_smpdb_SMP00421.sbgn,pathwayCommons,http://identifiers.org/smpdb/SMP00421,smpdb,SMP00421,Vatalanib Action Pathway,pathwayCommons,pathwayCommons
http___identifiers.org_smpdb_SMP00422.sbgn,pathwayCommons,http://identifiers.org/smpdb/SMP00422,smpdb,SMP00422,Imipramine Action Pathway,pathwayCommons,pathwayCommons
http___identifiers.org_smpdb_SMP00423.sbgn,pathwayCommons,http://identifiers.org/smpdb/SMP00423,smpdb,SMP00423,Desipramine Action Pathway,pathwayCommons,pathwayCommons
http___identifiers.org_smpdb_SMP00424.sbgn,pathwayCommons,http://identifiers.org/smpdb/SMP00424,smpdb,SMP00424,Citalopram Action Pathway,pathwayCommons,pathwayCommons
http___identifiers.org_smpdb_SMP00425.sbgn,pathwayCommons,http://identifiers.org/smpdb/SMP00425,smpdb,SMP00425,Escitalopram Action Pathway,pathwayCommons,pathwayCommons
http___identifiers.org_smpdb_SMP00426.sbgn,pathwayCommons,http://identifiers.org/smpdb/SMP00426,smpdb,SMP00426,Fluoxetine Action Pathway,pathwayCommons,pathwayCommons
http___identifiers.org_smpdb_SMP00427.sbgn,pathwayCommons,http://identifiers.org/smpdb/SMP00427,smpdb,SMP00427,Azathioprine Action Pathway,pathwayCommons,pathwayCommons
http___identifiers.org_smpdb_SMP00428.sbgn,pathwayCommons,http://identifiers.org/smpdb/SMP00428,smpdb,SMP00428,Mercaptopurine Action Pathway,pathwayCommons,pathwayCommons
http___identifiers.org_smpdb_SMP00429.sbgn,pathwayCommons,http://identifiers.org/smpdb/SMP00429,smpdb,SMP00429,Disulfiram Action Pathway,pathwayCommons,pathwayCommons
http___identifiers.org_smpdb_SMP00430.sbgn,pathwayCommons,http://identifiers.org/smpdb/SMP00430,smpdb,SMP00430,Thioguanine Action Pathway,pathwayCommons,pathwayCommons
http___identifiers.org_smpdb_SMP00431.sbgn,pathwayCommons,http://identifiers.org/smpdb/SMP00431,smpdb,SMP00431,Nicotine Action Pathway,pathwayCommons,pathwayCommons
http___identifiers.org_smpdb_SMP00432.sbgn,pathwayCommons,http://identifiers.org/smpdb/SMP00432,smpdb,SMP00432,Methotrexate Action Pathway,pathwayCommons,pathwayCommons
http___identifiers.org_smpdb_SMP00433.sbgn,pathwayCommons,http://identifiers.org/smpdb/SMP00433,smpdb,SMP00433,Irinotecan Action Pathway,pathwayCommons,pathwayCommons
http___identifiers.org_smpdb_SMP00434.sbgn,pathwayCommons,http://identifiers.org/smpdb/SMP00434,smpdb,SMP00434,Paclitaxel Action Pathway,pathwayCommons,pathwayCommons
http___identifiers.org_smpdb_SMP00435.sbgn,pathwayCommons,http://identifiers.org/smpdb/SMP00435,smpdb,SMP00435,Docetaxel Action Pathway,pathwayCommons,pathwayCommons
http___identifiers.org_smpdb_SMP00436.sbgn,pathwayCommons,http://identifiers.org/smpdb/SMP00436,smpdb,SMP00436,Vinblastine Action Pathway,pathwayCommons,pathwayCommons
http___identifiers.org_smpdb_SMP00437.sbgn,pathwayCommons,http://identifiers.org/smpdb/SMP00437,smpdb,SMP00437,Vincristine Action Pathway,pathwayCommons,pathwayCommons
http___identifiers.org_smpdb_SMP00438.sbgn,pathwayCommons,http://identifiers.org/smpdb/SMP00438,smpdb,SMP00438,Vindesine Action Pathway,pathwayCommons,pathwayCommons
http___identifiers.org_smpdb_SMP00439.sbgn,pathwayCommons,http://identifiers.org/smpdb/SMP00439,smpdb,SMP00439,Vinorelbine Action Pathway,pathwayCommons,pathwayCommons
http___identifiers.org_smpdb_SMP00440.sbgn,pathwayCommons,http://identifiers.org/smpdb/SMP00440,smpdb,SMP00440,Prednisone Action Pathway,pathwayCommons,pathwayCommons
http___identifiers.org_smpdb_SMP00441.sbgn,pathwayCommons,http://identifiers.org/smpdb/SMP00441,smpdb,SMP00441,Prednisolone Action Pathway,pathwayCommons,pathwayCommons
http___identifiers.org_smpdb_SMP00442.sbgn,pathwayCommons,http://identifiers.org/smpdb/SMP00442,smpdb,SMP00442,Etoposide Action Pathway,pathwayCommons,pathwayCommons
http___identifiers.org_smpdb_SMP00443.sbgn,pathwayCommons,http://identifiers.org/smpdb/SMP00443,smpdb,SMP00443,Teniposide Action Pathway,pathwayCommons,pathwayCommons
http___identifiers.org_smpdb_SMP00444.sbgn,pathwayCommons,http://identifiers.org/smpdb/SMP00444,smpdb,SMP00444,Lactose Synthesis,pathwayCommons,pathwayCommons
http___identifiers.org_smpdb_SMP00445.sbgn,pathwayCommons,http://identifiers.org/smpdb/SMP00445,smpdb,SMP00445,Spermidine and Spermine Biosynthesis,pathwayCommons,pathwayCommons
http___identifiers.org_smpdb_SMP00446.sbgn,pathwayCommons,http://identifiers.org/smpdb/SMP00446,smpdb,SMP00446,Gemcitabine Action Pathway,pathwayCommons,pathwayCommons
http___identifiers.org_smpdb_SMP00447.sbgn,pathwayCommons,http://identifiers.org/smpdb/SMP00447,smpdb,SMP00447,Cyclophosphamide Action Pathway,pathwayCommons,pathwayCommons
http___identifiers.org_smpdb_SMP00448.sbgn,pathwayCommons,http://identifiers.org/smpdb/SMP00448,smpdb,SMP00448,Ifosfamide Action Pathway,pathwayCommons,pathwayCommons
http___identifiers.org_smpdb_SMP00449.sbgn,pathwayCommons,http://identifiers.org/smpdb/SMP00449,smpdb,SMP00449,Ethanol Degradation,pathwayCommons,pathwayCommons
http___identifiers.org_smpdb_SMP00450.sbgn,pathwayCommons,http://identifiers.org/smpdb/SMP00450,smpdb,SMP00450,Phytanic Acid Peroxisomal Oxidation,pathwayCommons,pathwayCommons
http___identifiers.org_smpdb_SMP00451.sbgn,pathwayCommons,http://identifiers.org/smpdb/SMP00451,smpdb,SMP00451,Refsum Disease,pathwayCommons,pathwayCommons
http___identifiers.org_smpdb_SMP00452.sbgn,pathwayCommons,http://identifiers.org/smpdb/SMP00452,smpdb,SMP00452,Threonine and 2-Oxobutanoate Degradation,pathwayCommons,pathwayCommons
http___identifiers.org_smpdb_SMP00453.sbgn,pathwayCommons,http://identifiers.org/smpdb/SMP00453,smpdb,SMP00453,Nateglinide Action Pathway,pathwayCommons,pathwayCommons
http___identifiers.org_smpdb_SMP00454.sbgn,pathwayCommons,http://identifiers.org/smpdb/SMP00454,smpdb,SMP00454,Repaglinide Action Pathway,pathwayCommons,pathwayCommons
http___identifiers.org_smpdb_SMP00455.sbgn,pathwayCommons,http://identifiers.org/smpdb/SMP00455,smpdb,SMP00455,Homocysteine Degradation,pathwayCommons,pathwayCommons
http___identifiers.org_smpdb_SMP00456.sbgn,pathwayCommons,http://identifiers.org/smpdb/SMP00456,smpdb,SMP00456,Fatty Acid Biosynthesis,pathwayCommons,pathwayCommons
http___identifiers.org_smpdb_SMP00457.sbgn,pathwayCommons,http://identifiers.org/smpdb/SMP00457,smpdb,SMP00457,Lactose Degradation,pathwayCommons,pathwayCommons
http___identifiers.org_smpdb_SMP00458.sbgn,pathwayCommons,http://identifiers.org/smpdb/SMP00458,smpdb,SMP00458,Lactose Intolerance,pathwayCommons,pathwayCommons
http___identifiers.org_smpdb_SMP00459.sbgn,pathwayCommons,http://identifiers.org/smpdb/SMP00459,smpdb,SMP00459,Pyruvaldehyde Degradation,pathwayCommons,pathwayCommons
http___identifiers.org_smpdb_SMP00460.sbgn,pathwayCommons,http://identifiers.org/smpdb/SMP00460,smpdb,SMP00460,Glibenclamide Action Pathway,pathwayCommons,pathwayCommons
http___identifiers.org_smpdb_SMP00461.sbgn,pathwayCommons,http://identifiers.org/smpdb/SMP00461,smpdb,SMP00461,Gliclazide Action Pathway,pathwayCommons,pathwayCommons
http___identifiers.org_smpdb_SMP00462.sbgn,pathwayCommons,http://identifiers.org/smpdb/SMP00462,smpdb,SMP00462,Inositol Phosphate Metabolism,pathwayCommons,pathwayCommons
http___identifiers.org_smpdb_SMP00463.sbgn,pathwayCommons,http://identifiers.org/smpdb/SMP00463,smpdb,SMP00463,Phosphatidylinositol Phosphate Metabolism,pathwayCommons,pathwayCommons
http___identifiers.org_smpdb_SMP00464.sbgn,pathwayCommons,http://identifiers.org/smpdb/SMP00464,smpdb,SMP00464,Vitamin K Metabolism,pathwayCommons,pathwayCommons
http___identifiers.org_smpdb_SMP00465.sbgn,pathwayCommons,http://identifiers.org/smpdb/SMP00465,smpdb,SMP00465,Carnitine Synthesis,pathwayCommons,pathwayCommons
http___identifiers.org_smpdb_SMP00466.sbgn,pathwayCommons,http://identifiers.org/smpdb/SMP00466,smpdb,SMP00466,Transfer of Acetyl Groups into Mitochondria,pathwayCommons,pathwayCommons
http___identifiers.org_smpdb_SMP00467.sbgn,pathwayCommons,http://identifiers.org/smpdb/SMP00467,smpdb,SMP00467,Trehalose Degradation,pathwayCommons,pathwayCommons
http___identifiers.org_smpdb_SMP00468.sbgn,pathwayCommons,http://identifiers.org/smpdb/SMP00468,smpdb,SMP00468,Degradation of Superoxides,pathwayCommons,pathwayCommons
http___identifiers.org_smpdb_SMP00469.sbgn,pathwayCommons,http://identifiers.org/smpdb/SMP00469,smpdb,SMP00469,Capecitabine Action Pathway,pathwayCommons,pathwayCommons
http___identifiers.org_smpdb_SMP00470.sbgn,pathwayCommons,http://identifiers.org/smpdb/SMP00470,smpdb,SMP00470,Fluorouracil Action Pathway,pathwayCommons,pathwayCommons
http___identifiers.org_smpdb_SMP00471.sbgn,pathwayCommons,http://identifiers.org/smpdb/SMP00471,smpdb,SMP00471,Tamoxifen Action Pathway,pathwayCommons,pathwayCommons
http___identifiers.org_smpdb_SMP00472.sbgn,pathwayCommons,http://identifiers.org/smpdb/SMP00472,smpdb,SMP00472,Erlotinib Action Pathway,pathwayCommons,pathwayCommons
http___identifiers.org_smpdb_SMP00473.sbgn,pathwayCommons,http://identifiers.org/smpdb/SMP00473,smpdb,SMP00473,Gefitinib Action Pathway,pathwayCommons,pathwayCommons
http___identifiers.org_smpdb_SMP00474.sbgn,pathwayCommons,http://identifiers.org/smpdb/SMP00474,smpdb,SMP00474,Cetuximab Action Pathway,pathwayCommons,pathwayCommons
http___identifiers.org_smpdb_SMP00475.sbgn,pathwayCommons,http://identifiers.org/smpdb/SMP00475,smpdb,SMP00475,Panitumumab Action Pathway,pathwayCommons,pathwayCommons
http___identifiers.org_smpdb_SMP00476.sbgn,pathwayCommons,http://identifiers.org/smpdb/SMP00476,smpdb,SMP00476,Trastuzumab Action Pathway,pathwayCommons,pathwayCommons
http___identifiers.org_smpdb_SMP00479.sbgn,pathwayCommons,http://identifiers.org/smpdb/SMP00479,smpdb,SMP00479,Plasmalogen Synthesis,pathwayCommons,pathwayCommons
http___identifiers.org_smpdb_SMP00480.sbgn,pathwayCommons,http://identifiers.org/smpdb/SMP00480,smpdb,SMP00480,Mitochondrial Beta-Oxidation of Short Chain Saturated Fatty Acids,pathwayCommons,pathwayCommons
http___identifiers.org_smpdb_SMP00481.sbgn,pathwayCommons,http://identifiers.org/smpdb/SMP00481,smpdb,SMP00481,Mitochondrial Beta-Oxidation of Medium Chain Saturated Fatty Acids,pathwayCommons,pathwayCommons
http___identifiers.org_smpdb_SMP00482.sbgn,pathwayCommons,http://identifiers.org/smpdb/SMP00482,smpdb,SMP00482,Mitochondrial Beta-Oxidation of Long Chain Saturated Fatty Acids,pathwayCommons,pathwayCommons
http___identifiers.org_smpdb_SMP00483.sbgn,pathwayCommons,http://identifiers.org/smpdb/SMP00483,smpdb,SMP00483,Kidney Function,pathwayCommons,pathwayCommons
http___identifiers.org_smpdb_SMP00484.sbgn,pathwayCommons,http://identifiers.org/smpdb/SMP00484,smpdb,SMP00484,Dimethylglycine Dehydrogenase Deficiency,pathwayCommons,pathwayCommons
http___identifiers.org_smpdb_SMP00485.sbgn,pathwayCommons,http://identifiers.org/smpdb/SMP00485,smpdb,SMP00485,"""Hyperglycinemia, non-ketotic""",pathwayCommons,pathwayCommons
http___identifiers.org_smpdb_SMP00486.sbgn,pathwayCommons,http://identifiers.org/smpdb/SMP00486,smpdb,SMP00486,Dopa-responsive dystonia,pathwayCommons,pathwayCommons
http___identifiers.org_smpdb_SMP00487.sbgn,pathwayCommons,http://identifiers.org/smpdb/SMP00487,smpdb,SMP00487,Hyperphenylalaniemia due to guanosine triphosphate cyclohydrolase deficiency,pathwayCommons,pathwayCommons
http___identifiers.org_smpdb_SMP00488.sbgn,pathwayCommons,http://identifiers.org/smpdb/SMP00488,smpdb,SMP00488,Hyperphenylalaninemia due to 6-pyruvoyltetrahydropterin synthase deficiency (ptps),pathwayCommons,pathwayCommons
http___identifiers.org_smpdb_SMP00489.sbgn,pathwayCommons,http://identifiers.org/smpdb/SMP00489,smpdb,SMP00489,Hyperphenylalaninemia due to dhpr-deficiency,pathwayCommons,pathwayCommons
http___identifiers.org_smpdb_SMP00490.sbgn,pathwayCommons,http://identifiers.org/smpdb/SMP00490,smpdb,SMP00490,Segawa syndrome,pathwayCommons,pathwayCommons
http___identifiers.org_smpdb_SMP00491.sbgn,pathwayCommons,http://identifiers.org/smpdb/SMP00491,smpdb,SMP00491,Sepiapterin reductase deficiency,pathwayCommons,pathwayCommons
http___identifiers.org_smpdb_SMP00492.sbgn,pathwayCommons,http://identifiers.org/smpdb/SMP00492,smpdb,SMP00492,Ureidopropionase deficiency,pathwayCommons,pathwayCommons
http___identifiers.org_smpdb_SMP00493.sbgn,pathwayCommons,http://identifiers.org/smpdb/SMP00493,smpdb,SMP00493,"""Carnosinuria, carnosinemia""",pathwayCommons,pathwayCommons
http___identifiers.org_smpdb_SMP00494.sbgn,pathwayCommons,http://identifiers.org/smpdb/SMP00494,smpdb,SMP00494,"""Tyrosinemia, transient, of the newborn""",pathwayCommons,pathwayCommons
http___identifiers.org_smpdb_SMP00495.sbgn,pathwayCommons,http://identifiers.org/smpdb/SMP00495,smpdb,SMP00495,Galactosemia II (GALK),pathwayCommons,pathwayCommons
http___identifiers.org_smpdb_SMP00496.sbgn,pathwayCommons,http://identifiers.org/smpdb/SMP00496,smpdb,SMP00496,Galactosemia III,pathwayCommons,pathwayCommons
http___identifiers.org_smpdb_SMP00497.sbgn,pathwayCommons,http://identifiers.org/smpdb/SMP00497,smpdb,SMP00497,Tyrosine hydroxylase deficiency,pathwayCommons,pathwayCommons
http___identifiers.org_smpdb_SMP00498.sbgn,pathwayCommons,http://identifiers.org/smpdb/SMP00498,smpdb,SMP00498,Dopamine beta-hydroxylase deficiency,pathwayCommons,pathwayCommons
http___identifiers.org_smpdb_SMP00499.sbgn,pathwayCommons,http://identifiers.org/smpdb/SMP00499,smpdb,SMP00499,Beta-mercaptolactate-cysteine disulfiduria,pathwayCommons,pathwayCommons
http___identifiers.org_smpdb_SMP00500.sbgn,pathwayCommons,http://identifiers.org/smpdb/SMP00500,smpdb,SMP00500,5-oxoprolinase deficiency,pathwayCommons,pathwayCommons
http___identifiers.org_smpdb_SMP00501.sbgn,pathwayCommons,http://identifiers.org/smpdb/SMP00501,smpdb,SMP00501,Gamma-glutamyl-transpeptidase deficiency,pathwayCommons,pathwayCommons
http___identifiers.org_smpdb_SMP00502.sbgn,pathwayCommons,http://identifiers.org/smpdb/SMP00502,smpdb,SMP00502,Malonyl-coa decarboxylase deficiency,pathwayCommons,pathwayCommons
http___identifiers.org_smpdb_SMP00503.sbgn,pathwayCommons,http://identifiers.org/smpdb/SMP00503,smpdb,SMP00503,Hypophosphatasia,pathwayCommons,pathwayCommons
http___identifiers.org_smpdb_SMP00504.sbgn,pathwayCommons,http://identifiers.org/smpdb/SMP00504,smpdb,SMP00504,"""Creatine deficiency, guanidinoacetate methyltransferase deficiency""",pathwayCommons,pathwayCommons
http___identifiers.org_smpdb_SMP00505.sbgn,pathwayCommons,http://identifiers.org/smpdb/SMP00505,smpdb,SMP00505,Hyperornithinemia with gyrate atrophy (HOGA),pathwayCommons,pathwayCommons
http___identifiers.org_smpdb_SMP00506.sbgn,pathwayCommons,http://identifiers.org/smpdb/SMP00506,smpdb,SMP00506,Hyperornithinemia-hyperammonemia-homocitrullinuria [HHH-syndrome],pathwayCommons,pathwayCommons
http___identifiers.org_smpdb_SMP00507.sbgn,pathwayCommons,http://identifiers.org/smpdb/SMP00507,smpdb,SMP00507,L-arginine:glycine amidinotransferase deficiency,pathwayCommons,pathwayCommons
http___identifiers.org_smpdb_SMP00508.sbgn,pathwayCommons,http://identifiers.org/smpdb/SMP00508,smpdb,SMP00508,Cholesteryl ester storage disease,pathwayCommons,pathwayCommons
http___identifiers.org_smpdb_SMP00509.sbgn,pathwayCommons,http://identifiers.org/smpdb/SMP00509,smpdb,SMP00509,Hyper-IgD syndrome,pathwayCommons,pathwayCommons
http___identifiers.org_smpdb_SMP00510.sbgn,pathwayCommons,http://identifiers.org/smpdb/SMP00510,smpdb,SMP00510,Mevalonic aciduria,pathwayCommons,pathwayCommons
http___identifiers.org_smpdb_SMP00511.sbgn,pathwayCommons,http://identifiers.org/smpdb/SMP00511,smpdb,SMP00511,Wolman disease,pathwayCommons,pathwayCommons
http___identifiers.org_smpdb_SMP00512.sbgn,pathwayCommons,http://identifiers.org/smpdb/SMP00512,smpdb,SMP00512,Xanthinuria type I,pathwayCommons,pathwayCommons
http___identifiers.org_smpdb_SMP00513.sbgn,pathwayCommons,http://identifiers.org/smpdb/SMP00513,smpdb,SMP00513,Xanthinuria type II,pathwayCommons,pathwayCommons
http___identifiers.org_smpdb_SMP00514.sbgn,pathwayCommons,http://identifiers.org/smpdb/SMP00514,smpdb,SMP00514,Gamma-cystathionase deficiency (CTH),pathwayCommons,pathwayCommons
http___identifiers.org_smpdb_SMP00515.sbgn,pathwayCommons,http://identifiers.org/smpdb/SMP00515,smpdb,SMP00515,"""Homocystinuria, cystathionine beta-synthase deficiency""",pathwayCommons,pathwayCommons
http___identifiers.org_smpdb_SMP00516.sbgn,pathwayCommons,http://identifiers.org/smpdb/SMP00516,smpdb,SMP00516,"""Adrenoleukodystrophy, X-linked""",pathwayCommons,pathwayCommons
http___identifiers.org_smpdb_SMP00517.sbgn,pathwayCommons,http://identifiers.org/smpdb/SMP00517,smpdb,SMP00517,Carnitine-acylcarnitine translocase deficiency,pathwayCommons,pathwayCommons
http___identifiers.org_smpdb_SMP00518.sbgn,pathwayCommons,http://identifiers.org/smpdb/SMP00518,smpdb,SMP00518,Glucose-6-phosphate dehydrogenase deficiency,pathwayCommons,pathwayCommons
http___identifiers.org_smpdb_SMP00519.sbgn,pathwayCommons,http://identifiers.org/smpdb/SMP00519,smpdb,SMP00519,Ribose-5-phosphate isomerase deficiency,pathwayCommons,pathwayCommons
http___identifiers.org_smpdb_SMP00520.sbgn,pathwayCommons,http://identifiers.org/smpdb/SMP00520,smpdb,SMP00520,Transaldolase deficiency,pathwayCommons,pathwayCommons
http___identifiers.org_smpdb_SMP00521.sbgn,pathwayCommons,http://identifiers.org/smpdb/SMP00521,smpdb,SMP00521,3-hydroxyisobutyric acid dehydrogenase deficiency,pathwayCommons,pathwayCommons
http___identifiers.org_smpdb_SMP00522.sbgn,pathwayCommons,http://identifiers.org/smpdb/SMP00522,smpdb,SMP00522,3-hydroxyisobutyric aciduria,pathwayCommons,pathwayCommons
http___identifiers.org_smpdb_SMP00523.sbgn,pathwayCommons,http://identifiers.org/smpdb/SMP00523,smpdb,SMP00523,Isobutyryl-coa dehydrogenase deficiency,pathwayCommons,pathwayCommons
http___identifiers.org_smpdb_SMP00524.sbgn,pathwayCommons,http://identifiers.org/smpdb/SMP00524,smpdb,SMP00524,Isovaleric acidemia,pathwayCommons,pathwayCommons
http___identifiers.org_smpdb_SMP00525.sbgn,pathwayCommons,http://identifiers.org/smpdb/SMP00525,smpdb,SMP00525,Fabry disease,pathwayCommons,pathwayCommons
http___identifiers.org_smpdb_SMP00526.sbgn,pathwayCommons,http://identifiers.org/smpdb/SMP00526,smpdb,SMP00526,Krabbe disease,pathwayCommons,pathwayCommons
http___identifiers.org_smpdb_SMP00527.sbgn,pathwayCommons,http://identifiers.org/smpdb/SMP00527,smpdb,SMP00527,"""Hyperlysinemia I, Familial""",pathwayCommons,pathwayCommons
http___identifiers.org_smpdb_SMP00528.sbgn,pathwayCommons,http://identifiers.org/smpdb/SMP00528,smpdb,SMP00528,Hyperlysinemia II or Saccharopinuria,pathwayCommons,pathwayCommons
http___identifiers.org_smpdb_SMP00529.sbgn,pathwayCommons,http://identifiers.org/smpdb/SMP00529,smpdb,SMP00529,D-glyceric acidura,pathwayCommons,pathwayCommons
http___identifiers.org_smpdb_SMP00530.sbgn,pathwayCommons,http://identifiers.org/smpdb/SMP00530,smpdb,SMP00530,Familial lipoprotein lipase deficiency,pathwayCommons,pathwayCommons
http___identifiers.org_smpdb_SMP00531.sbgn,pathwayCommons,http://identifiers.org/smpdb/SMP00531,smpdb,SMP00531,"""Glycogenosis, Type VII. Tarui disease""",pathwayCommons,pathwayCommons
http___identifiers.org_smpdb_SMP00532.sbgn,pathwayCommons,http://identifiers.org/smpdb/SMP00532,smpdb,SMP00532,Sulfite oxidase deficiency,pathwayCommons,pathwayCommons
http___identifiers.org_smpdb_SMP00533.sbgn,pathwayCommons,http://identifiers.org/smpdb/SMP00533,smpdb,SMP00533,Monoamine oxidase-a deficiency (MAO-A),pathwayCommons,pathwayCommons
http___identifiers.org_smpdb_SMP00534.sbgn,pathwayCommons,http://identifiers.org/smpdb/SMP00534,smpdb,SMP00534,"""G(M2)-Gangliosidosis: Variant B, Tay-sachs disease""",pathwayCommons,pathwayCommons
http___identifiers.org_smpdb_SMP00535.sbgn,pathwayCommons,http://identifiers.org/smpdb/SMP00535,smpdb,SMP00535,Adenine phosphoribosyltransferase deficiency (APRT),pathwayCommons,pathwayCommons
http___identifiers.org_smpdb_SMP00536.sbgn,pathwayCommons,http://identifiers.org/smpdb/SMP00536,smpdb,SMP00536,Mitochondrial DNA depletion syndrome,pathwayCommons,pathwayCommons
http___identifiers.org_smpdb_SMP00537.sbgn,pathwayCommons,http://identifiers.org/smpdb/SMP00537,smpdb,SMP00537,Myoadenylate deaminase deficiency,pathwayCommons,pathwayCommons
http___identifiers.org_smpdb_SMP00538.sbgn,pathwayCommons,http://identifiers.org/smpdb/SMP00538,smpdb,SMP00538,Carnitine palmitoyl transferase deficiency (I),pathwayCommons,pathwayCommons
http___identifiers.org_smpdb_SMP00539.sbgn,pathwayCommons,http://identifiers.org/smpdb/SMP00539,smpdb,SMP00539,Long chain acyl-CoA dehydrogenase deficiency (LCAD),pathwayCommons,pathwayCommons
http___identifiers.org_smpdb_SMP00540.sbgn,pathwayCommons,http://identifiers.org/smpdb/SMP00540,smpdb,SMP00540,Very-long-chain acyl coa dehydrogenase deficiency (VLCAD),pathwayCommons,pathwayCommons
http___identifiers.org_smpdb_SMP00541.sbgn,pathwayCommons,http://identifiers.org/smpdb/SMP00541,smpdb,SMP00541,Carnitine palmitoyl transferase deficiency (II),pathwayCommons,pathwayCommons
http___identifiers.org_smpdb_SMP00542.sbgn,pathwayCommons,http://identifiers.org/smpdb/SMP00542,smpdb,SMP00542,Medium chain acyl-coa dehydrogenase deficiency (MCAD),pathwayCommons,pathwayCommons
http___identifiers.org_smpdb_SMP00543.sbgn,pathwayCommons,http://identifiers.org/smpdb/SMP00543,smpdb,SMP00543,Methylenetetrahydrofolate Reductase Deficiency (MTHFRD),pathwayCommons,pathwayCommons
http___identifiers.org_smpdb_SMP00544.sbgn,pathwayCommons,http://identifiers.org/smpdb/SMP00544,smpdb,SMP00544,Long-chain-3-hydroxyacyl-coa dehydrogenase deficiency (LCHAD),pathwayCommons,pathwayCommons
http___identifiers.org_smpdb_SMP00545.sbgn,pathwayCommons,http://identifiers.org/smpdb/SMP00545,smpdb,SMP00545,Trifunctional protein deficiency,pathwayCommons,pathwayCommons
http___identifiers.org_smpdb_SMP00546.sbgn,pathwayCommons,http://identifiers.org/smpdb/SMP00546,smpdb,SMP00546,Congenital lactic acidosis,pathwayCommons,pathwayCommons
http___identifiers.org_smpdb_SMP00547.sbgn,pathwayCommons,http://identifiers.org/smpdb/SMP00547,smpdb,SMP00547,Fumarase deficiency,pathwayCommons,pathwayCommons
http___identifiers.org_smpdb_SMP00548.sbgn,pathwayCommons,http://identifiers.org/smpdb/SMP00548,smpdb,SMP00548,Mitochondrial complex II deficiency,pathwayCommons,pathwayCommons
http___identifiers.org_smpdb_SMP00549.sbgn,pathwayCommons,http://identifiers.org/smpdb/SMP00549,smpdb,SMP00549,2-ketoglutarate dehydrogenase complex deficiency,pathwayCommons,pathwayCommons
http___identifiers.org_smpdb_SMP00550.sbgn,pathwayCommons,http://identifiers.org/smpdb/SMP00550,smpdb,SMP00550,Pyruvate dehydrogenase deficiency (E3),pathwayCommons,pathwayCommons
http___identifiers.org_smpdb_SMP00551.sbgn,pathwayCommons,http://identifiers.org/smpdb/SMP00551,smpdb,SMP00551,Pyruvate dehydrogenase deficiency (E2),pathwayCommons,pathwayCommons
http___identifiers.org_smpdb_SMP00552.sbgn,pathwayCommons,http://identifiers.org/smpdb/SMP00552,smpdb,SMP00552,Glycogen synthetase deficiency,pathwayCommons,pathwayCommons
http___identifiers.org_smpdb_SMP00553.sbgn,pathwayCommons,http://identifiers.org/smpdb/SMP00553,smpdb,SMP00553,"""Glycogenosis, Type III. Cori disease, Debrancher glycogenosis""",pathwayCommons,pathwayCommons
http___identifiers.org_smpdb_SMP00554.sbgn,pathwayCommons,http://identifiers.org/smpdb/SMP00554,smpdb,SMP00554,"""Glycogenosis, Type IV. Amylopectinosis, Anderson disease""",pathwayCommons,pathwayCommons
http___identifiers.org_smpdb_SMP00555.sbgn,pathwayCommons,http://identifiers.org/smpdb/SMP00555,smpdb,SMP00555,"""Glycogenosis, Type VI. Hers disease""",pathwayCommons,pathwayCommons
http___identifiers.org_smpdb_SMP00556.sbgn,pathwayCommons,http://identifiers.org/smpdb/SMP00556,smpdb,SMP00556,Mucopolysaccharidosis VI. Sly syndrome,pathwayCommons,pathwayCommons
http___identifiers.org_smpdb_SMP00557.sbgn,pathwayCommons,http://identifiers.org/smpdb/SMP00557,smpdb,SMP00557,Sucrase-isomaltase deficiency,pathwayCommons,pathwayCommons
http___identifiers.org_smpdb_SMP00558.sbgn,pathwayCommons,http://identifiers.org/smpdb/SMP00558,smpdb,SMP00558,"""Primary hyperoxaluria II, PH2""",pathwayCommons,pathwayCommons
http___identifiers.org_smpdb_SMP00559.sbgn,pathwayCommons,http://identifiers.org/smpdb/SMP00559,smpdb,SMP00559,Pyruvate kinase deficiency,pathwayCommons,pathwayCommons
http___identifiers.org_smpdb_SMP00560.sbgn,pathwayCommons,http://identifiers.org/smpdb/SMP00560,smpdb,SMP00560,Phosphoenolpyruvate carboxykinase deficiency 1 (PEPCK1),pathwayCommons,pathwayCommons
http___identifiers.org_smpdb_SMP00561.sbgn,pathwayCommons,http://identifiers.org/smpdb/SMP00561,smpdb,SMP00561,Fructosuria,pathwayCommons,pathwayCommons
http___identifiers.org_smpdb_SMP00562.sbgn,pathwayCommons,http://identifiers.org/smpdb/SMP00562,smpdb,SMP00562,"""Fructose-1,6-diphosphatase deficiency""",pathwayCommons,pathwayCommons
http___identifiers.org_smpdb_SMP00563.sbgn,pathwayCommons,http://identifiers.org/smpdb/SMP00563,smpdb,SMP00563,Triosephosphate isomerase,pathwayCommons,pathwayCommons
http___identifiers.org_smpdb_SMP00564.sbgn,pathwayCommons,http://identifiers.org/smpdb/SMP00564,smpdb,SMP00564,"""Multiple carboxylase deficiency, neonatal or early onset form""",pathwayCommons,pathwayCommons
http___identifiers.org_smpdb_SMP00565.sbgn,pathwayCommons,http://identifiers.org/smpdb/SMP00565,smpdb,SMP00565,Aromatase deficiency,pathwayCommons,pathwayCommons
http___identifiers.org_smpdb_SMP00566.sbgn,pathwayCommons,http://identifiers.org/smpdb/SMP00566,smpdb,SMP00566,17-alpha-hydroxylase deficiency (CYP17),pathwayCommons,pathwayCommons
http___identifiers.org_smpdb_SMP00567.sbgn,pathwayCommons,http://identifiers.org/smpdb/SMP00567,smpdb,SMP00567,Succinic semialdehyde dehydrogenase deficiency,pathwayCommons,pathwayCommons
http___identifiers.org_smpdb_SMP00568.sbgn,pathwayCommons,http://identifiers.org/smpdb/SMP00568,smpdb,SMP00568,Short-chain 3-hydroxyacyl-CoA dehydrogenase deficiency (SCHAD),pathwayCommons,pathwayCommons
http___identifiers.org_smpdb_SMP00569.sbgn,pathwayCommons,http://identifiers.org/smpdb/SMP00569,smpdb,SMP00569,Succinyl CoA: 3-ketoacid CoA transferase deficiency,pathwayCommons,pathwayCommons
http___identifiers.org_smpdb_SMP00570.sbgn,pathwayCommons,http://identifiers.org/smpdb/SMP00570,smpdb,SMP00570,"""Homocystinuria-megaloblastic anemia due to defect in cobalamin metabolism, cblG complementation type""",pathwayCommons,pathwayCommons
http___identifiers.org_smpdb_SMP00571.sbgn,pathwayCommons,http://identifiers.org/smpdb/SMP00571,smpdb,SMP00571,Pyridoxine dependency with seizures,pathwayCommons,pathwayCommons
http___identifiers.org_smpdb_SMP00572.sbgn,pathwayCommons,http://identifiers.org/smpdb/SMP00572,smpdb,SMP00572,Fanconi-bickel syndrome,pathwayCommons,pathwayCommons
http___identifiers.org_smpdb_SMP00573.sbgn,pathwayCommons,http://identifiers.org/smpdb/SMP00573,smpdb,SMP00573,"""Glycogenosis, Type IB""",pathwayCommons,pathwayCommons
http___identifiers.org_smpdb_SMP00574.sbgn,pathwayCommons,http://identifiers.org/smpdb/SMP00574,smpdb,SMP00574,"""Glycogenosis, Type IC""",pathwayCommons,pathwayCommons
http___identifiers.org_smpdb_SMP00575.sbgn,pathwayCommons,http://identifiers.org/smpdb/SMP00575,smpdb,SMP00575,11-beta-hydroxylase deficiency (CYP11B1),pathwayCommons,pathwayCommons
http___identifiers.org_smpdb_SMP00576.sbgn,pathwayCommons,http://identifiers.org/smpdb/SMP00576,smpdb,SMP00576,21-hydroxylase deficiency (CYP21),pathwayCommons,pathwayCommons
http___identifiers.org_smpdb_SMP00577.sbgn,pathwayCommons,http://identifiers.org/smpdb/SMP00577,smpdb,SMP00577,Corticosterone methyl oxidase I deficiency (CMO I),pathwayCommons,pathwayCommons
http___identifiers.org_smpdb_SMP00578.sbgn,pathwayCommons,http://identifiers.org/smpdb/SMP00578,smpdb,SMP00578,Corticosterone methyl oxidase II deficiency - CMO II,pathwayCommons,pathwayCommons
http___identifiers.org_smpdb_SMP00579.sbgn,pathwayCommons,http://identifiers.org/smpdb/SMP00579,smpdb,SMP00579,Congenital disorder of glycosylation CDG-IId,pathwayCommons,pathwayCommons
http___identifiers.org_smpdb_SMP00580.sbgn,pathwayCommons,http://identifiers.org/smpdb/SMP00580,smpdb,SMP00580,GLUT-1 deficiency syndrome,pathwayCommons,pathwayCommons
http___identifiers.org_smpdb_SMP00581.sbgn,pathwayCommons,http://identifiers.org/smpdb/SMP00581,smpdb,SMP00581,"""Glycogenosis, Type IA. Von gierke disease""",pathwayCommons,pathwayCommons
http___identifiers.org_smpdb_SMP00582.sbgn,pathwayCommons,http://identifiers.org/smpdb/SMP00582,smpdb,SMP00582,Joubert syndrome,pathwayCommons,pathwayCommons
http___identifiers.org_smpdb_SMP00583.sbgn,pathwayCommons,http://identifiers.org/smpdb/SMP00583,smpdb,SMP00583,Blue diaper syndrome,pathwayCommons,pathwayCommons
http___identifiers.org_smpdb_SMP00585.sbgn,pathwayCommons,http://identifiers.org/smpdb/SMP00585,smpdb,SMP00585,Lysinuric protein intolerance (LPI),pathwayCommons,pathwayCommons
http___identifiers.org_smpdb_SMP00586.sbgn,pathwayCommons,http://identifiers.org/smpdb/SMP00586,smpdb,SMP00586,Coagulation ,pathwayCommons,pathwayCommons
http___identifiers.org_smpdb_SMP00587.sbgn,pathwayCommons,http://identifiers.org/smpdb/SMP00587,smpdb,SMP00587,Angiotensin Metabolism,pathwayCommons,pathwayCommons
http___identifiers.org_smpdb_SMP00588.sbgn,pathwayCommons,http://identifiers.org/smpdb/SMP00588,smpdb,SMP00588,Muscle/Heart Contraction,pathwayCommons,pathwayCommons
http___identifiers.org_smpdb_SMP00589.sbgn,pathwayCommons,http://identifiers.org/smpdb/SMP00589,smpdb,SMP00589,Gastric Acid Production,pathwayCommons,pathwayCommons
http___identifiers.org_smpdb_SMP00590.sbgn,pathwayCommons,http://identifiers.org/smpdb/SMP00590,smpdb,SMP00590,Ibuprofen Metabolism Pathway,pathwayCommons,pathwayCommons
http___identifiers.org_smpdb_SMP00591.sbgn,pathwayCommons,http://identifiers.org/smpdb/SMP00591,smpdb,SMP00591,Benazepril Metabolism Pathway,pathwayCommons,pathwayCommons
http___identifiers.org_smpdb_SMP00592.sbgn,pathwayCommons,http://identifiers.org/smpdb/SMP00592,smpdb,SMP00592,Cilazapril Metabolism Pathway,pathwayCommons,pathwayCommons
http___identifiers.org_smpdb_SMP00593.sbgn,pathwayCommons,http://identifiers.org/smpdb/SMP00593,smpdb,SMP00593,Enalapril Metabolism Pathway,pathwayCommons,pathwayCommons
http___identifiers.org_smpdb_SMP00594.sbgn,pathwayCommons,http://identifiers.org/smpdb/SMP00594,smpdb,SMP00594,Fosinopril Metabolism Pathway,pathwayCommons,pathwayCommons
http___identifiers.org_smpdb_SMP00595.sbgn,pathwayCommons,http://identifiers.org/smpdb/SMP00595,smpdb,SMP00595,Moexipril Metabolism Pathway,pathwayCommons,pathwayCommons
http___identifiers.org_smpdb_SMP00596.sbgn,pathwayCommons,http://identifiers.org/smpdb/SMP00596,smpdb,SMP00596,Quinapril Metabolism Pathway,pathwayCommons,pathwayCommons
http___identifiers.org_smpdb_SMP00597.sbgn,pathwayCommons,http://identifiers.org/smpdb/SMP00597,smpdb,SMP00597,Ramipril Metabolism Pathway,pathwayCommons,pathwayCommons
http___identifiers.org_smpdb_SMP00598.sbgn,pathwayCommons,http://identifiers.org/smpdb/SMP00598,smpdb,SMP00598,Spirapril Metabolism Pathway,pathwayCommons,pathwayCommons
http___identifiers.org_smpdb_SMP00599.sbgn,pathwayCommons,http://identifiers.org/smpdb/SMP00599,smpdb,SMP00599,Trandolapril Metabolism Pathway,pathwayCommons,pathwayCommons
http___identifiers.org_smpdb_SMP00600.sbgn,pathwayCommons,http://identifiers.org/smpdb/SMP00600,smpdb,SMP00600,Irinotecan Metabolism Pathway,pathwayCommons,pathwayCommons
http___identifiers.org_smpdb_SMP00601.sbgn,pathwayCommons,http://identifiers.org/smpdb/SMP00601,smpdb,SMP00601,Etoposide Metabolism Pathway,pathwayCommons,pathwayCommons
http___identifiers.org_smpdb_SMP00602.sbgn,pathwayCommons,http://identifiers.org/smpdb/SMP00602,smpdb,SMP00602,Teniposide Metabolism Pathway,pathwayCommons,pathwayCommons
http___identifiers.org_smpdb_SMP00603.sbgn,pathwayCommons,http://identifiers.org/smpdb/SMP00603,smpdb,SMP00603,Gemcitabine Metabolism Pathway,pathwayCommons,pathwayCommons
http___identifiers.org_smpdb_SMP00604.sbgn,pathwayCommons,http://identifiers.org/smpdb/SMP00604,smpdb,SMP00604,Cyclophosphamide Metabolism Pathway,pathwayCommons,pathwayCommons
http___identifiers.org_smpdb_SMP00605.sbgn,pathwayCommons,http://identifiers.org/smpdb/SMP00605,smpdb,SMP00605,Ifosfamide Metabolism Pathway,pathwayCommons,pathwayCommons
http___identifiers.org_smpdb_SMP00606.sbgn,pathwayCommons,http://identifiers.org/smpdb/SMP00606,smpdb,SMP00606,Tamoxifen Metabolism Pathway,pathwayCommons,pathwayCommons
http___identifiers.org_smpdb_SMP00607.sbgn,pathwayCommons,http://identifiers.org/smpdb/SMP00607,smpdb,SMP00607,Capecitabine Metabolism Pathway,pathwayCommons,pathwayCommons
http___identifiers.org_smpdb_SMP00608.sbgn,pathwayCommons,http://identifiers.org/smpdb/SMP00608,smpdb,SMP00608,Fluorouracil Metabolism Pathway,pathwayCommons,pathwayCommons
http___identifiers.org_smpdb_SMP00609.sbgn,pathwayCommons,http://identifiers.org/smpdb/SMP00609,smpdb,SMP00609,Mercaptopurine Pathway,pathwayCommons,pathwayCommons
http___identifiers.org_smpdb_SMP00610.sbgn,pathwayCommons,http://identifiers.org/smpdb/SMP00610,smpdb,SMP00610,Clopidogrel Metabolism Pathway,pathwayCommons,pathwayCommons
http___identifiers.org_smpdb_SMP00611.sbgn,pathwayCommons,http://identifiers.org/smpdb/SMP00611,smpdb,SMP00611,Ticlopidine Metabolism Pathway,pathwayCommons,pathwayCommons
http___identifiers.org_smpdb_SMP00612.sbgn,pathwayCommons,http://identifiers.org/smpdb/SMP00612,smpdb,SMP00612,Esomeprazole Metabolism Pathway,pathwayCommons,pathwayCommons
http___identifiers.org_smpdb_SMP00613.sbgn,pathwayCommons,http://identifiers.org/smpdb/SMP00613,smpdb,SMP00613,Omeprazole Metabolism Pathway,pathwayCommons,pathwayCommons
http___identifiers.org_smpdb_SMP00614.sbgn,pathwayCommons,http://identifiers.org/smpdb/SMP00614,smpdb,SMP00614,Lansoprazole Metabolism Pathway,pathwayCommons,pathwayCommons
http___identifiers.org_smpdb_SMP00615.sbgn,pathwayCommons,http://identifiers.org/smpdb/SMP00615,smpdb,SMP00615,Pantoprazole Metabolism Pathway,pathwayCommons,pathwayCommons
http___identifiers.org_smpdb_SMP00616.sbgn,pathwayCommons,http://identifiers.org/smpdb/SMP00616,smpdb,SMP00616,Rabeprazole Metabolism Pathway,pathwayCommons,pathwayCommons
http___identifiers.org_smpdb_SMP00617.sbgn,pathwayCommons,http://identifiers.org/smpdb/SMP00617,smpdb,SMP00617,Cimetidine Metabolism Pathway,pathwayCommons,pathwayCommons
http___identifiers.org_smpdb_SMP00618.sbgn,pathwayCommons,http://identifiers.org/smpdb/SMP00618,smpdb,SMP00618,Fosphenytoin (Antiarrhythmic) Metabolism Pathway,pathwayCommons,pathwayCommons
http___identifiers.org_smpdb_SMP00619.sbgn,pathwayCommons,http://identifiers.org/smpdb/SMP00619,smpdb,SMP00619,Felodipine Metabolism Pathway,pathwayCommons,pathwayCommons
http___identifiers.org_smpdb_SMP00620.sbgn,pathwayCommons,http://identifiers.org/smpdb/SMP00620,smpdb,SMP00620,Lidocaine (Local Anaesthetic) Metabolism Pathway,pathwayCommons,pathwayCommons
http___identifiers.org_smpdb_SMP00621.sbgn,pathwayCommons,http://identifiers.org/smpdb/SMP00621,smpdb,SMP00621,Codeine Metabolism Pathway,pathwayCommons,pathwayCommons
http___identifiers.org_smpdb_SMP00622.sbgn,pathwayCommons,http://identifiers.org/smpdb/SMP00622,smpdb,SMP00622,Morphine Pathway,pathwayCommons,pathwayCommons
http___identifiers.org_smpdb_SMP00623.sbgn,pathwayCommons,http://identifiers.org/smpdb/SMP00623,smpdb,SMP00623,Heroin Metabolism Pathway,pathwayCommons,pathwayCommons
http___identifiers.org_smpdb_SMP00624.sbgn,pathwayCommons,http://identifiers.org/smpdb/SMP00624,smpdb,SMP00624,Methadone Metabolism Pathway,pathwayCommons,pathwayCommons
http___identifiers.org_smpdb_SMP00625.sbgn,pathwayCommons,http://identifiers.org/smpdb/SMP00625,smpdb,SMP00625,Imipramine Metabolism Pathway,pathwayCommons,pathwayCommons
http___identifiers.org_smpdb_SMP00626.sbgn,pathwayCommons,http://identifiers.org/smpdb/SMP00626,smpdb,SMP00626,Desipramine Metabolism Pathway,pathwayCommons,pathwayCommons
http___identifiers.org_smpdb_SMP00627.sbgn,pathwayCommons,http://identifiers.org/smpdb/SMP00627,smpdb,SMP00627,Citalopram Metabolism Pathway,pathwayCommons,pathwayCommons
http___identifiers.org_smpdb_SMP00628.sbgn,pathwayCommons,http://identifiers.org/smpdb/SMP00628,smpdb,SMP00628,Nicotine Metabolism Pathway,pathwayCommons,pathwayCommons
http___identifiers.org_smpdb_SMP00629.sbgn,pathwayCommons,http://identifiers.org/smpdb/SMP00629,smpdb,SMP00629,Adefovir Dipivoxil Metabolism Pathway,pathwayCommons,pathwayCommons
http___identifiers.org_smpdb_SMP00630.sbgn,pathwayCommons,http://identifiers.org/smpdb/SMP00630,smpdb,SMP00630,Tenofovir Metabolism Pathway,pathwayCommons,pathwayCommons
http___identifiers.org_smpdb_SMP00631.sbgn,pathwayCommons,http://identifiers.org/smpdb/SMP00631,smpdb,SMP00631,Prednisone Metabolism Pathway,pathwayCommons,pathwayCommons
http___identifiers.org_smpdb_SMP00632.sbgn,pathwayCommons,http://identifiers.org/smpdb/SMP00632,smpdb,SMP00632,Prednisolone Pathway,pathwayCommons,pathwayCommons
http___identifiers.org_smpdb_SMP00633.sbgn,pathwayCommons,http://identifiers.org/smpdb/SMP00633,smpdb,SMP00633,Felbamate Metabolism Pathway,pathwayCommons,pathwayCommons
http___identifiers.org_smpdb_SMP00634.sbgn,pathwayCommons,http://identifiers.org/smpdb/SMP00634,smpdb,SMP00634,Carbamazepine Metabolism Pathway,pathwayCommons,pathwayCommons
http___identifiers.org_smpdb_SMP00635.sbgn,pathwayCommons,http://identifiers.org/smpdb/SMP00635,smpdb,SMP00635,Valproic Acid Metabolism Pathway,pathwayCommons,pathwayCommons
http___identifiers.org_smpdb_SMP00636.sbgn,pathwayCommons,http://identifiers.org/smpdb/SMP00636,smpdb,SMP00636,Venlafaxine Metabolism Pathway,pathwayCommons,pathwayCommons
http___identifiers.org_smpdb_SMP00637.sbgn,pathwayCommons,http://identifiers.org/smpdb/SMP00637,smpdb,SMP00637,Tramadol Metabolism Pathway,pathwayCommons,pathwayCommons
http___identifiers.org_smpdb_SMP00638.sbgn,pathwayCommons,http://identifiers.org/smpdb/SMP00638,smpdb,SMP00638,Levomethadyl Acetate Metabolism Pathway,pathwayCommons,pathwayCommons
http___identifiers.org_smpdb_SMP00639.sbgn,pathwayCommons,http://identifiers.org/smpdb/SMP00639,smpdb,SMP00639,Clomipramine Metabolism Pathway,pathwayCommons,pathwayCommons
http___identifiers.org_smpdb_SMP00640.sbgn,pathwayCommons,http://identifiers.org/smpdb/SMP00640,smpdb,SMP00640,Acetaminophen Metabolism Pathway,pathwayCommons,pathwayCommons
http___identifiers.org_smpdb_SMP00641.sbgn,pathwayCommons,http://identifiers.org/smpdb/SMP00641,smpdb,SMP00641,Doxepin Metabolism Pathway,pathwayCommons,pathwayCommons
http___identifiers.org_smpdb_SMP00642.sbgn,pathwayCommons,http://identifiers.org/smpdb/SMP00642,smpdb,SMP00642,Nevirapine Metabolism Pathway,pathwayCommons,pathwayCommons
http___identifiers.org_smpdb_SMP00643.sbgn,pathwayCommons,http://identifiers.org/smpdb/SMP00643,smpdb,SMP00643,Pancreas Function,pathwayCommons,pathwayCommons
http___identifiers.org_smpdb_SMP00644.sbgn,pathwayCommons,http://identifiers.org/smpdb/SMP00644,smpdb,SMP00644,Celecoxib Metabolism Pathway,pathwayCommons,pathwayCommons
http___identifiers.org_smpdb_SMP00645.sbgn,pathwayCommons,http://identifiers.org/smpdb/SMP00645,smpdb,SMP00645,Azathioprine Metabolism Pathway,pathwayCommons,pathwayCommons
http___identifiers.org_smpdb_SMP00646.sbgn,pathwayCommons,http://identifiers.org/smpdb/SMP00646,smpdb,SMP00646,Fluoxetine Metabolism Pathway,pathwayCommons,pathwayCommons
http___identifiers.org_smpdb_SMP00647.sbgn,pathwayCommons,http://identifiers.org/smpdb/SMP00647,smpdb,SMP00647,Thioguanine Metabolism Pathway,pathwayCommons,pathwayCommons
http___identifiers.org_smpdb_SMP00648.sbgn,pathwayCommons,http://identifiers.org/smpdb/SMP00648,smpdb,SMP00648,Sorafenib Metabolism Pathway,pathwayCommons,pathwayCommons
http___identifiers.org_smpdb_SMP00649.sbgn,pathwayCommons,http://identifiers.org/smpdb/SMP00649,smpdb,SMP00649,Lamivudine Metabolism Pathway,pathwayCommons,pathwayCommons
http___identifiers.org_smpdb_SMP00650.sbgn,pathwayCommons,http://identifiers.org/smpdb/SMP00650,smpdb,SMP00650,Doxorubicin Metabolism Pathway,pathwayCommons,pathwayCommons
http___identifiers.org_smpdb_SMP00651.sbgn,pathwayCommons,http://identifiers.org/smpdb/SMP00651,smpdb,SMP00651,Artemether Metabolism Pathway,pathwayCommons,pathwayCommons
http___identifiers.org_smpdb_SMP00652.sbgn,pathwayCommons,http://identifiers.org/smpdb/SMP00652,smpdb,SMP00652,Mycophenolic Acid Metabolism Pathway,pathwayCommons,pathwayCommons
http___identifiers.org_smpdb_SMP00653.sbgn,pathwayCommons,http://identifiers.org/smpdb/SMP00653,smpdb,SMP00653,Rosiglitazone Metabolism Pathway,pathwayCommons,pathwayCommons
http___identifiers.org_smpdb_SMP00654.sbgn,pathwayCommons,http://identifiers.org/smpdb/SMP00654,smpdb,SMP00654,Warburg Effect,pathwayCommons,pathwayCommons
http___identifiers.org_smpdb_SMP00655.sbgn,pathwayCommons,http://identifiers.org/smpdb/SMP00655,smpdb,SMP00655,Phenindione Action Pathway,pathwayCommons,pathwayCommons
http___identifiers.org_smpdb_SMP00656.sbgn,pathwayCommons,http://identifiers.org/smpdb/SMP00656,smpdb,SMP00656,Dicoumarol Action Pathway,pathwayCommons,pathwayCommons
http___identifiers.org_smpdb_SMP00657.sbgn,pathwayCommons,http://identifiers.org/smpdb/SMP00657,smpdb,SMP00657,Bopindolol Action Pathway,pathwayCommons,pathwayCommons
http___identifiers.org_smpdb_SMP00658.sbgn,pathwayCommons,http://identifiers.org/smpdb/SMP00658,smpdb,SMP00658,Carteolol Action Pathway,pathwayCommons,pathwayCommons
http___identifiers.org_smpdb_SMP00659.sbgn,pathwayCommons,http://identifiers.org/smpdb/SMP00659,smpdb,SMP00659,Timolol Action Pathway,pathwayCommons,pathwayCommons
http___identifiers.org_smpdb_SMP00660.sbgn,pathwayCommons,http://identifiers.org/smpdb/SMP00660,smpdb,SMP00660,Sotalol Action Pathway,pathwayCommons,pathwayCommons
http___identifiers.org_smpdb_SMP00661.sbgn,pathwayCommons,http://identifiers.org/smpdb/SMP00661,smpdb,SMP00661,Epinephrine Action Pathway,pathwayCommons,pathwayCommons
http___identifiers.org_smpdb_SMP00662.sbgn,pathwayCommons,http://identifiers.org/smpdb/SMP00662,smpdb,SMP00662,Dobutamine Action Pathway,pathwayCommons,pathwayCommons
http___identifiers.org_smpdb_SMP00663.sbgn,pathwayCommons,http://identifiers.org/smpdb/SMP00663,smpdb,SMP00663,Isoprenaline Action Pathway,pathwayCommons,pathwayCommons
http___identifiers.org_smpdb_SMP00664.sbgn,pathwayCommons,http://identifiers.org/smpdb/SMP00664,smpdb,SMP00664,Arbutamine Action Pathway,pathwayCommons,pathwayCommons
http___identifiers.org_smpdb_SMP00665.sbgn,pathwayCommons,http://identifiers.org/smpdb/SMP00665,smpdb,SMP00665,Amiodarone Action Pathway,pathwayCommons,pathwayCommons
http___identifiers.org_smpdb_SMP00666.sbgn,pathwayCommons,http://identifiers.org/smpdb/SMP00666,smpdb,SMP00666,Levobunolol Action Pathway,pathwayCommons,pathwayCommons
http___identifiers.org_smpdb_SMP00667.sbgn,pathwayCommons,http://identifiers.org/smpdb/SMP00667,smpdb,SMP00667,Metipranolol Action Pathway,pathwayCommons,pathwayCommons
http___identifiers.org_smpdb_SMP00668.sbgn,pathwayCommons,http://identifiers.org/smpdb/SMP00668,smpdb,SMP00668,Bevantolol Action Pathway,pathwayCommons,pathwayCommons
http___identifiers.org_smpdb_SMP00669.sbgn,pathwayCommons,http://identifiers.org/smpdb/SMP00669,smpdb,SMP00669,Practolol Action Pathway,pathwayCommons,pathwayCommons
http___identifiers.org_smpdb_SMP00670.sbgn,pathwayCommons,http://identifiers.org/smpdb/SMP00670,smpdb,SMP00670,Bupranolol Action Pathway,pathwayCommons,pathwayCommons
http___identifiers.org_smpdb_SMP00671.sbgn,pathwayCommons,http://identifiers.org/smpdb/SMP00671,smpdb,SMP00671,Tramadol Action Action Pathway,pathwayCommons,pathwayCommons
http___identifiers.org_smpdb_SMP00672.sbgn,pathwayCommons,http://identifiers.org/smpdb/SMP00672,smpdb,SMP00672,Propoxyphene Action Pathway,pathwayCommons,pathwayCommons
http___identifiers.org_smpdb_SMP00673.sbgn,pathwayCommons,http://identifiers.org/smpdb/SMP00673,smpdb,SMP00673,Levorphanol Action Pathway,pathwayCommons,pathwayCommons
http___identifiers.org_smpdb_SMP00674.sbgn,pathwayCommons,http://identifiers.org/smpdb/SMP00674,smpdb,SMP00674,Anileridine Action Pathway,pathwayCommons,pathwayCommons
http___identifiers.org_smpdb_SMP00675.sbgn,pathwayCommons,http://identifiers.org/smpdb/SMP00675,smpdb,SMP00675,Diphenoxylate Action Pathway,pathwayCommons,pathwayCommons
http___identifiers.org_smpdb_SMP00676.sbgn,pathwayCommons,http://identifiers.org/smpdb/SMP00676,smpdb,SMP00676,Dezocine Action Pathway,pathwayCommons,pathwayCommons
http___identifiers.org_smpdb_SMP00677.sbgn,pathwayCommons,http://identifiers.org/smpdb/SMP00677,smpdb,SMP00677,Levomethadyl Acetate Action Action Pathway,pathwayCommons,pathwayCommons
http___identifiers.org_smpdb_SMP00678.sbgn,pathwayCommons,http://identifiers.org/smpdb/SMP00678,smpdb,SMP00678,Methadyl Acetate Action Pathway,pathwayCommons,pathwayCommons
http___identifiers.org_smpdb_SMP00679.sbgn,pathwayCommons,http://identifiers.org/smpdb/SMP00679,smpdb,SMP00679,3-Methylthiofentanyl Action Pathway,pathwayCommons,pathwayCommons
http___identifiers.org_smpdb_SMP00680.sbgn,pathwayCommons,http://identifiers.org/smpdb/SMP00680,smpdb,SMP00680,Dimethylthiambutene Action Pathway,pathwayCommons,pathwayCommons
http___identifiers.org_smpdb_SMP00681.sbgn,pathwayCommons,http://identifiers.org/smpdb/SMP00681,smpdb,SMP00681,Ethylmorphine Action Pathway,pathwayCommons,pathwayCommons
http___identifiers.org_smpdb_SMP00682.sbgn,pathwayCommons,http://identifiers.org/smpdb/SMP00682,smpdb,SMP00682,Leucine Stimulation on Insulin Signaling,pathwayCommons,pathwayCommons
http___identifiers.org_smpdb_SMP00683.sbgn,pathwayCommons,http://identifiers.org/smpdb/SMP00683,smpdb,SMP00683,Levallorphan Action Pathway,pathwayCommons,pathwayCommons
http___identifiers.org_smpdb_SMP00684.sbgn,pathwayCommons,http://identifiers.org/smpdb/SMP00684,smpdb,SMP00684,Buprenorphine Action Pathway,pathwayCommons,pathwayCommons
http___identifiers.org_smpdb_SMP00685.sbgn,pathwayCommons,http://identifiers.org/smpdb/SMP00685,smpdb,SMP00685,Alvimopan Action Pathway,pathwayCommons,pathwayCommons
http___identifiers.org_smpdb_SMP00686.sbgn,pathwayCommons,http://identifiers.org/smpdb/SMP00686,smpdb,SMP00686,Pentazocine Action Pathway,pathwayCommons,pathwayCommons
http___identifiers.org_smpdb_SMP00687.sbgn,pathwayCommons,http://identifiers.org/smpdb/SMP00687,smpdb,SMP00687,Naltrexone Action Pathway,pathwayCommons,pathwayCommons
http___identifiers.org_smpdb_SMP00688.sbgn,pathwayCommons,http://identifiers.org/smpdb/SMP00688,smpdb,SMP00688,Naloxone Action Pathway,pathwayCommons,pathwayCommons
http___identifiers.org_smpdb_SMP00689.sbgn,pathwayCommons,http://identifiers.org/smpdb/SMP00689,smpdb,SMP00689,Dihydromorphine Action Pathway,pathwayCommons,pathwayCommons
http___identifiers.org_smpdb_SMP00690.sbgn,pathwayCommons,http://identifiers.org/smpdb/SMP00690,smpdb,SMP00690,Ketobemidone Action Pathway,pathwayCommons,pathwayCommons
http___identifiers.org_smpdb_SMP00691.sbgn,pathwayCommons,http://identifiers.org/smpdb/SMP00691,smpdb,SMP00691,Nalbuphine Action Pathway,pathwayCommons,pathwayCommons
http___identifiers.org_smpdb_SMP00692.sbgn,pathwayCommons,http://identifiers.org/smpdb/SMP00692,smpdb,SMP00692,Antipyrine Action Pathway,pathwayCommons,pathwayCommons
http___identifiers.org_smpdb_SMP00693.sbgn,pathwayCommons,http://identifiers.org/smpdb/SMP00693,smpdb,SMP00693,Antrafenine Action Pathway,pathwayCommons,pathwayCommons
http___identifiers.org_smpdb_SMP00694.sbgn,pathwayCommons,http://identifiers.org/smpdb/SMP00694,smpdb,SMP00694,Carprofen Action Pathway,pathwayCommons,pathwayCommons
http___identifiers.org_smpdb_SMP00695.sbgn,pathwayCommons,http://identifiers.org/smpdb/SMP00695,smpdb,SMP00695,Etoricoxib Action Pathway,pathwayCommons,pathwayCommons
http___identifiers.org_smpdb_SMP00696.sbgn,pathwayCommons,http://identifiers.org/smpdb/SMP00696,smpdb,SMP00696,Fenoprofen Action Pathway,pathwayCommons,pathwayCommons
http___identifiers.org_smpdb_SMP00697.sbgn,pathwayCommons,http://identifiers.org/smpdb/SMP00697,smpdb,SMP00697,Flurbiprofen Action Pathway,pathwayCommons,pathwayCommons
http___identifiers.org_smpdb_SMP00698.sbgn,pathwayCommons,http://identifiers.org/smpdb/SMP00698,smpdb,SMP00698,Magnesium salicylate Action Pathway,pathwayCommons,pathwayCommons
http___identifiers.org_smpdb_SMP00699.sbgn,pathwayCommons,http://identifiers.org/smpdb/SMP00699,smpdb,SMP00699,Lumiracoxib Action Pathway,pathwayCommons,pathwayCommons
http___identifiers.org_smpdb_SMP00700.sbgn,pathwayCommons,http://identifiers.org/smpdb/SMP00700,smpdb,SMP00700,Lornoxicam Action Pathway,pathwayCommons,pathwayCommons
http___identifiers.org_smpdb_SMP00701.sbgn,pathwayCommons,http://identifiers.org/smpdb/SMP00701,smpdb,SMP00701,Phenylbutazone Action Pathway,pathwayCommons,pathwayCommons
http___identifiers.org_smpdb_SMP00702.sbgn,pathwayCommons,http://identifiers.org/smpdb/SMP00702,smpdb,SMP00702,Nepafenac Action Pathway,pathwayCommons,pathwayCommons
http___identifiers.org_smpdb_SMP00703.sbgn,pathwayCommons,http://identifiers.org/smpdb/SMP00703,smpdb,SMP00703,Trisalicylate-choline Action Pathway,pathwayCommons,pathwayCommons
http___identifiers.org_smpdb_SMP00704.sbgn,pathwayCommons,http://identifiers.org/smpdb/SMP00704,smpdb,SMP00704,Tolmetin Action Pathway,pathwayCommons,pathwayCommons
http___identifiers.org_smpdb_SMP00705.sbgn,pathwayCommons,http://identifiers.org/smpdb/SMP00705,smpdb,SMP00705,Tiaprofenic Acid Action Pathway,pathwayCommons,pathwayCommons
http___identifiers.org_smpdb_SMP00706.sbgn,pathwayCommons,http://identifiers.org/smpdb/SMP00706,smpdb,SMP00706,Tenoxicam Action Pathway,pathwayCommons,pathwayCommons
http___identifiers.org_smpdb_SMP00707.sbgn,pathwayCommons,http://identifiers.org/smpdb/SMP00707,smpdb,SMP00707,Salsalate Action Pathway,pathwayCommons,pathwayCommons
http___identifiers.org_smpdb_SMP00708.sbgn,pathwayCommons,http://identifiers.org/smpdb/SMP00708,smpdb,SMP00708,Salicylate-sodium Action Pathway,pathwayCommons,pathwayCommons
http___identifiers.org_smpdb_SMP00709.sbgn,pathwayCommons,http://identifiers.org/smpdb/SMP00709,smpdb,SMP00709,Salicylic Acid Action Pathway,pathwayCommons,pathwayCommons
http___identifiers.org_smpdb_SMP00710.sbgn,pathwayCommons,http://identifiers.org/smpdb/SMP00710,smpdb,SMP00710,Acetaminophen Action Pathway,pathwayCommons,pathwayCommons
http___identifiers.org_smpdb_SMP00711.sbgn,pathwayCommons,http://identifiers.org/smpdb/SMP00711,smpdb,SMP00711,Tobramycin Action Pathway,pathwayCommons,pathwayCommons
http___identifiers.org_smpdb_SMP00712.sbgn,pathwayCommons,http://identifiers.org/smpdb/SMP00712,smpdb,SMP00712,Tigecycline Action Pathway,pathwayCommons,pathwayCommons
http___identifiers.org_smpdb_SMP00713.sbgn,pathwayCommons,http://identifiers.org/smpdb/SMP00713,smpdb,SMP00713,Arbekacin Action Pathway,pathwayCommons,pathwayCommons
http___identifiers.org_smpdb_SMP00714.sbgn,pathwayCommons,http://identifiers.org/smpdb/SMP00714,smpdb,SMP00714,Paromomycin Action Pathway,pathwayCommons,pathwayCommons
http___identifiers.org_smpdb_SMP00715.sbgn,pathwayCommons,http://identifiers.org/smpdb/SMP00715,smpdb,SMP00715,Methylhistidine Metabolism,pathwayCommons,pathwayCommons
http___identifiers.org_smpdb_SMP00716.sbgn,pathwayCommons,http://identifiers.org/smpdb/SMP00716,smpdb,SMP00716,Thyroid hormone synthesis,pathwayCommons,pathwayCommons
http___identifiers.org_smpdb_SMP00717.sbgn,pathwayCommons,http://identifiers.org/smpdb/SMP00717,smpdb,SMP00717,Apparent mineralocorticoid excess syndrome,pathwayCommons,pathwayCommons
http___identifiers.org_smpdb_SMP00718.sbgn,pathwayCommons,http://identifiers.org/smpdb/SMP00718,smpdb,SMP00718,3-Beta-Hydroxysteroid Dehydrogenase Deficiency,pathwayCommons,pathwayCommons
http___identifiers.org_smpdb_SMP00719.sbgn,pathwayCommons,http://identifiers.org/smpdb/SMP00719,smpdb,SMP00719,2-aminoadipic 2-oxoadipic aciduria,pathwayCommons,pathwayCommons
http___identifiers.org_smpdb_SMP00720.sbgn,pathwayCommons,http://identifiers.org/smpdb/SMP00720,smpdb,SMP00720,27-Hydroxylase Deficiency,pathwayCommons,pathwayCommons
http___identifiers.org_smpdb_SMP00721.sbgn,pathwayCommons,http://identifiers.org/smpdb/SMP00721,smpdb,SMP00721,3-Phosphoglycerate dehydrogenase deficiency,pathwayCommons,pathwayCommons
http___identifiers.org_smpdb_SMP00722.sbgn,pathwayCommons,http://identifiers.org/smpdb/SMP00722,smpdb,SMP00722,"""Cystinosis, ocular nonnephropathic""",pathwayCommons,pathwayCommons
http___identifiers.org_smpdb_SMP00723.sbgn,pathwayCommons,http://identifiers.org/smpdb/SMP00723,smpdb,SMP00723,Cystinuria,pathwayCommons,pathwayCommons
http___identifiers.org_smpdb_SMP00724.sbgn,pathwayCommons,http://identifiers.org/smpdb/SMP00724,smpdb,SMP00724,"""Folate malabsorption, hereditary""",pathwayCommons,pathwayCommons
http___identifiers.org_smpdb_SMP00725.sbgn,pathwayCommons,http://identifiers.org/smpdb/SMP00725,smpdb,SMP00725,"""Fructose intolerance, hereditary""",pathwayCommons,pathwayCommons
http___identifiers.org_smpdb_SMP00726.sbgn,pathwayCommons,http://identifiers.org/smpdb/SMP00726,smpdb,SMP00726,Rolitetracycline Action Pathway,pathwayCommons,pathwayCommons
http___identifiers.org_smpdb_SMP00727.sbgn,pathwayCommons,http://identifiers.org/smpdb/SMP00727,smpdb,SMP00727,Methacycline Action Pathway,pathwayCommons,pathwayCommons
http___identifiers.org_smpdb_SMP00728.sbgn,pathwayCommons,http://identifiers.org/smpdb/SMP00728,smpdb,SMP00728,Lincomycin Action Pathway,pathwayCommons,pathwayCommons
http___identifiers.org_smpdb_SMP00729.sbgn,pathwayCommons,http://identifiers.org/smpdb/SMP00729,smpdb,SMP00729,Chloramphenicol Action Pathway,pathwayCommons,pathwayCommons
http___identifiers.org_smpdb_SMP00730.sbgn,pathwayCommons,http://identifiers.org/smpdb/SMP00730,smpdb,SMP00730,Troleandomycin Action Pathway,pathwayCommons,pathwayCommons
http___identifiers.org_smpdb_SMP00731.sbgn,pathwayCommons,http://identifiers.org/smpdb/SMP00731,smpdb,SMP00731,Josamycin Action Pathway,pathwayCommons,pathwayCommons
http___identifiers.org_smpdb_SMP00732.sbgn,pathwayCommons,http://identifiers.org/smpdb/SMP00732,smpdb,SMP00732,Temocapril Metabolism Pathway,pathwayCommons,pathwayCommons
http___identifiers.org_smpdb_SMP00733.sbgn,pathwayCommons,http://identifiers.org/smpdb/SMP00733,smpdb,SMP00733,Temocapril Action Pathway,pathwayCommons,pathwayCommons
http___identifiers.org_smpdb_SMP00734.sbgn,pathwayCommons,http://identifiers.org/smpdb/SMP00734,smpdb,SMP00734,Roxatidine acetate Action Pathway,pathwayCommons,pathwayCommons
http___identifiers.org_smpdb_SMP00735.sbgn,pathwayCommons,http://identifiers.org/smpdb/SMP00735,smpdb,SMP00735,Metiamide Action Pathway,pathwayCommons,pathwayCommons
http___identifiers.org_smpdb_SMP00736.sbgn,pathwayCommons,http://identifiers.org/smpdb/SMP00736,smpdb,SMP00736,Betazole Action Pathway,pathwayCommons,pathwayCommons
http___identifiers.org_smpdb_SMP00737.sbgn,pathwayCommons,http://identifiers.org/smpdb/SMP00737,smpdb,SMP00737,Abacavir Action Pathway,pathwayCommons,pathwayCommons
http___identifiers.org_smpdb_SMP00738.sbgn,pathwayCommons,http://identifiers.org/smpdb/SMP00738,smpdb,SMP00738,Delavirdine Action Pathway,pathwayCommons,pathwayCommons
http___identifiers.org_smpdb_SMP00739.sbgn,pathwayCommons,http://identifiers.org/smpdb/SMP00739,smpdb,SMP00739,Didanosine Action Pathway,pathwayCommons,pathwayCommons
http___identifiers.org_smpdb_SMP00740.sbgn,pathwayCommons,http://identifiers.org/smpdb/SMP00740,smpdb,SMP00740,Efavirenz Action Pathway,pathwayCommons,pathwayCommons
http___identifiers.org_smpdb_SMP00741.sbgn,pathwayCommons,http://identifiers.org/smpdb/SMP00741,smpdb,SMP00741,Emtricitabine Action Pathway,pathwayCommons,pathwayCommons
http___identifiers.org_smpdb_SMP00742.sbgn,pathwayCommons,http://identifiers.org/smpdb/SMP00742,smpdb,SMP00742,Lamivudine Action Pathway,pathwayCommons,pathwayCommons
http___identifiers.org_smpdb_SMP00743.sbgn,pathwayCommons,http://identifiers.org/smpdb/SMP00743,smpdb,SMP00743,Nevirapine Action Pathway,pathwayCommons,pathwayCommons
http___identifiers.org_smpdb_SMP00744.sbgn,pathwayCommons,http://identifiers.org/smpdb/SMP00744,smpdb,SMP00744,Rilpivirine Action Pathway,pathwayCommons,pathwayCommons
http___identifiers.org_smpdb_SMP00745.sbgn,pathwayCommons,http://identifiers.org/smpdb/SMP00745,smpdb,SMP00745,Stavudine Action Pathway,pathwayCommons,pathwayCommons
http___identifiers.org_smpdb_SMP00746.sbgn,pathwayCommons,http://identifiers.org/smpdb/SMP00746,smpdb,SMP00746,Zalcitabine Action Pathway,pathwayCommons,pathwayCommons
http___identifiers.org_smpdb_SMP00747.sbgn,pathwayCommons,http://identifiers.org/smpdb/SMP00747,smpdb,SMP00747,Zidovudine Action Pathway,pathwayCommons,pathwayCommons
http___identifiers.org_smpdb_SMP00751.sbgn,pathwayCommons,http://identifiers.org/smpdb/SMP00751,smpdb,SMP00751,G-Protein Signaling Cascade,pathwayCommons,pathwayCommons
http___identifiers.org_smpdb_SMP02291.sbgn,pathwayCommons,http://identifiers.org/smpdb/SMP02291,smpdb,SMP02291,The oncogenic action of 2-hydroxyglutarate,pathwayCommons,pathwayCommons
http___identifiers.org_smpdb_SMP02292.sbgn,pathwayCommons,http://identifiers.org/smpdb/SMP02292,smpdb,SMP02292,The oncogenic action of Succinate,pathwayCommons,pathwayCommons
http___identifiers.org_smpdb_SMP02295.sbgn,pathwayCommons,http://identifiers.org/smpdb/SMP02295,smpdb,SMP02295,The oncogenic action of Fumarate,pathwayCommons,pathwayCommons
http___identifiers.org_smpdb_SMP02298.sbgn,pathwayCommons,http://identifiers.org/smpdb/SMP02298,smpdb,SMP02298,Glutaminolysis and Cancer,pathwayCommons,pathwayCommons
http___identifiers.org_smpdb_SMP02313.sbgn,pathwayCommons,http://identifiers.org/smpdb/SMP02313,smpdb,SMP02313,sarcosine oncometabolite pathway ,pathwayCommons,pathwayCommons
http___identifiers.org_smpdb_SMP02358.sbgn,pathwayCommons,http://identifiers.org/smpdb/SMP02358,smpdb,SMP02358,The oncogenic action of L-2-hydroxyglutarate in Hydroxygluaricaciduria,pathwayCommons,pathwayCommons
http___identifiers.org_smpdb_SMP02359.sbgn,pathwayCommons,http://identifiers.org/smpdb/SMP02359,smpdb,SMP02359,The oncogenic action of D-2-hydroxyglutarate in Hydroxygluaricaciduria ,pathwayCommons,pathwayCommons
12DICHLORETHDEG-PWY.sbgn,MetaCyc,,MetaCyc,12DICHLORETHDEG-PWY,"1,2-dichloroethane degradation",metacyc.SBGN,metacyc.SBGN
14DICHLORBENZDEG-PWY.sbgn,MetaCyc,,MetaCyc,14DICHLORBENZDEG-PWY,"1,4-dichlorobenzene degradation",metacyc.SBGN,metacyc.SBGN
1CMET2-PWY.sbgn,MetaCyc,,MetaCyc,1CMET2-PWY,<i>N</i><sup>10</sup>-formyl-tetrahydrofolate biosynthesis,metacyc.SBGN,metacyc.SBGN
2AMINOBENZDEG-PWY.sbgn,MetaCyc,,MetaCyc,2AMINOBENZDEG-PWY,anthranilate degradation III (anaerobic),metacyc.SBGN,metacyc.SBGN
2ASDEG-PWY.sbgn,MetaCyc,,MetaCyc,2ASDEG-PWY,orthanilate degradation,metacyc.SBGN,metacyc.SBGN
2OXOBUTYRATECAT-PWY.sbgn,MetaCyc,,MetaCyc,2OXOBUTYRATECAT-PWY,2-oxobutanoate degradation II,metacyc.SBGN,metacyc.SBGN
2PHENDEG-PWY.sbgn,MetaCyc,,MetaCyc,2PHENDEG-PWY,phenylethylamine degradation I,metacyc.SBGN,metacyc.SBGN
3-HYDROXYPHENYLACETATE-DEGRADATION-PWY.sbgn,MetaCyc,,MetaCyc,3-HYDROXYPHENYLACETATE-DEGRADATION-PWY,4-hydroxyphenylacetate degradation,metacyc.SBGN,metacyc.SBGN
4-HYDROXYMANDELATE-DEGRADATION-PWY.sbgn,MetaCyc,,MetaCyc,4-HYDROXYMANDELATE-DEGRADATION-PWY,4-hydroxymandelate degradation,metacyc.SBGN,metacyc.SBGN
4AMINOBUTMETAB-PWY.sbgn,MetaCyc,,MetaCyc,4AMINOBUTMETAB-PWY,superpathway of 4-aminobutanoate degradation,metacyc.SBGN,metacyc.SBGN
4TOLCARBDEG-PWY.sbgn,MetaCyc,,MetaCyc,4TOLCARBDEG-PWY,4-toluenecarboxylate degradation,metacyc.SBGN,metacyc.SBGN
6-HYDROXYCINEOLE-DEGRADATION-PWY.sbgn,MetaCyc,,MetaCyc,6-HYDROXYCINEOLE-DEGRADATION-PWY,"1,8-cineole degradation",metacyc.SBGN,metacyc.SBGN
ACETATEUTIL-PWY.sbgn,MetaCyc,,MetaCyc,ACETATEUTIL-PWY,superpathway of acetate utilization and formation,metacyc.SBGN,metacyc.SBGN
ACETOACETATE-DEG-PWY.sbgn,MetaCyc,,MetaCyc,ACETOACETATE-DEG-PWY,acetoacetate degradation (to acetyl CoA),metacyc.SBGN,metacyc.SBGN
ADENOSYLHOMOCYSCAT-PWY.sbgn,MetaCyc,,MetaCyc,ADENOSYLHOMOCYSCAT-PWY,L-methionine salvage from L-homocysteine,metacyc.SBGN,metacyc.SBGN
AEROBACTINSYN-PWY.sbgn,MetaCyc,,MetaCyc,AEROBACTINSYN-PWY,aerobactin biosynthesis,metacyc.SBGN,metacyc.SBGN
ALACAT2-PWY.sbgn,MetaCyc,,MetaCyc,ALACAT2-PWY,L-alanine degradation II (to D-lactate),metacyc.SBGN,metacyc.SBGN
ALADEG-PWY.sbgn,MetaCyc,,MetaCyc,ALADEG-PWY,L-alanine degradation I,metacyc.SBGN,metacyc.SBGN
ALANINE-DEG3-PWY.sbgn,MetaCyc,,MetaCyc,ALANINE-DEG3-PWY,L-alanine degradation III,metacyc.SBGN,metacyc.SBGN
ALANINE-SYN2-PWY.sbgn,MetaCyc,,MetaCyc,ALANINE-SYN2-PWY,L-alanine biosynthesis II,metacyc.SBGN,metacyc.SBGN
ALANINE-VALINESYN-PWY.sbgn,MetaCyc,,MetaCyc,ALANINE-VALINESYN-PWY,L-alanine biosynthesis I,metacyc.SBGN,metacyc.SBGN
ALKANEMONOX-PWY.sbgn,MetaCyc,,MetaCyc,ALKANEMONOX-PWY,two-component alkanesulfonate monooxygenase,metacyc.SBGN,metacyc.SBGN
ALLANTOINDEG-PWY.sbgn,MetaCyc,,MetaCyc,ALLANTOINDEG-PWY,superpathway of allantoin degradation in yeast,metacyc.SBGN,metacyc.SBGN
AMMASSIM-PWY.sbgn,MetaCyc,,MetaCyc,AMMASSIM-PWY,ammonia assimilation cycle III,metacyc.SBGN,metacyc.SBGN
AMMOXID-PWY.sbgn,MetaCyc,,MetaCyc,AMMOXID-PWY,ammonia oxidation I (aerobic),metacyc.SBGN,metacyc.SBGN
ANAEROFRUCAT-PWY.sbgn,MetaCyc,,MetaCyc,ANAEROFRUCAT-PWY,homolactic fermentation,metacyc.SBGN,metacyc.SBGN
ANAGLYCOLYSIS-PWY.sbgn,MetaCyc,,MetaCyc,ANAGLYCOLYSIS-PWY,glycolysis III (from glucose),metacyc.SBGN,metacyc.SBGN
ANAPHENOXI-PWY.sbgn,MetaCyc,,MetaCyc,ANAPHENOXI-PWY,L-phenylalanine degradation II (anaerobic),metacyc.SBGN,metacyc.SBGN
ARABCAT-PWY.sbgn,MetaCyc,,MetaCyc,ARABCAT-PWY,L-arabinose degradation I,metacyc.SBGN,metacyc.SBGN
ARG-GLU-PWY.sbgn,MetaCyc,,MetaCyc,ARG-GLU-PWY,L-arginine degradation VII (arginase 3 pathway),metacyc.SBGN,metacyc.SBGN
ARG-PRO-PWY.sbgn,MetaCyc,,MetaCyc,ARG-PRO-PWY,L-arginine degradation VI (arginase 2 pathway),metacyc.SBGN,metacyc.SBGN
ARGASEDEG-PWY.sbgn,MetaCyc,,MetaCyc,ARGASEDEG-PWY,L-arginine degradation I (arginase pathway),metacyc.SBGN,metacyc.SBGN
ARGDEG-III-PWY.sbgn,MetaCyc,,MetaCyc,ARGDEG-III-PWY,L-arginine degradation IV (arginine decarboxylase/agmatine deiminase pathway),metacyc.SBGN,metacyc.SBGN
ARGDEG-IV-PWY.sbgn,MetaCyc,,MetaCyc,ARGDEG-IV-PWY,L-arginine degradation VIII (arginine oxidase pathway),metacyc.SBGN,metacyc.SBGN
ARGDEG-PWY.sbgn,MetaCyc,,MetaCyc,ARGDEG-PWY,"superpathway of L-arginine, putrescine, and 4-aminobutanoate degradation",metacyc.SBGN,metacyc.SBGN
ARGDEG-V-PWY.sbgn,MetaCyc,,MetaCyc,ARGDEG-V-PWY,L-arginine degradation X (arginine monooxygenase pathway),metacyc.SBGN,metacyc.SBGN
ARGDEGRAD-PWY.sbgn,MetaCyc,,MetaCyc,ARGDEGRAD-PWY,L-arginine degradation V (arginine deiminase pathway),metacyc.SBGN,metacyc.SBGN
ARGININE-SYN4-PWY.sbgn,MetaCyc,,MetaCyc,ARGININE-SYN4-PWY,L-ornithine biosynthesis II,metacyc.SBGN,metacyc.SBGN
ARGORNPROST-PWY.sbgn,MetaCyc,,MetaCyc,ARGORNPROST-PWY,"arginine, ornithine and proline interconversion",metacyc.SBGN,metacyc.SBGN
ARGSPECAT-PWY.sbgn,MetaCyc,,MetaCyc,ARGSPECAT-PWY,spermine biosynthesis,metacyc.SBGN,metacyc.SBGN
ARGSYN-PWY.sbgn,MetaCyc,,MetaCyc,ARGSYN-PWY,L-arginine biosynthesis I (via L-ornithine),metacyc.SBGN,metacyc.SBGN
ARGSYNBSUB-PWY.sbgn,MetaCyc,,MetaCyc,ARGSYNBSUB-PWY,L-arginine biosynthesis II (acetyl cycle),metacyc.SBGN,metacyc.SBGN
ARO-PWY.sbgn,MetaCyc,,MetaCyc,ARO-PWY,chorismate biosynthesis I,metacyc.SBGN,metacyc.SBGN
ASPARAGINE-BIOSYNTHESIS.sbgn,MetaCyc,,MetaCyc,ASPARAGINE-BIOSYNTHESIS,L-asparagine biosynthesis I,metacyc.SBGN,metacyc.SBGN
ASPARAGINE-DEG1-PWY.sbgn,MetaCyc,,MetaCyc,ASPARAGINE-DEG1-PWY,L-asparagine degradation I,metacyc.SBGN,metacyc.SBGN
ASPARAGINESYN-PWY.sbgn,MetaCyc,,MetaCyc,ASPARAGINESYN-PWY,L-asparagine biosynthesis II,metacyc.SBGN,metacyc.SBGN
ASPARTATE-DEG1-PWY.sbgn,MetaCyc,,MetaCyc,ASPARTATE-DEG1-PWY,L-aspartate degradation I,metacyc.SBGN,metacyc.SBGN
ASPARTATESYN-PWY.sbgn,MetaCyc,,MetaCyc,ASPARTATESYN-PWY,L-aspartate biosynthesis,metacyc.SBGN,metacyc.SBGN
ASPASN-PWY.sbgn,MetaCyc,,MetaCyc,ASPASN-PWY,superpathway of L-aspartate and L-asparagine biosynthesis,metacyc.SBGN,metacyc.SBGN
ASPSYNII-PWY.sbgn,MetaCyc,,MetaCyc,ASPSYNII-PWY,cyanide detoxification I,metacyc.SBGN,metacyc.SBGN
AST-PWY.sbgn,MetaCyc,,MetaCyc,AST-PWY,L-arginine degradation II (AST pathway),metacyc.SBGN,metacyc.SBGN
BENZCOA-PWY.sbgn,MetaCyc,,MetaCyc,BENZCOA-PWY,anaerobic aromatic compound degradation (<i>Thauera aromatica</i>),metacyc.SBGN,metacyc.SBGN
BETA-ALA-DEGRADATION-I-PWY.sbgn,MetaCyc,,MetaCyc,BETA-ALA-DEGRADATION-I-PWY,&beta;-alanine degradation I,metacyc.SBGN,metacyc.SBGN
BETSYN-PWY.sbgn,MetaCyc,,MetaCyc,BETSYN-PWY,glycine betaine biosynthesis I (Gram-negative bacteria),metacyc.SBGN,metacyc.SBGN
BGALACT-PWY.sbgn,MetaCyc,,MetaCyc,BGALACT-PWY,lactose degradation III,metacyc.SBGN,metacyc.SBGN
BIOTIN-BIOSYNTHESIS-PWY.sbgn,MetaCyc,,MetaCyc,BIOTIN-BIOSYNTHESIS-PWY,biotin biosynthesis I,metacyc.SBGN,metacyc.SBGN
BRANCHED-CHAIN-AA-SYN-PWY.sbgn,MetaCyc,,MetaCyc,BRANCHED-CHAIN-AA-SYN-PWY,superpathway of branched chain amino acid biosynthesis,metacyc.SBGN,metacyc.SBGN
BSUBPOLYAMSYN-PWY.sbgn,MetaCyc,,MetaCyc,BSUBPOLYAMSYN-PWY,spermidine biosynthesis I,metacyc.SBGN,metacyc.SBGN
CALVIN-PWY.sbgn,MetaCyc,,MetaCyc,CALVIN-PWY,Calvin-Benson-Bassham cycle,metacyc.SBGN,metacyc.SBGN
CAMALEXIN-SYN.sbgn,MetaCyc,,MetaCyc,CAMALEXIN-SYN,camalexin biosynthesis,metacyc.SBGN,metacyc.SBGN
CARNMET-PWY.sbgn,MetaCyc,,MetaCyc,CARNMET-PWY,L-carnitine degradation I,metacyc.SBGN,metacyc.SBGN
CAROTENOID-PWY.sbgn,MetaCyc,,MetaCyc,CAROTENOID-PWY,superpathway of carotenoid biosynthesis in plants,metacyc.SBGN,metacyc.SBGN
CATECHOL-ORTHO-CLEAVAGE-PWY.sbgn,MetaCyc,,MetaCyc,CATECHOL-ORTHO-CLEAVAGE-PWY,catechol degradation to &beta;-ketoadipate,metacyc.SBGN,metacyc.SBGN
CENTBENZCOA-PWY.sbgn,MetaCyc,,MetaCyc,CENTBENZCOA-PWY,benzoyl-CoA degradation II (anaerobic),metacyc.SBGN,metacyc.SBGN
CENTFERM-PWY.sbgn,MetaCyc,,MetaCyc,CENTFERM-PWY,pyruvate fermentation to butanoate,metacyc.SBGN,metacyc.SBGN
CHLOROPHYLL-SYN.sbgn,MetaCyc,,MetaCyc,CHLOROPHYLL-SYN,"3,8-divinyl-chlorophyllide <i>a</i> biosynthesis I (aerobic, light-dependent)",metacyc.SBGN,metacyc.SBGN
CHOLINE-BETAINE-ANA-PWY.sbgn,MetaCyc,,MetaCyc,CHOLINE-BETAINE-ANA-PWY,choline degradation I,metacyc.SBGN,metacyc.SBGN
CITRULBIO-PWY.sbgn,MetaCyc,,MetaCyc,CITRULBIO-PWY,L-citrulline biosynthesis,metacyc.SBGN,metacyc.SBGN
CITRULLINE-DEG-PWY.sbgn,MetaCyc,,MetaCyc,CITRULLINE-DEG-PWY,L-citrulline degradation,metacyc.SBGN,metacyc.SBGN
CO2FORM-PWY.sbgn,MetaCyc,,MetaCyc,CO2FORM-PWY,methanogenesis from methanol,metacyc.SBGN,metacyc.SBGN
COA-PWY.sbgn,MetaCyc,,MetaCyc,COA-PWY,coenzyme A biosynthesis I (prokaryotic),metacyc.SBGN,metacyc.SBGN
COBALSYN-PWY.sbgn,MetaCyc,,MetaCyc,COBALSYN-PWY,adenosylcobalamin salvage from cobinamide I,metacyc.SBGN,metacyc.SBGN
CODH-PWY.sbgn,MetaCyc,,MetaCyc,CODH-PWY,reductive acetyl coenzyme A pathway I (homoacetogenic bacteria),metacyc.SBGN,metacyc.SBGN
COLANSYN-PWY.sbgn,MetaCyc,,MetaCyc,COLANSYN-PWY,colanic acid building blocks biosynthesis,metacyc.SBGN,metacyc.SBGN
COMPLETE-ARO-PWY.sbgn,MetaCyc,,MetaCyc,COMPLETE-ARO-PWY,superpathway of aromatic amino acid biosynthesis,metacyc.SBGN,metacyc.SBGN
CRNFORCAT-PWY.sbgn,MetaCyc,,MetaCyc,CRNFORCAT-PWY,creatinine degradation I,metacyc.SBGN,metacyc.SBGN
CYANCAT-PWY.sbgn,MetaCyc,,MetaCyc,CYANCAT-PWY,cyanate degradation,metacyc.SBGN,metacyc.SBGN
CYCLOHEXANOL-OXIDATION-PWY.sbgn,MetaCyc,,MetaCyc,CYCLOHEXANOL-OXIDATION-PWY,cyclohexanol degradation,metacyc.SBGN,metacyc.SBGN
CYSTEINE-DEG-PWY.sbgn,MetaCyc,,MetaCyc,CYSTEINE-DEG-PWY,L-cysteine degradation I,metacyc.SBGN,metacyc.SBGN
CYSTSYN-PWY.sbgn,MetaCyc,,MetaCyc,CYSTSYN-PWY,L-cysteine biosynthesis I,metacyc.SBGN,metacyc.SBGN
DAPLYSINESYN-PWY.sbgn,MetaCyc,,MetaCyc,DAPLYSINESYN-PWY,L-lysine biosynthesis I,metacyc.SBGN,metacyc.SBGN
DARABCAT-PWY.sbgn,MetaCyc,,MetaCyc,DARABCAT-PWY,D-arabinose degradation II,metacyc.SBGN,metacyc.SBGN
DARABCATK12-PWY.sbgn,MetaCyc,,MetaCyc,DARABCATK12-PWY,D-arabinose degradation I,metacyc.SBGN,metacyc.SBGN
DARABITOLUTIL-PWY.sbgn,MetaCyc,,MetaCyc,DARABITOLUTIL-PWY,D-arabitol degradation,metacyc.SBGN,metacyc.SBGN
DENITRIFICATION-PWY.sbgn,MetaCyc,,MetaCyc,DENITRIFICATION-PWY,nitrate reduction I (denitrification),metacyc.SBGN,metacyc.SBGN
DENOVOPURINE2-PWY.sbgn,MetaCyc,,MetaCyc,DENOVOPURINE2-PWY,superpathway of purine nucleotides <i>de novo</i> biosynthesis II,metacyc.SBGN,metacyc.SBGN
DESULFONATION-PWY.sbgn,MetaCyc,,MetaCyc,DESULFONATION-PWY,benzenesulfonate degradation,metacyc.SBGN,metacyc.SBGN
DETOX1-PWY.sbgn,MetaCyc,,MetaCyc,DETOX1-PWY,superoxide radicals degradation,metacyc.SBGN,metacyc.SBGN
DHGLUCONATE-PYR-CAT-PWY.sbgn,MetaCyc,,MetaCyc,DHGLUCONATE-PYR-CAT-PWY,glucose degradation (oxidative),metacyc.SBGN,metacyc.SBGN
DISSULFRED-PWY.sbgn,MetaCyc,,MetaCyc,DISSULFRED-PWY,"sulfate reduction IV (dissimilatory, to hydrogen sufide))",metacyc.SBGN,metacyc.SBGN
DTDPRHAMSYN-PWY.sbgn,MetaCyc,,MetaCyc,DTDPRHAMSYN-PWY,dTDP-L-rhamnose biosynthesis I,metacyc.SBGN,metacyc.SBGN
ECASYN-PWY.sbgn,MetaCyc,,MetaCyc,ECASYN-PWY,enterobacterial common antigen biosynthesis,metacyc.SBGN,metacyc.SBGN
ENTBACSYN-PWY.sbgn,MetaCyc,,MetaCyc,ENTBACSYN-PWY,enterobactin biosynthesis,metacyc.SBGN,metacyc.SBGN
ENTNER-DOUDOROFF-PWY.sbgn,MetaCyc,,MetaCyc,ENTNER-DOUDOROFF-PWY,Entner-Doudoroff pathway I,metacyc.SBGN,metacyc.SBGN
ERGOSTEROL-SYN-PWY.sbgn,MetaCyc,,MetaCyc,ERGOSTEROL-SYN-PWY,superpathway of ergosterol biosynthesis I,metacyc.SBGN,metacyc.SBGN
ETHYL-PWY.sbgn,MetaCyc,,MetaCyc,ETHYL-PWY,ethylene biosynthesis I (plants),metacyc.SBGN,metacyc.SBGN
ETOH-ACETYLCOA-ANA-PWY.sbgn,MetaCyc,,MetaCyc,ETOH-ACETYLCOA-ANA-PWY,ethanol degradation I,metacyc.SBGN,metacyc.SBGN
FAO-PWY.sbgn,MetaCyc,,MetaCyc,FAO-PWY,fatty acid &beta;-oxidation I,metacyc.SBGN,metacyc.SBGN
FASYN-ELONG-PWY.sbgn,MetaCyc,,MetaCyc,FASYN-ELONG-PWY,fatty acid elongation -- saturated,metacyc.SBGN,metacyc.SBGN
FASYN-INITIAL-PWY.sbgn,MetaCyc,,MetaCyc,FASYN-INITIAL-PWY,superpathway of fatty acid biosynthesis initiation (E. coli),metacyc.SBGN,metacyc.SBGN
FESULFOX-PWY.sbgn,MetaCyc,,MetaCyc,FESULFOX-PWY,sulfur oxidation II (Fe<sup>+3</sup>-dependent),metacyc.SBGN,metacyc.SBGN
FLUORENE-DEG-9-ONE-PWY.sbgn,MetaCyc,,MetaCyc,FLUORENE-DEG-9-ONE-PWY,fluorene degradation I,metacyc.SBGN,metacyc.SBGN
FOLSYN-PWY.sbgn,MetaCyc,,MetaCyc,FOLSYN-PWY,superpathway of tetrahydrofolate biosynthesis and salvage,metacyc.SBGN,metacyc.SBGN
FORMASS-PWY.sbgn,MetaCyc,,MetaCyc,FORMASS-PWY,formaldehyde oxidation IV (thiol-independent),metacyc.SBGN,metacyc.SBGN
FUC-RHAMCAT-PWY.sbgn,MetaCyc,,MetaCyc,FUC-RHAMCAT-PWY,superpathway of fucose and rhamnose degradation,metacyc.SBGN,metacyc.SBGN
FUCCAT-PWY.sbgn,MetaCyc,,MetaCyc,FUCCAT-PWY,fucose degradation,metacyc.SBGN,metacyc.SBGN
GALACT-GLUCUROCAT-PWY.sbgn,MetaCyc,,MetaCyc,GALACT-GLUCUROCAT-PWY,superpathway of hexuronide and hexuronate degradation,metacyc.SBGN,metacyc.SBGN
GALACTARDEG-PWY.sbgn,MetaCyc,,MetaCyc,GALACTARDEG-PWY,D-galactarate degradation I,metacyc.SBGN,metacyc.SBGN
GALACTCAT-PWY.sbgn,MetaCyc,,MetaCyc,GALACTCAT-PWY,D-galactonate degradation,metacyc.SBGN,metacyc.SBGN
GALACTITOLCAT-PWY.sbgn,MetaCyc,,MetaCyc,GALACTITOLCAT-PWY,galactitol degradation,metacyc.SBGN,metacyc.SBGN
GALACTUROCAT-PWY.sbgn,MetaCyc,,MetaCyc,GALACTUROCAT-PWY,D-galacturonate degradation I,metacyc.SBGN,metacyc.SBGN
GALDEG-PWY.sbgn,MetaCyc,,MetaCyc,GALDEG-PWY,D-galactose degradation II,metacyc.SBGN,metacyc.SBGN
GALLATE-DEGRADATION-I-PWY.sbgn,MetaCyc,,MetaCyc,GALLATE-DEGRADATION-I-PWY,gallate degradation II,metacyc.SBGN,metacyc.SBGN
GALLATE-DEGRADATION-II-PWY.sbgn,MetaCyc,,MetaCyc,GALLATE-DEGRADATION-II-PWY,gallate degradation I,metacyc.SBGN,metacyc.SBGN
GAMMAHEXCHLORDEG-PWY.sbgn,MetaCyc,,MetaCyc,GAMMAHEXCHLORDEG-PWY,&gamma;-hexachlorocyclohexane degradation,metacyc.SBGN,metacyc.SBGN
GDPRHAMSYN-PWY.sbgn,MetaCyc,,MetaCyc,GDPRHAMSYN-PWY,GDP-D-rhamnose biosynthesis,metacyc.SBGN,metacyc.SBGN
GLCMANNANAUT-PWY.sbgn,MetaCyc,,MetaCyc,GLCMANNANAUT-PWY,"superpathway of <i>N</i>-acetylglucosamine, <i>N</i>-acetylmannosamine and <i>N</i>-acetylneuraminate degradation",metacyc.SBGN,metacyc.SBGN
GLNSYN-PWY.sbgn,MetaCyc,,MetaCyc,GLNSYN-PWY,L-glutamine biosynthesis I,metacyc.SBGN,metacyc.SBGN
GLUAMCAT-PWY.sbgn,MetaCyc,,MetaCyc,GLUAMCAT-PWY,<i>N</i>-acetylglucosamine degradation I,metacyc.SBGN,metacyc.SBGN
GLUCARDEG-PWY.sbgn,MetaCyc,,MetaCyc,GLUCARDEG-PWY,<i>D</i>-glucarate degradation I,metacyc.SBGN,metacyc.SBGN
GLUCARGALACTSUPER-PWY.sbgn,MetaCyc,,MetaCyc,GLUCARGALACTSUPER-PWY,superpathway of D-glucarate and D-galactarate degradation,metacyc.SBGN,metacyc.SBGN
GLUCONEO-PWY.sbgn,MetaCyc,,MetaCyc,GLUCONEO-PWY,gluconeogenesis I,metacyc.SBGN,metacyc.SBGN
GLUCONSUPER-PWY.sbgn,MetaCyc,,MetaCyc,GLUCONSUPER-PWY,D-gluconate degradation,metacyc.SBGN,metacyc.SBGN
GLUCOSE1PMETAB-PWY.sbgn,MetaCyc,,MetaCyc,GLUCOSE1PMETAB-PWY,glucose and glucose-1-phosphate degradation,metacyc.SBGN,metacyc.SBGN
GLUCUROCAT-PWY.sbgn,MetaCyc,,MetaCyc,GLUCUROCAT-PWY,superpathway of &beta;-D-glucuronosides degradation,metacyc.SBGN,metacyc.SBGN
GLUDEG-I-PWY.sbgn,MetaCyc,,MetaCyc,GLUDEG-I-PWY,GABA shunt,metacyc.SBGN,metacyc.SBGN
GLUDEG-II-PWY.sbgn,MetaCyc,,MetaCyc,GLUDEG-II-PWY,L-glutamate degradation VII (to butanoate),metacyc.SBGN,metacyc.SBGN
GLUGLNSYN-PWY.sbgn,MetaCyc,,MetaCyc,GLUGLNSYN-PWY,L-glutamate biosynthesis IV,metacyc.SBGN,metacyc.SBGN
GLUT-REDOX-PWY.sbgn,MetaCyc,,MetaCyc,GLUT-REDOX-PWY,glutathione-glutaredoxin redox reactions,metacyc.SBGN,metacyc.SBGN
GLUTAMATE-DEG1-PWY.sbgn,MetaCyc,,MetaCyc,GLUTAMATE-DEG1-PWY,L-glutamate degradation I,metacyc.SBGN,metacyc.SBGN
GLUTAMATE-SYN2-PWY.sbgn,MetaCyc,,MetaCyc,GLUTAMATE-SYN2-PWY,L-glutamate biosynthesis II,metacyc.SBGN,metacyc.SBGN
GLUTAMINDEG-PWY.sbgn,MetaCyc,,MetaCyc,GLUTAMINDEG-PWY,L-glutamine degradation I,metacyc.SBGN,metacyc.SBGN
GLUTAMINEFUM-PWY.sbgn,MetaCyc,,MetaCyc,GLUTAMINEFUM-PWY,L-glutamine degradation II,metacyc.SBGN,metacyc.SBGN
GLUTATHIONESYN-PWY.sbgn,MetaCyc,,MetaCyc,GLUTATHIONESYN-PWY,glutathione biosynthesis,metacyc.SBGN,metacyc.SBGN
GLUTDEG-PWY.sbgn,MetaCyc,,MetaCyc,GLUTDEG-PWY,L-glutamate degradation II,metacyc.SBGN,metacyc.SBGN
GLUTORN-PWY.sbgn,MetaCyc,,MetaCyc,GLUTORN-PWY,L-ornithine biosynthesis I,metacyc.SBGN,metacyc.SBGN
GLUTSYN-PWY.sbgn,MetaCyc,,MetaCyc,GLUTSYN-PWY,L-glutamate biosynthesis I,metacyc.SBGN,metacyc.SBGN
GLUTSYNIII-PWY.sbgn,MetaCyc,,MetaCyc,GLUTSYNIII-PWY,L-glutamate biosynthesis III,metacyc.SBGN,metacyc.SBGN
GLYCEROLMETAB-PWY.sbgn,MetaCyc,,MetaCyc,GLYCEROLMETAB-PWY,glycerol degradation V,metacyc.SBGN,metacyc.SBGN
GLYCGREAT-PWY.sbgn,MetaCyc,,MetaCyc,GLYCGREAT-PWY,creatine biosynthesis,metacyc.SBGN,metacyc.SBGN
GLYCINE-SYN2-PWY.sbgn,MetaCyc,,MetaCyc,GLYCINE-SYN2-PWY,glycine biosynthesis II,metacyc.SBGN,metacyc.SBGN
GLYCLEAV-PWY.sbgn,MetaCyc,,MetaCyc,GLYCLEAV-PWY,glycine cleavage,metacyc.SBGN,metacyc.SBGN
GLYCOCAT-PWY.sbgn,MetaCyc,,MetaCyc,GLYCOCAT-PWY,glycogen degradation I,metacyc.SBGN,metacyc.SBGN
GLYCOGENSYNTH-PWY.sbgn,MetaCyc,,MetaCyc,GLYCOGENSYNTH-PWY,glycogen biosynthesis I (from ADP-D-Glucose),metacyc.SBGN,metacyc.SBGN
GLYCOL-GLYOXDEG-PWY.sbgn,MetaCyc,,MetaCyc,GLYCOL-GLYOXDEG-PWY,superpathway of glycol metabolism and degradation,metacyc.SBGN,metacyc.SBGN
GLYCOLATEMET-PWY.sbgn,MetaCyc,,MetaCyc,GLYCOLATEMET-PWY,glycolate and glyoxylate degradation I,metacyc.SBGN,metacyc.SBGN
GLYCOLYSIS.sbgn,MetaCyc,,MetaCyc,GLYCOLYSIS,glycolysis I (from glucose 6-phosphate),metacyc.SBGN,metacyc.SBGN
GLYOXDEG-PWY.sbgn,MetaCyc,,MetaCyc,GLYOXDEG-PWY,glycolate and glyoxylate degradation II,metacyc.SBGN,metacyc.SBGN
GLYOXYLATE-BYPASS.sbgn,MetaCyc,,MetaCyc,GLYOXYLATE-BYPASS,glyoxylate cycle,metacyc.SBGN,metacyc.SBGN
GLYSYN-ALA-PWY.sbgn,MetaCyc,,MetaCyc,GLYSYN-ALA-PWY,glycine biosynthesis III,metacyc.SBGN,metacyc.SBGN
GLYSYN-PWY.sbgn,MetaCyc,,MetaCyc,GLYSYN-PWY,glycine biosynthesis I,metacyc.SBGN,metacyc.SBGN
GLYSYN-THR-PWY.sbgn,MetaCyc,,MetaCyc,GLYSYN-THR-PWY,glycine biosynthesis IV,metacyc.SBGN,metacyc.SBGN
GOLPDLCAT-PWY.sbgn,MetaCyc,,MetaCyc,GOLPDLCAT-PWY,"superpathway of glycerol degradation to 1,3-propanediol",metacyc.SBGN,metacyc.SBGN
HCAMHPDEG-PWY.sbgn,MetaCyc,,MetaCyc,HCAMHPDEG-PWY,3-phenylpropanoate and 3-(3-hydroxyphenyl)propanoate degradation to 2-oxopent-4-enoate,metacyc.SBGN,metacyc.SBGN
HEME-BIOSYNTHESIS-II.sbgn,MetaCyc,,MetaCyc,HEME-BIOSYNTHESIS-II,heme <i>b</i> biosynthesis I (aerobic),metacyc.SBGN,metacyc.SBGN
HEMESYN2-PWY.sbgn,MetaCyc,,MetaCyc,HEMESYN2-PWY,heme <i>b</i> biosynthesis II (anaerobic),metacyc.SBGN,metacyc.SBGN
HEXPPSYN-PWY.sbgn,MetaCyc,,MetaCyc,HEXPPSYN-PWY,hexaprenyl diphosphate biosynthesis,metacyc.SBGN,metacyc.SBGN
HISDEG-PWY.sbgn,MetaCyc,,MetaCyc,HISDEG-PWY,L-histidine degradation I,metacyc.SBGN,metacyc.SBGN
HISHP-PWY.sbgn,MetaCyc,,MetaCyc,HISHP-PWY,L-histidine degradation VI,metacyc.SBGN,metacyc.SBGN
HISTDEG-PWY.sbgn,MetaCyc,,MetaCyc,HISTDEG-PWY,L-histidine degradation IV,metacyc.SBGN,metacyc.SBGN
HISTSYN-PWY.sbgn,MetaCyc,,MetaCyc,HISTSYN-PWY,L-histidine biosynthesis,metacyc.SBGN,metacyc.SBGN
HOMOCYSDEGR-PWY.sbgn,MetaCyc,,MetaCyc,HOMOCYSDEGR-PWY,L-cysteine biosynthesis III (from L-homocysteine),metacyc.SBGN,metacyc.SBGN
HOMOSER-METSYN-PWY.sbgn,MetaCyc,,MetaCyc,HOMOSER-METSYN-PWY,L-methionine biosynthesis I,metacyc.SBGN,metacyc.SBGN
HOMOSER-THRESYN-PWY.sbgn,MetaCyc,,MetaCyc,HOMOSER-THRESYN-PWY,L-threonine biosynthesis,metacyc.SBGN,metacyc.SBGN
HOMOSERSYN-PWY.sbgn,MetaCyc,,MetaCyc,HOMOSERSYN-PWY,L-homoserine biosynthesis,metacyc.SBGN,metacyc.SBGN
HSERMETANA-PWY.sbgn,MetaCyc,,MetaCyc,HSERMETANA-PWY,L-methionine biosynthesis III,metacyc.SBGN,metacyc.SBGN
HYDROXYPRODEG-PWY.sbgn,MetaCyc,,MetaCyc,HYDROXYPRODEG-PWY,<i>trans</i>-4-hydroxy-L-proline degradation I,metacyc.SBGN,metacyc.SBGN
IDNCAT-PWY.sbgn,MetaCyc,,MetaCyc,IDNCAT-PWY,L-idonate degradation,metacyc.SBGN,metacyc.SBGN
ILEUDEG-PWY.sbgn,MetaCyc,,MetaCyc,ILEUDEG-PWY,L-isoleucine degradation I,metacyc.SBGN,metacyc.SBGN
ILEUSYN-PWY.sbgn,MetaCyc,,MetaCyc,ILEUSYN-PWY,L-isoleucine biosynthesis I (from threonine),metacyc.SBGN,metacyc.SBGN
KDO-LIPASYN-PWY.sbgn,MetaCyc,,MetaCyc,KDO-LIPASYN-PWY,(Kdo)<sub>2</sub>-lipid A biosynthesis I,metacyc.SBGN,metacyc.SBGN
KDO-NAGLIPASYN-PWY.sbgn,MetaCyc,,MetaCyc,KDO-NAGLIPASYN-PWY,superpathway of (Kdo)<SUB>2</SUB>-lipid A biosynthesis,metacyc.SBGN,metacyc.SBGN
KDOSYN-PWY.sbgn,MetaCyc,,MetaCyc,KDOSYN-PWY,Kdo transfer to lipid IV<sub>A</sub> I,metacyc.SBGN,metacyc.SBGN
KETOGLUCONMET-PWY.sbgn,MetaCyc,,MetaCyc,KETOGLUCONMET-PWY,ketogluconate metabolism,metacyc.SBGN,metacyc.SBGN
LACTOSECAT-PWY.sbgn,MetaCyc,,MetaCyc,LACTOSECAT-PWY,lactose and galactose degradation I,metacyc.SBGN,metacyc.SBGN
LACTOSEUTIL-PWY.sbgn,MetaCyc,,MetaCyc,LACTOSEUTIL-PWY,lactose degradation II,metacyc.SBGN,metacyc.SBGN
LARABITOLUTIL-PWY.sbgn,MetaCyc,,MetaCyc,LARABITOLUTIL-PWY,xylitol degradation,metacyc.SBGN,metacyc.SBGN
LCYSDEG-PWY.sbgn,MetaCyc,,MetaCyc,LCYSDEG-PWY,L-cysteine degradation II,metacyc.SBGN,metacyc.SBGN
LEU-DEG2-PWY.sbgn,MetaCyc,,MetaCyc,LEU-DEG2-PWY,L-leucine degradation I,metacyc.SBGN,metacyc.SBGN
LEUSYN-PWY.sbgn,MetaCyc,,MetaCyc,LEUSYN-PWY,L-leucine biosynthesis,metacyc.SBGN,metacyc.SBGN
LIPA-CORESYN-PWY.sbgn,MetaCyc,,MetaCyc,LIPA-CORESYN-PWY,Lipid A-core biosynthesis,metacyc.SBGN,metacyc.SBGN
LIPAS-PWY.sbgn,MetaCyc,,MetaCyc,LIPAS-PWY,triacylglycerol degradation,metacyc.SBGN,metacyc.SBGN
LIPASYN-PWY.sbgn,MetaCyc,,MetaCyc,LIPASYN-PWY,phospholipases,metacyc.SBGN,metacyc.SBGN
LPSSYN-PWY.sbgn,MetaCyc,,MetaCyc,LPSSYN-PWY,superpathway of lipopolysaccharide biosynthesis,metacyc.SBGN,metacyc.SBGN
LYSDEGII-PWY.sbgn,MetaCyc,,MetaCyc,LYSDEGII-PWY,L-lysine degradation III,metacyc.SBGN,metacyc.SBGN
LYSINE-AMINOAD-PWY.sbgn,MetaCyc,,MetaCyc,LYSINE-AMINOAD-PWY,L-lysine biosynthesis IV,metacyc.SBGN,metacyc.SBGN
LYSINE-DEG1-PWY.sbgn,MetaCyc,,MetaCyc,LYSINE-DEG1-PWY,L-lysine degradation XI (mammalian),metacyc.SBGN,metacyc.SBGN
LYXMET-PWY.sbgn,MetaCyc,,MetaCyc,LYXMET-PWY,L-lyxose degradation,metacyc.SBGN,metacyc.SBGN
M-CRESOL-DEGRADATION-PWY.sbgn,MetaCyc,,MetaCyc,M-CRESOL-DEGRADATION-PWY,<I>m</I>-cresol degradation,metacyc.SBGN,metacyc.SBGN
MALATE-ASPARTATE-SHUTTLE-PWY.sbgn,MetaCyc,,MetaCyc,MALATE-ASPARTATE-SHUTTLE-PWY,L-aspartate degradation II,metacyc.SBGN,metacyc.SBGN
MALTOSECAT-PWY.sbgn,MetaCyc,,MetaCyc,MALTOSECAT-PWY,maltose degradation,metacyc.SBGN,metacyc.SBGN
MANNCAT-PWY.sbgn,MetaCyc,,MetaCyc,MANNCAT-PWY,D-mannose degradation,metacyc.SBGN,metacyc.SBGN
MANNIDEG-PWY.sbgn,MetaCyc,,MetaCyc,MANNIDEG-PWY,mannitol degradation I,metacyc.SBGN,metacyc.SBGN
MANNOSYL-CHITO-DOLICHOL-BIOSYNTHESIS.sbgn,MetaCyc,,MetaCyc,MANNOSYL-CHITO-DOLICHOL-BIOSYNTHESIS,protein <i>N</i>-glycosylation initial phase (eukaryotic),metacyc.SBGN,metacyc.SBGN
MENAQUINONESYN-PWY.sbgn,MetaCyc,,MetaCyc,MENAQUINONESYN-PWY,menaquinol-8 biosynthesis,metacyc.SBGN,metacyc.SBGN
MET-SAM-PWY.sbgn,MetaCyc,,MetaCyc,MET-SAM-PWY,superpathway of <i>S</i>-adenosyl-L-methionine biosynthesis,metacyc.SBGN,metacyc.SBGN
METH-ACETATE-PWY.sbgn,MetaCyc,,MetaCyc,METH-ACETATE-PWY,methanogenesis from acetate,metacyc.SBGN,metacyc.SBGN
METHANOGENESIS-PWY.sbgn,MetaCyc,,MetaCyc,METHANOGENESIS-PWY,methanogenesis from H<SUB>2</SUB> and CO<SUB>2</SUB>,metacyc.SBGN,metacyc.SBGN
METHFORM-PWY.sbgn,MetaCyc,,MetaCyc,METHFORM-PWY,methyl-coenzyme M reduction to methane,metacyc.SBGN,metacyc.SBGN
METHGLYUT-PWY.sbgn,MetaCyc,,MetaCyc,METHGLYUT-PWY,superpathway of methylglyoxal degradation,metacyc.SBGN,metacyc.SBGN
METHIONINE-DEG1-PWY.sbgn,MetaCyc,,MetaCyc,METHIONINE-DEG1-PWY,L-methionine degradation I (to L-homocysteine),metacyc.SBGN,metacyc.SBGN
METHYLGALLATE-DEGRADATION-PWY.sbgn,MetaCyc,,MetaCyc,METHYLGALLATE-DEGRADATION-PWY,methylgallate degradation,metacyc.SBGN,metacyc.SBGN
METSYN-PWY.sbgn,MetaCyc,,MetaCyc,METSYN-PWY,L-homoserine and L-methionine biosynthesis,metacyc.SBGN,metacyc.SBGN
MGLDLCTANA-PWY.sbgn,MetaCyc,,MetaCyc,MGLDLCTANA-PWY,methylglyoxal degradation VI,metacyc.SBGN,metacyc.SBGN
N2FIX-PWY.sbgn,MetaCyc,,MetaCyc,N2FIX-PWY,nitrogen fixation I (ferredoxin),metacyc.SBGN,metacyc.SBGN
NAD-BIOSYNTHESIS-II.sbgn,MetaCyc,,MetaCyc,NAD-BIOSYNTHESIS-II,NAD salvage pathway III,metacyc.SBGN,metacyc.SBGN
NAD-BIOSYNTHESIS-III.sbgn,MetaCyc,,MetaCyc,NAD-BIOSYNTHESIS-III,NAD biosynthesis III,metacyc.SBGN,metacyc.SBGN
NADPHOS-DEPHOS-PWY-1.sbgn,MetaCyc,,MetaCyc,NADPHOS-DEPHOS-PWY-1,NAD phosphorylation and transhydrogenation,metacyc.SBGN,metacyc.SBGN
NADPHOS-DEPHOS-PWY.sbgn,MetaCyc,,MetaCyc,NADPHOS-DEPHOS-PWY,NAD phosphorylation and dephosphorylation,metacyc.SBGN,metacyc.SBGN
NADSYN-PWY.sbgn,MetaCyc,,MetaCyc,NADSYN-PWY,NAD biosynthesis II (from tryptophan),metacyc.SBGN,metacyc.SBGN
NAGLIPASYN-PWY.sbgn,MetaCyc,,MetaCyc,NAGLIPASYN-PWY,lipid IV<sub>A</sub> biosynthesis,metacyc.SBGN,metacyc.SBGN
NONMEVIPP-PWY.sbgn,MetaCyc,,MetaCyc,NONMEVIPP-PWY,methylerythritol phosphate pathway I,metacyc.SBGN,metacyc.SBGN
NONOXIPENT-PWY.sbgn,MetaCyc,,MetaCyc,NONOXIPENT-PWY,pentose phosphate pathway (non-oxidative branch),metacyc.SBGN,metacyc.SBGN
NOPALINEDEG-PWY.sbgn,MetaCyc,,MetaCyc,NOPALINEDEG-PWY,nopaline degradation,metacyc.SBGN,metacyc.SBGN
NPGLUCAT-PWY.sbgn,MetaCyc,,MetaCyc,NPGLUCAT-PWY,Entner-Doudoroff pathway II (non-phosphorylative),metacyc.SBGN,metacyc.SBGN
OANTIGEN-PWY.sbgn,MetaCyc,,MetaCyc,OANTIGEN-PWY,<i>O</i>-antigen building blocks biosynthesis (<i>E. coli</i>),metacyc.SBGN,metacyc.SBGN
OCTOPINEDEG-PWY.sbgn,MetaCyc,,MetaCyc,OCTOPINEDEG-PWY,octopine degradation,metacyc.SBGN,metacyc.SBGN
ORN-AMINOPENTANOATE-CAT-PWY.sbgn,MetaCyc,,MetaCyc,ORN-AMINOPENTANOATE-CAT-PWY,L-ornithine degradation I (L-proline biosynthesis),metacyc.SBGN,metacyc.SBGN
ORNARGDEG-PWY.sbgn,MetaCyc,,MetaCyc,ORNARGDEG-PWY,superpathway of L-arginine and L-ornithine degradation,metacyc.SBGN,metacyc.SBGN
ORNDEG-PWY.sbgn,MetaCyc,,MetaCyc,ORNDEG-PWY,superpathway of ornithine degradation,metacyc.SBGN,metacyc.SBGN
OXIDATIVEPENT-PWY.sbgn,MetaCyc,,MetaCyc,OXIDATIVEPENT-PWY,pentose phosphate pathway (oxidative branch) I,metacyc.SBGN,metacyc.SBGN
P101-PWY.sbgn,MetaCyc,,MetaCyc,P101-PWY,ectoine biosynthesis,metacyc.SBGN,metacyc.SBGN
P105-PWY.sbgn,MetaCyc,,MetaCyc,P105-PWY,TCA cycle IV (2-oxoglutarate decarboxylase),metacyc.SBGN,metacyc.SBGN
P108-PWY.sbgn,MetaCyc,,MetaCyc,P108-PWY,pyruvate fermentation to propanoate I,metacyc.SBGN,metacyc.SBGN
P121-PWY.sbgn,MetaCyc,,MetaCyc,P121-PWY,adenine and adenosine salvage I,metacyc.SBGN,metacyc.SBGN
P124-PWY.sbgn,MetaCyc,,MetaCyc,P124-PWY,Bifidobacterium shunt,metacyc.SBGN,metacyc.SBGN
P125-PWY.sbgn,MetaCyc,,MetaCyc,P125-PWY,"superpathway of (<i>R,R</i>)-butanediol biosynthesis",metacyc.SBGN,metacyc.SBGN
P141-PWY.sbgn,MetaCyc,,MetaCyc,P141-PWY,atrazine degradation I (aerobic),metacyc.SBGN,metacyc.SBGN
P142-PWY.sbgn,MetaCyc,,MetaCyc,P142-PWY,pyruvate fermentation to acetate I,metacyc.SBGN,metacyc.SBGN
P161-PWY.sbgn,MetaCyc,,MetaCyc,P161-PWY,acetylene degradation,metacyc.SBGN,metacyc.SBGN
P162-PWY.sbgn,MetaCyc,,MetaCyc,P162-PWY,L-glutamate degradation V (via hydroxyglutarate),metacyc.SBGN,metacyc.SBGN
P163-PWY.sbgn,MetaCyc,,MetaCyc,P163-PWY,L-lysine fermentation to acetate and butanoate,metacyc.SBGN,metacyc.SBGN
P164-PWY.sbgn,MetaCyc,,MetaCyc,P164-PWY,purine nucleobases degradation I (anaerobic),metacyc.SBGN,metacyc.SBGN
P165-PWY.sbgn,MetaCyc,,MetaCyc,P165-PWY,superpathway of purines degradation in plants,metacyc.SBGN,metacyc.SBGN
P181-PWY.sbgn,MetaCyc,,MetaCyc,P181-PWY,nicotine degradation I (pyridine pathway),metacyc.SBGN,metacyc.SBGN
P183-PWY.sbgn,MetaCyc,,MetaCyc,P183-PWY,catechol degradation to 2-oxopent-4-enoate I,metacyc.SBGN,metacyc.SBGN
P184-PWY.sbgn,MetaCyc,,MetaCyc,P184-PWY,protocatechuate degradation I (<I>meta</I>-cleavage pathway),metacyc.SBGN,metacyc.SBGN
P185-PWY.sbgn,MetaCyc,,MetaCyc,P185-PWY,formaldehyde assimilation III (dihydroxyacetone cycle),metacyc.SBGN,metacyc.SBGN
P2-PWY.sbgn,MetaCyc,,MetaCyc,P2-PWY,citrate lyase activation,metacyc.SBGN,metacyc.SBGN
P201-PWY.sbgn,MetaCyc,,MetaCyc,P201-PWY,nitroglycerin degradation,metacyc.SBGN,metacyc.SBGN
P203-PWY.sbgn,MetaCyc,,MetaCyc,P203-PWY,sulfur disproportionation I (anaerobic),metacyc.SBGN,metacyc.SBGN
P21-PWY.sbgn,MetaCyc,,MetaCyc,P21-PWY,pentose phosphate pathway (partial),metacyc.SBGN,metacyc.SBGN
P221-PWY.sbgn,MetaCyc,,MetaCyc,P221-PWY,octane oxidation,metacyc.SBGN,metacyc.SBGN
P222-PWY.sbgn,MetaCyc,,MetaCyc,P222-PWY,sulfide oxidation I (sulfide-quinone reductase),metacyc.SBGN,metacyc.SBGN
P224-PWY.sbgn,MetaCyc,,MetaCyc,P224-PWY,"sulfate reduction V (dissimilatory, to thiosulfate)",metacyc.SBGN,metacyc.SBGN
P23-PWY.sbgn,MetaCyc,,MetaCyc,P23-PWY,reductive TCA cycle I,metacyc.SBGN,metacyc.SBGN
P241-PWY.sbgn,MetaCyc,,MetaCyc,P241-PWY,coenzyme B biosynthesis,metacyc.SBGN,metacyc.SBGN
P261-PWY.sbgn,MetaCyc,,MetaCyc,P261-PWY,coenzyme M biosynthesis I,metacyc.SBGN,metacyc.SBGN
P281-PWY.sbgn,MetaCyc,,MetaCyc,P281-PWY,3-phenylpropanoate degradation,metacyc.SBGN,metacyc.SBGN
P282-PWY.sbgn,MetaCyc,,MetaCyc,P282-PWY,nitrite oxidation,metacyc.SBGN,metacyc.SBGN
P283-PWY.sbgn,MetaCyc,,MetaCyc,P283-PWY,hydrogen oxidation I (aerobic),metacyc.SBGN,metacyc.SBGN
P3-PWY.sbgn,MetaCyc,,MetaCyc,P3-PWY,gallate degradation III (anaerobic),metacyc.SBGN,metacyc.SBGN
P301-PWY.sbgn,MetaCyc,,MetaCyc,P301-PWY,galena oxidation,metacyc.SBGN,metacyc.SBGN
P302-PWY.sbgn,MetaCyc,,MetaCyc,P302-PWY,L-sorbose degradation,metacyc.SBGN,metacyc.SBGN
P303-PWY.sbgn,MetaCyc,,MetaCyc,P303-PWY,ammonia oxidation II (anaerobic),metacyc.SBGN,metacyc.SBGN
P321-PWY.sbgn,MetaCyc,,MetaCyc,P321-PWY,benzoyl-CoA degradation III (anaerobic),metacyc.SBGN,metacyc.SBGN
P341-PWY.sbgn,MetaCyc,,MetaCyc,P341-PWY,glycolysis V (Pyrococcus),metacyc.SBGN,metacyc.SBGN
P342-PWY.sbgn,MetaCyc,,MetaCyc,P342-PWY,orcinol degradation,metacyc.SBGN,metacyc.SBGN
P343-PWY.sbgn,MetaCyc,,MetaCyc,P343-PWY,resorcinol degradation,metacyc.SBGN,metacyc.SBGN
P344-PWY.sbgn,MetaCyc,,MetaCyc,P344-PWY,superpathway of acrylonitrile degradation,metacyc.SBGN,metacyc.SBGN
P345-PWY.sbgn,MetaCyc,,MetaCyc,P345-PWY,aldoxime degradation,metacyc.SBGN,metacyc.SBGN
P381-PWY.sbgn,MetaCyc,,MetaCyc,P381-PWY,adenosylcobalamin biosynthesis II (aerobic),metacyc.SBGN,metacyc.SBGN
P4-PWY.sbgn,MetaCyc,,MetaCyc,P4-PWY,"superpathway of L-lysine, L-threonine and L-methionine biosynthesis I",metacyc.SBGN,metacyc.SBGN
P401-PWY.sbgn,MetaCyc,,MetaCyc,P401-PWY,cyanide degradation,metacyc.SBGN,metacyc.SBGN
P41-PWY.sbgn,MetaCyc,,MetaCyc,P41-PWY,pyruvate fermentation to acetate and lactate I,metacyc.SBGN,metacyc.SBGN
P42-PWY.sbgn,MetaCyc,,MetaCyc,P42-PWY,incomplete reductive TCA cycle,metacyc.SBGN,metacyc.SBGN
P421-PWY.sbgn,MetaCyc,,MetaCyc,P421-PWY,4-nitrotoluene degradation I,metacyc.SBGN,metacyc.SBGN
P481-PWY.sbgn,MetaCyc,,MetaCyc,P481-PWY,adamantanone degradation,metacyc.SBGN,metacyc.SBGN
P482-PWY.sbgn,MetaCyc,,MetaCyc,P482-PWY,arsonoacetate degradation,metacyc.SBGN,metacyc.SBGN
P483-PWY.sbgn,MetaCyc,,MetaCyc,P483-PWY,phosphonoacetate degradation,metacyc.SBGN,metacyc.SBGN
P541-PWY.sbgn,MetaCyc,,MetaCyc,P541-PWY,glycine betaine biosynthesis IV (from glycine),metacyc.SBGN,metacyc.SBGN
P542-PWY.sbgn,MetaCyc,,MetaCyc,P542-PWY,choline-<i>O</i>-sulfate degradation,metacyc.SBGN,metacyc.SBGN
P561-PWY.sbgn,MetaCyc,,MetaCyc,P561-PWY,L-proline betaine degradation,metacyc.SBGN,metacyc.SBGN
P562-PWY.sbgn,MetaCyc,,MetaCyc,P562-PWY,<I>myo</I>-inositol degradation I,metacyc.SBGN,metacyc.SBGN
P581-PWY.sbgn,MetaCyc,,MetaCyc,P581-PWY,thiocyanate degradation I,metacyc.SBGN,metacyc.SBGN
P601-PWY.sbgn,MetaCyc,,MetaCyc,P601-PWY,(+)-camphor degradation,metacyc.SBGN,metacyc.SBGN
P621-PWY.sbgn,MetaCyc,,MetaCyc,P621-PWY,nylon-6 oligomer degradation,metacyc.SBGN,metacyc.SBGN
P641-PWY.sbgn,MetaCyc,,MetaCyc,P641-PWY,phenylmercury acetate degradation,metacyc.SBGN,metacyc.SBGN
P661-PWY.sbgn,MetaCyc,,MetaCyc,P661-PWY,dibenzo-<I>p</I>-dioxin degradation,metacyc.SBGN,metacyc.SBGN
P662-PWY.sbgn,MetaCyc,,MetaCyc,P662-PWY,dibenzofuran degradation,metacyc.SBGN,metacyc.SBGN
PANTO-PWY.sbgn,MetaCyc,,MetaCyc,PANTO-PWY,phosphopantothenate biosynthesis I,metacyc.SBGN,metacyc.SBGN
PANTOSYN-PWY.sbgn,MetaCyc,,MetaCyc,PANTOSYN-PWY,superpathway of coenzyme A biosynthesis I (bacteria),metacyc.SBGN,metacyc.SBGN
PARATHION-DEGRADATION-PWY.sbgn,MetaCyc,,MetaCyc,PARATHION-DEGRADATION-PWY,parathion degradation,metacyc.SBGN,metacyc.SBGN
PCEDEG-PWY.sbgn,MetaCyc,,MetaCyc,PCEDEG-PWY,tetrachloroethene degradation,metacyc.SBGN,metacyc.SBGN
PCPDEG-PWY.sbgn,MetaCyc,,MetaCyc,PCPDEG-PWY,pentachlorophenol degradation,metacyc.SBGN,metacyc.SBGN
PENTOSE-P-PWY.sbgn,MetaCyc,,MetaCyc,PENTOSE-P-PWY,pentose phosphate pathway,metacyc.SBGN,metacyc.SBGN
PEPTIDOGLYCANSYN-PWY.sbgn,MetaCyc,,MetaCyc,PEPTIDOGLYCANSYN-PWY,peptidoglycan biosynthesis I (<I>meso</I>-diaminopimelate containing),metacyc.SBGN,metacyc.SBGN
PHENOLDEG-PWY.sbgn,MetaCyc,,MetaCyc,PHENOLDEG-PWY,phenol degradation II (anaerobic),metacyc.SBGN,metacyc.SBGN
PHENYLALANINE-DEG1-PWY.sbgn,MetaCyc,,MetaCyc,PHENYLALANINE-DEG1-PWY,L-phenylalanine degradation I (aerobic),metacyc.SBGN,metacyc.SBGN
PHESYN.sbgn,MetaCyc,,MetaCyc,PHESYN,L-phenylalanine biosynthesis I,metacyc.SBGN,metacyc.SBGN
PHOSLIPSYN-PWY.sbgn,MetaCyc,,MetaCyc,PHOSLIPSYN-PWY,superpathway of phospholipid biosynthesis I (bacteria),metacyc.SBGN,metacyc.SBGN
PHOSLIPSYN2-PWY.sbgn,MetaCyc,,MetaCyc,PHOSLIPSYN2-PWY,superpathway of phospholipid biosynthesis II (plants),metacyc.SBGN,metacyc.SBGN
PHOSPHONOTASE-PWY.sbgn,MetaCyc,,MetaCyc,PHOSPHONOTASE-PWY,2-aminoethylphosphonate degradation I,metacyc.SBGN,metacyc.SBGN
PLPSAL-PWY.sbgn,MetaCyc,,MetaCyc,PLPSAL-PWY,pyridoxal 5'-phosphate salvage I,metacyc.SBGN,metacyc.SBGN
POLYAMINSYN3-PWY.sbgn,MetaCyc,,MetaCyc,POLYAMINSYN3-PWY,superpathway of polyamine biosynthesis II,metacyc.SBGN,metacyc.SBGN
POLYAMSYN-PWY.sbgn,MetaCyc,,MetaCyc,POLYAMSYN-PWY,superpathway of polyamine biosynthesis I,metacyc.SBGN,metacyc.SBGN
POLYISOPRENSYN-PWY.sbgn,MetaCyc,,MetaCyc,POLYISOPRENSYN-PWY,polyisoprenoid biosynthesis (<i>E. coli</i>),metacyc.SBGN,metacyc.SBGN
PPGPPMET-PWY.sbgn,MetaCyc,,MetaCyc,PPGPPMET-PWY,ppGpp biosynthesis,metacyc.SBGN,metacyc.SBGN
PROPFERM-PWY.sbgn,MetaCyc,,MetaCyc,PROPFERM-PWY,L-alanine fermentation to propanoate and acetate,metacyc.SBGN,metacyc.SBGN
PROPIONMET-PWY.sbgn,MetaCyc,,MetaCyc,PROPIONMET-PWY,propanoyl CoA degradation I,metacyc.SBGN,metacyc.SBGN
PROSYN-PWY.sbgn,MetaCyc,,MetaCyc,PROSYN-PWY,L-proline biosynthesis I,metacyc.SBGN,metacyc.SBGN
PROTOCATECHUATE-ORTHO-CLEAVAGE-PWY.sbgn,MetaCyc,,MetaCyc,PROTOCATECHUATE-ORTHO-CLEAVAGE-PWY,protocatechuate degradation II (ortho-cleavage pathway),metacyc.SBGN,metacyc.SBGN
PROUT-PWY.sbgn,MetaCyc,,MetaCyc,PROUT-PWY,L-proline degradation,metacyc.SBGN,metacyc.SBGN
PUTDEG-PWY.sbgn,MetaCyc,,MetaCyc,PUTDEG-PWY,putrescine degradation I,metacyc.SBGN,metacyc.SBGN
PWY-0.sbgn,MetaCyc,,MetaCyc,PWY-0,putrescine degradation III,metacyc.SBGN,metacyc.SBGN
PWY-1.sbgn,MetaCyc,,MetaCyc,PWY-1,lathyrine biosynthesis,metacyc.SBGN,metacyc.SBGN
PWY-1001.sbgn,MetaCyc,,MetaCyc,PWY-1001,cellulose biosynthesis,metacyc.SBGN,metacyc.SBGN
PWY-101.sbgn,MetaCyc,,MetaCyc,PWY-101,photosynthesis light reactions,metacyc.SBGN,metacyc.SBGN
PWY-102.sbgn,MetaCyc,,MetaCyc,PWY-102,gibberellin inactivation I (2&beta;-hydroxylation),metacyc.SBGN,metacyc.SBGN
PWY-1042.sbgn,MetaCyc,,MetaCyc,PWY-1042,glycolysis IV (plant cytosol),metacyc.SBGN,metacyc.SBGN
PWY-1061.sbgn,MetaCyc,,MetaCyc,PWY-1061,homogalacturonan biosynthesis,metacyc.SBGN,metacyc.SBGN
PWY-1081.sbgn,MetaCyc,,MetaCyc,PWY-1081,homogalacturonan degradation,metacyc.SBGN,metacyc.SBGN
PWY-112.sbgn,MetaCyc,,MetaCyc,PWY-112,lupeol biosynthesis,metacyc.SBGN,metacyc.SBGN
PWY-1121.sbgn,MetaCyc,,MetaCyc,PWY-1121,suberin monomers biosynthesis,metacyc.SBGN,metacyc.SBGN
PWY-116.sbgn,MetaCyc,,MetaCyc,PWY-116,coniferin metabolism,metacyc.SBGN,metacyc.SBGN
PWY-1164.sbgn,MetaCyc,,MetaCyc,PWY-1164,carbon disulfide oxidation I (anaerobic),metacyc.SBGN,metacyc.SBGN
PWY-1186.sbgn,MetaCyc,,MetaCyc,PWY-1186,L-homomethionine biosynthesis,metacyc.SBGN,metacyc.SBGN
PWY-1187.sbgn,MetaCyc,,MetaCyc,PWY-1187,glucosinolate biosynthesis from homomethionine,metacyc.SBGN,metacyc.SBGN
PWY-12.sbgn,MetaCyc,,MetaCyc,PWY-12,pentaketide chromone biosynthesis,metacyc.SBGN,metacyc.SBGN
PWY-1263.sbgn,MetaCyc,,MetaCyc,PWY-1263,taurine degradation I,metacyc.SBGN,metacyc.SBGN
PWY-1264.sbgn,MetaCyc,,MetaCyc,PWY-1264,taurine degradation II,metacyc.SBGN,metacyc.SBGN
PWY-1269.sbgn,MetaCyc,,MetaCyc,PWY-1269,CMP-3-deoxy-D-<I>manno</I>-octulosonate biosynthesis,metacyc.SBGN,metacyc.SBGN
PWY-1281.sbgn,MetaCyc,,MetaCyc,PWY-1281,sulfoacetaldehyde degradation I,metacyc.SBGN,metacyc.SBGN
PWY-13.sbgn,MetaCyc,,MetaCyc,PWY-13,superpathway of tetrahydroxyxanthone biosynthesis,metacyc.SBGN,metacyc.SBGN
PWY-1341.sbgn,MetaCyc,,MetaCyc,PWY-1341,phenylacetate degradation II (anaerobic),metacyc.SBGN,metacyc.SBGN
PWY-1361.sbgn,MetaCyc,,MetaCyc,PWY-1361,benzoyl-CoA degradation I (aerobic),metacyc.SBGN,metacyc.SBGN
PWY-1381.sbgn,MetaCyc,,MetaCyc,PWY-1381,fluorene degradation II,metacyc.SBGN,metacyc.SBGN
PWY-142.sbgn,MetaCyc,,MetaCyc,PWY-142,<i>m</i>-xylene degradation (anaerobic),metacyc.SBGN,metacyc.SBGN
PWY-1422.sbgn,MetaCyc,,MetaCyc,PWY-1422,vitamin E biosynthesis (tocopherols),metacyc.SBGN,metacyc.SBGN
PWY-1501.sbgn,MetaCyc,,MetaCyc,PWY-1501,mandelate degradation I,metacyc.SBGN,metacyc.SBGN
PWY-1541.sbgn,MetaCyc,,MetaCyc,PWY-1541,superpathway of taurine degradation,metacyc.SBGN,metacyc.SBGN
PWY-1581.sbgn,MetaCyc,,MetaCyc,PWY-1581,plastoquinol-9 biosynthesis I,metacyc.SBGN,metacyc.SBGN
PWY-1622.sbgn,MetaCyc,,MetaCyc,PWY-1622,formaldehyde assimilation I (serine pathway),metacyc.SBGN,metacyc.SBGN
PWY-1641.sbgn,MetaCyc,,MetaCyc,PWY-1641,methane oxidation to methanol I,metacyc.SBGN,metacyc.SBGN
PWY-1701.sbgn,MetaCyc,,MetaCyc,PWY-1701,methanol and methylamine oxidation to formaldehyde,metacyc.SBGN,metacyc.SBGN
PWY-1722.sbgn,MetaCyc,,MetaCyc,PWY-1722,"formate assimilation into 5,10-methylenetetrahydrofolate",metacyc.SBGN,metacyc.SBGN
PWY-1723.sbgn,MetaCyc,,MetaCyc,PWY-1723,formaldehyde oxidation VI (H<sub>4</sub>MPT pathway),metacyc.SBGN,metacyc.SBGN
PWY-1741.sbgn,MetaCyc,,MetaCyc,PWY-1741,indole-3-acetate inactivation IX,metacyc.SBGN,metacyc.SBGN
PWY-1781.sbgn,MetaCyc,,MetaCyc,PWY-1781,&beta;-alanine degradation II,metacyc.SBGN,metacyc.SBGN
PWY-1782.sbgn,MetaCyc,,MetaCyc,PWY-1782,superpathway of indole-3-acetate conjugate biosynthesis,metacyc.SBGN,metacyc.SBGN
PWY-1801.sbgn,MetaCyc,,MetaCyc,PWY-1801,formaldehyde oxidation II (glutathione-dependent),metacyc.SBGN,metacyc.SBGN
PWY-181.sbgn,MetaCyc,,MetaCyc,PWY-181,photorespiration,metacyc.SBGN,metacyc.SBGN
PWY-1822.sbgn,MetaCyc,,MetaCyc,PWY-1822,indole-3-acetate activation I,metacyc.SBGN,metacyc.SBGN
PWY-1861.sbgn,MetaCyc,,MetaCyc,PWY-1861,formaldehyde assimilation II (assimilatory RuMP Cycle),metacyc.SBGN,metacyc.SBGN
PWY-1881.sbgn,MetaCyc,,MetaCyc,PWY-1881,formate oxidation to CO<sub>2</sub>,metacyc.SBGN,metacyc.SBGN
PWY-1882.sbgn,MetaCyc,,MetaCyc,PWY-1882,superpathway of C1 compounds oxidation to CO<sub>2</sub>,metacyc.SBGN,metacyc.SBGN
PWY-1901.sbgn,MetaCyc,,MetaCyc,PWY-1901,aurone biosynthesis,metacyc.SBGN,metacyc.SBGN
PWY-1921.sbgn,MetaCyc,,MetaCyc,PWY-1921,indole-3-acetate activation II,metacyc.SBGN,metacyc.SBGN
PWY-1961.sbgn,MetaCyc,,MetaCyc,PWY-1961,indole-3-acetate inactivation I,metacyc.SBGN,metacyc.SBGN
PWY-1962.sbgn,MetaCyc,,MetaCyc,PWY-1962,indole-3-acetate inactivation II,metacyc.SBGN,metacyc.SBGN
PWY-1981.sbgn,MetaCyc,,MetaCyc,PWY-1981,indole-3-acetate inactivation III,metacyc.SBGN,metacyc.SBGN
PWY-2.sbgn,MetaCyc,,MetaCyc,PWY-2,putrescine degradation IV,metacyc.SBGN,metacyc.SBGN
PWY-2002.sbgn,MetaCyc,,MetaCyc,PWY-2002,isoflavonoid biosynthesis I,metacyc.SBGN,metacyc.SBGN
PWY-2021.sbgn,MetaCyc,,MetaCyc,PWY-2021,indole-3-acetate inactivation IV,metacyc.SBGN,metacyc.SBGN
PWY-2055.sbgn,MetaCyc,,MetaCyc,PWY-2055,superpathway of pterocarpan biosynthesis (via daidzein),metacyc.SBGN,metacyc.SBGN
PWY-2083.sbgn,MetaCyc,,MetaCyc,PWY-2083,isoflavonoid biosynthesis II,metacyc.SBGN,metacyc.SBGN
PWY-2161.sbgn,MetaCyc,,MetaCyc,PWY-2161,folate polyglutamylation,metacyc.SBGN,metacyc.SBGN
PWY-2161B.sbgn,MetaCyc,,MetaCyc,PWY-2161B,glutamate removal from folates,metacyc.SBGN,metacyc.SBGN
PWY-2181.sbgn,MetaCyc,,MetaCyc,PWY-2181,free phenylpropanoid acid biosynthesis,metacyc.SBGN,metacyc.SBGN
PWY-2201.sbgn,MetaCyc,,MetaCyc,PWY-2201,folate transformations I,metacyc.SBGN,metacyc.SBGN
PWY-2221.sbgn,MetaCyc,,MetaCyc,PWY-2221,Entner-Doudoroff pathway III (semi-phosphorylative),metacyc.SBGN,metacyc.SBGN
PWY-2229.sbgn,MetaCyc,,MetaCyc,PWY-2229,superpathway of pterocarpan biosynthesis (via formononetin),metacyc.SBGN,metacyc.SBGN
PWY-2242.sbgn,MetaCyc,,MetaCyc,PWY-2242,ammonia oxidation III,metacyc.SBGN,metacyc.SBGN
PWY-2261.sbgn,MetaCyc,,MetaCyc,PWY-2261,ascorbate glutathione cycle,metacyc.SBGN,metacyc.SBGN
PWY-2301.sbgn,MetaCyc,,MetaCyc,PWY-2301,<i>myo</i>-inositol biosynthesis,metacyc.SBGN,metacyc.SBGN
PWY-2321.sbgn,MetaCyc,,MetaCyc,PWY-2321,formononetin biosynthesis,metacyc.SBGN,metacyc.SBGN
PWY-2343.sbgn,MetaCyc,,MetaCyc,PWY-2343,daidzein conjugates interconversion,metacyc.SBGN,metacyc.SBGN
PWY-2345.sbgn,MetaCyc,,MetaCyc,PWY-2345,genistein conjugates interconversion,metacyc.SBGN,metacyc.SBGN
PWY-2361.sbgn,MetaCyc,,MetaCyc,PWY-2361,3-oxoadipate degradation,metacyc.SBGN,metacyc.SBGN
PWY-2381.sbgn,MetaCyc,,MetaCyc,PWY-2381,4-nitrobenzoate degradation,metacyc.SBGN,metacyc.SBGN
PWY-241.sbgn,MetaCyc,,MetaCyc,PWY-241,"C4 photosynthetic carbon assimilation cycle, NADP-ME type",metacyc.SBGN,metacyc.SBGN
PWY-2421.sbgn,MetaCyc,,MetaCyc,PWY-2421,indole-3-acetate degradation,metacyc.SBGN,metacyc.SBGN
PWY-2463.sbgn,MetaCyc,,MetaCyc,PWY-2463,(-)-medicarpin biosynthesis,metacyc.SBGN,metacyc.SBGN
PWY-2464.sbgn,MetaCyc,,MetaCyc,PWY-2464,(-)-maackiain biosynthesis,metacyc.SBGN,metacyc.SBGN
PWY-2467.sbgn,MetaCyc,,MetaCyc,PWY-2467,(+)-pisatin biosynthesis,metacyc.SBGN,metacyc.SBGN
PWY-2501.sbgn,MetaCyc,,MetaCyc,PWY-2501,fatty acid &alpha;-oxidation I,metacyc.SBGN,metacyc.SBGN
PWY-2503.sbgn,MetaCyc,,MetaCyc,PWY-2503,benzoate degradation I (aerobic),metacyc.SBGN,metacyc.SBGN
PWY-2504.sbgn,MetaCyc,,MetaCyc,PWY-2504,superpathway of aromatic compound degradation via 3-oxoadipate,metacyc.SBGN,metacyc.SBGN
PWY-2541.sbgn,MetaCyc,,MetaCyc,PWY-2541,plant sterol biosynthesis,metacyc.SBGN,metacyc.SBGN
PWY-2561.sbgn,MetaCyc,,MetaCyc,PWY-2561,medicarpin conjugates interconversion,metacyc.SBGN,metacyc.SBGN
PWY-2582.sbgn,MetaCyc,,MetaCyc,PWY-2582,brassinosteroid biosynthesis II,metacyc.SBGN,metacyc.SBGN
PWY-2601.sbgn,MetaCyc,,MetaCyc,PWY-2601,isethionate degradation,metacyc.SBGN,metacyc.SBGN
PWY-2622.sbgn,MetaCyc,,MetaCyc,PWY-2622,trehalose biosynthesis IV,metacyc.SBGN,metacyc.SBGN
PWY-2661.sbgn,MetaCyc,,MetaCyc,PWY-2661,trehalose biosynthesis V,metacyc.SBGN,metacyc.SBGN
PWY-2681.sbgn,MetaCyc,,MetaCyc,PWY-2681,<i>trans</i>-zeatin biosynthesis,metacyc.SBGN,metacyc.SBGN
PWY-2701.sbgn,MetaCyc,,MetaCyc,PWY-2701,maackiain conjugates interconversion,metacyc.SBGN,metacyc.SBGN
PWY-2721.sbgn,MetaCyc,,MetaCyc,PWY-2721,trehalose degradation III,metacyc.SBGN,metacyc.SBGN
PWY-2722.sbgn,MetaCyc,,MetaCyc,PWY-2722,trehalose degradation IV,metacyc.SBGN,metacyc.SBGN
PWY-2723.sbgn,MetaCyc,,MetaCyc,PWY-2723,trehalose degradation V,metacyc.SBGN,metacyc.SBGN
PWY-2724.sbgn,MetaCyc,,MetaCyc,PWY-2724,alkane oxidation,metacyc.SBGN,metacyc.SBGN
PWY-2761.sbgn,MetaCyc,,MetaCyc,PWY-2761,(-)-glycinol biosynthesis,metacyc.SBGN,metacyc.SBGN
PWY-2762.sbgn,MetaCyc,,MetaCyc,PWY-2762,glyceollin biosynthesis,metacyc.SBGN,metacyc.SBGN
PWY-2781.sbgn,MetaCyc,,MetaCyc,PWY-2781,<i>cis</i>-zeatin biosynthesis,metacyc.SBGN,metacyc.SBGN
PWY-282.sbgn,MetaCyc,,MetaCyc,PWY-282,cuticular wax biosynthesis,metacyc.SBGN,metacyc.SBGN
PWY-2821.sbgn,MetaCyc,,MetaCyc,PWY-2821,glucosinolate biosynthesis from phenylalanine,metacyc.SBGN,metacyc.SBGN
PWY-283.sbgn,MetaCyc,,MetaCyc,PWY-283,benzoate degradation II (aerobic and anaerobic),metacyc.SBGN,metacyc.SBGN
PWY-2841.sbgn,MetaCyc,,MetaCyc,PWY-2841,cytokinins degradation,metacyc.SBGN,metacyc.SBGN
PWY-2861.sbgn,MetaCyc,,MetaCyc,PWY-2861,biochanin A conjugates interconversion,metacyc.SBGN,metacyc.SBGN
PWY-2881.sbgn,MetaCyc,,MetaCyc,PWY-2881,cytokinins 7-<i>N</i>-glucoside biosynthesis,metacyc.SBGN,metacyc.SBGN
PWY-2901.sbgn,MetaCyc,,MetaCyc,PWY-2901,cytokinins 9-<i>N</i>-glucoside biosynthesis,metacyc.SBGN,metacyc.SBGN
PWY-2902.sbgn,MetaCyc,,MetaCyc,PWY-2902,cytokinin-<i>O</i>-glucosides biosynthesis,metacyc.SBGN,metacyc.SBGN
PWY-2904.sbgn,MetaCyc,,MetaCyc,PWY-2904,formononetin conjugates interconversion,metacyc.SBGN,metacyc.SBGN
PWY-2921.sbgn,MetaCyc,,MetaCyc,PWY-2921,capsidiol biosynthesis,metacyc.SBGN,metacyc.SBGN
PWY-2941.sbgn,MetaCyc,,MetaCyc,PWY-2941,L-lysine biosynthesis II,metacyc.SBGN,metacyc.SBGN
PWY-2942.sbgn,MetaCyc,,MetaCyc,PWY-2942,L-lysine biosynthesis III,metacyc.SBGN,metacyc.SBGN
PWY-2961.sbgn,MetaCyc,,MetaCyc,PWY-2961,sesquiterpenoid phytoalexins biosynthesis,metacyc.SBGN,metacyc.SBGN
PWY-2981.sbgn,MetaCyc,,MetaCyc,PWY-2981,diterpene phytoalexins precursors biosynthesis,metacyc.SBGN,metacyc.SBGN
PWY-3.sbgn,MetaCyc,,MetaCyc,PWY-3,putrescine degradation V,metacyc.SBGN,metacyc.SBGN
PWY-3001.sbgn,MetaCyc,,MetaCyc,PWY-3001,superpathway of L-isoleucine biosynthesis I,metacyc.SBGN,metacyc.SBGN
PWY-301.sbgn,MetaCyc,,MetaCyc,PWY-301,cyclohexane-1-carboxylate degradation (anaerobic),metacyc.SBGN,metacyc.SBGN
PWY-3022.sbgn,MetaCyc,,MetaCyc,PWY-3022,linamarin biosynthesis,metacyc.SBGN,metacyc.SBGN
PWY-3041.sbgn,MetaCyc,,MetaCyc,PWY-3041,monoterpene biosynthesis,metacyc.SBGN,metacyc.SBGN
PWY-3042.sbgn,MetaCyc,,MetaCyc,PWY-3042,phaseollin biosynthesis,metacyc.SBGN,metacyc.SBGN
PWY-3061.sbgn,MetaCyc,,MetaCyc,PWY-3061,menthol biosynthesis,metacyc.SBGN,metacyc.SBGN
PWY-3081.sbgn,MetaCyc,,MetaCyc,PWY-3081,L-lysine biosynthesis V,metacyc.SBGN,metacyc.SBGN
PWY-3097.sbgn,MetaCyc,,MetaCyc,PWY-3097,superpathway of isoflavonoids (via naringenin),metacyc.SBGN,metacyc.SBGN
PWY-31.sbgn,MetaCyc,,MetaCyc,PWY-31,canavanine degradation,metacyc.SBGN,metacyc.SBGN
PWY-3101.sbgn,MetaCyc,,MetaCyc,PWY-3101,flavonol biosynthesis,metacyc.SBGN,metacyc.SBGN
PWY-3121.sbgn,MetaCyc,,MetaCyc,PWY-3121,linamarin degradation,metacyc.SBGN,metacyc.SBGN
PWY-3161.sbgn,MetaCyc,,MetaCyc,PWY-3161,indole-3-acetate biosynthesis III (bacteria),metacyc.SBGN,metacyc.SBGN
PWY-3162.sbgn,MetaCyc,,MetaCyc,PWY-3162,L-tryptophan degradation V (side chain pathway),metacyc.SBGN,metacyc.SBGN
PWY-3181.sbgn,MetaCyc,,MetaCyc,PWY-3181,L-tryptophan degradation VI (via tryptamine),metacyc.SBGN,metacyc.SBGN
PWY-321.sbgn,MetaCyc,,MetaCyc,PWY-321,cutin biosynthesis,metacyc.SBGN,metacyc.SBGN
PWY-3221.sbgn,MetaCyc,,MetaCyc,PWY-3221,dTDP-L-rhamnose biosynthesis II,metacyc.SBGN,metacyc.SBGN
PWY-3261.sbgn,MetaCyc,,MetaCyc,PWY-3261,UDP-&beta;-L-rhamnose biosynthesis,metacyc.SBGN,metacyc.SBGN
PWY-3282.sbgn,MetaCyc,,MetaCyc,PWY-3282,superpathway of ammonia assimilation (plants),metacyc.SBGN,metacyc.SBGN
PWY-3301.sbgn,MetaCyc,,MetaCyc,PWY-3301,sinapate ester biosynthesis,metacyc.SBGN,metacyc.SBGN
PWY-3341.sbgn,MetaCyc,,MetaCyc,PWY-3341,L-proline biosynthesis III,metacyc.SBGN,metacyc.SBGN
PWY-3385.sbgn,MetaCyc,,MetaCyc,PWY-3385,choline biosynthesis I,metacyc.SBGN,metacyc.SBGN
PWY-3461.sbgn,MetaCyc,,MetaCyc,PWY-3461,L-tyrosine biosynthesis II,metacyc.SBGN,metacyc.SBGN
PWY-3462.sbgn,MetaCyc,,MetaCyc,PWY-3462,L-phenylalanine biosynthesis II,metacyc.SBGN,metacyc.SBGN
PWY-3481.sbgn,MetaCyc,,MetaCyc,PWY-3481,superpathway of L-phenylalanine and L-tyrosine biosynthesis,metacyc.SBGN,metacyc.SBGN
PWY-3502.sbgn,MetaCyc,,MetaCyc,PWY-3502,superpathway of NAD biosynthesis in eukaryotes,metacyc.SBGN,metacyc.SBGN
PWY-3542.sbgn,MetaCyc,,MetaCyc,PWY-3542,choline biosynthesis II,metacyc.SBGN,metacyc.SBGN
PWY-3561.sbgn,MetaCyc,,MetaCyc,PWY-3561,choline biosynthesis III,metacyc.SBGN,metacyc.SBGN
PWY-3581.sbgn,MetaCyc,,MetaCyc,PWY-3581,(<i>S</i>)-reticuline biosynthesis I,metacyc.SBGN,metacyc.SBGN
PWY-3602.sbgn,MetaCyc,,MetaCyc,PWY-3602,L-carnitine degradation II,metacyc.SBGN,metacyc.SBGN
PWY-361.sbgn,MetaCyc,,MetaCyc,PWY-361,phenylpropanoid biosynthesis,metacyc.SBGN,metacyc.SBGN
PWY-3621.sbgn,MetaCyc,,MetaCyc,PWY-3621,&gamma;-butyrobetaine degradation,metacyc.SBGN,metacyc.SBGN
PWY-3641.sbgn,MetaCyc,,MetaCyc,PWY-3641,L-carnitine degradation III,metacyc.SBGN,metacyc.SBGN
PWY-3661-1.sbgn,MetaCyc,,MetaCyc,PWY-3661-1,glycine betaine degradation II (mammalian),metacyc.SBGN,metacyc.SBGN
PWY-3661.sbgn,MetaCyc,,MetaCyc,PWY-3661,glycine betaine degradation I,metacyc.SBGN,metacyc.SBGN
PWY-3721.sbgn,MetaCyc,,MetaCyc,PWY-3721,choline degradation II,metacyc.SBGN,metacyc.SBGN
PWY-3722.sbgn,MetaCyc,,MetaCyc,PWY-3722,glycine betaine biosynthesis II (Gram-positive bacteria),metacyc.SBGN,metacyc.SBGN
PWY-3801.sbgn,MetaCyc,,MetaCyc,PWY-3801,sucrose degradation II (sucrose synthase),metacyc.SBGN,metacyc.SBGN
PWY-381.sbgn,MetaCyc,,MetaCyc,PWY-381,nitrate reduction II (assimilatory),metacyc.SBGN,metacyc.SBGN
PWY-3821.sbgn,MetaCyc,,MetaCyc,PWY-3821,D-galactose detoxification,metacyc.SBGN,metacyc.SBGN
PWY-3841.sbgn,MetaCyc,,MetaCyc,PWY-3841,folate transformations II,metacyc.SBGN,metacyc.SBGN
PWY-3861.sbgn,MetaCyc,,MetaCyc,PWY-3861,mannitol degradation II,metacyc.SBGN,metacyc.SBGN
PWY-3881.sbgn,MetaCyc,,MetaCyc,PWY-3881,mannitol biosynthesis,metacyc.SBGN,metacyc.SBGN
PWY-3901.sbgn,MetaCyc,,MetaCyc,PWY-3901,berberine biosynthesis,metacyc.SBGN,metacyc.SBGN
PWY-3941.sbgn,MetaCyc,,MetaCyc,PWY-3941,&beta;-alanine biosynthesis II,metacyc.SBGN,metacyc.SBGN
PWY-3961.sbgn,MetaCyc,,MetaCyc,PWY-3961,phosphopantothenate biosynthesis II,metacyc.SBGN,metacyc.SBGN
PWY-3981.sbgn,MetaCyc,,MetaCyc,PWY-3981,&beta;-alanine biosynthesis I,metacyc.SBGN,metacyc.SBGN
PWY-3982.sbgn,MetaCyc,,MetaCyc,PWY-3982,uracil degradation I (reductive),metacyc.SBGN,metacyc.SBGN
PWY-4.sbgn,MetaCyc,,MetaCyc,PWY-4,UDP-&alpha;-D-galacturonate biosynthesis II (from D-galacturonate),metacyc.SBGN,metacyc.SBGN
PWY-40.sbgn,MetaCyc,,MetaCyc,PWY-40,putrescine biosynthesis I,metacyc.SBGN,metacyc.SBGN
PWY-4002.sbgn,MetaCyc,,MetaCyc,PWY-4002,L-asparagine degradation II,metacyc.SBGN,metacyc.SBGN
PWY-401.sbgn,MetaCyc,,MetaCyc,PWY-401,galactolipid biosynthesis I,metacyc.SBGN,metacyc.SBGN
PWY-4021.sbgn,MetaCyc,,MetaCyc,PWY-4021,&beta;-alanine betaine biosynthesis,metacyc.SBGN,metacyc.SBGN
PWY-4041.sbgn,MetaCyc,,MetaCyc,PWY-4041,&gamma;-glutamyl cycle,metacyc.SBGN,metacyc.SBGN
PWY-4061.sbgn,MetaCyc,,MetaCyc,PWY-4061,glutathione-mediated detoxification I,metacyc.SBGN,metacyc.SBGN
PWY-4081.sbgn,MetaCyc,,MetaCyc,PWY-4081,glutathione-peroxide redox reactions,metacyc.SBGN,metacyc.SBGN
PWY-4101.sbgn,MetaCyc,,MetaCyc,PWY-4101,D-sorbitol degradation I,metacyc.SBGN,metacyc.SBGN
PWY-4121.sbgn,MetaCyc,,MetaCyc,PWY-4121,glutathionylspermidine biosynthesis,metacyc.SBGN,metacyc.SBGN
PWY-4161.sbgn,MetaCyc,,MetaCyc,PWY-4161,superpathway of benzoxazinoid glucosides biosynthesis,metacyc.SBGN,metacyc.SBGN
PWY-4181.sbgn,MetaCyc,,MetaCyc,PWY-4181,glutathione amide metabolism,metacyc.SBGN,metacyc.SBGN
PWY-4201.sbgn,MetaCyc,,MetaCyc,PWY-4201,volatile cinnamoic ester biosynthesis,metacyc.SBGN,metacyc.SBGN
PWY-4202.sbgn,MetaCyc,,MetaCyc,PWY-4202,arsenate detoxification I (glutaredoxin),metacyc.SBGN,metacyc.SBGN
PWY-4203.sbgn,MetaCyc,,MetaCyc,PWY-4203,volatile benzenoid biosynthesis I (ester formation),metacyc.SBGN,metacyc.SBGN
PWY-4221.sbgn,MetaCyc,,MetaCyc,PWY-4221,superpathway of coenzyme A biosynthesis II (plants),metacyc.SBGN,metacyc.SBGN
PWY-4261.sbgn,MetaCyc,,MetaCyc,PWY-4261,glycerol degradation I,metacyc.SBGN,metacyc.SBGN
PWY-4281.sbgn,MetaCyc,,MetaCyc,PWY-4281,L-proline biosynthesis IV,metacyc.SBGN,metacyc.SBGN
PWY-43.sbgn,MetaCyc,,MetaCyc,PWY-43,putrescine biosynthesis II,metacyc.SBGN,metacyc.SBGN
PWY-4302.sbgn,MetaCyc,,MetaCyc,PWY-4302,aerobic respiration III (alternative oxidase pathway),metacyc.SBGN,metacyc.SBGN
PWY-4321.sbgn,MetaCyc,,MetaCyc,PWY-4321,L-glutamate degradation IV,metacyc.SBGN,metacyc.SBGN
PWY-4341.sbgn,MetaCyc,,MetaCyc,PWY-4341,L-glutamate biosynthesis V,metacyc.SBGN,metacyc.SBGN
PWY-4361.sbgn,MetaCyc,,MetaCyc,PWY-4361,<i>S</i>-methyl-5-thio-&alpha;-D-ribose 1-phosphate degradation,metacyc.SBGN,metacyc.SBGN
PWY-4381.sbgn,MetaCyc,,MetaCyc,PWY-4381,fatty acid biosynthesis initiation I,metacyc.SBGN,metacyc.SBGN
PWY-4421.sbgn,MetaCyc,,MetaCyc,PWY-4421,curcumin glucoside biosynthesis,metacyc.SBGN,metacyc.SBGN
PWY-4441.sbgn,MetaCyc,,MetaCyc,PWY-4441,DIMBOA-glucoside activation,metacyc.SBGN,metacyc.SBGN
PWY-4502.sbgn,MetaCyc,,MetaCyc,PWY-4502,wighteone and luteone biosynthesis,metacyc.SBGN,metacyc.SBGN
PWY-4521.sbgn,MetaCyc,,MetaCyc,PWY-4521,arsenite oxidation I (respiratory),metacyc.SBGN,metacyc.SBGN
PWY-46.sbgn,MetaCyc,,MetaCyc,PWY-46,putrescine biosynthesis III,metacyc.SBGN,metacyc.SBGN
PWY-4601.sbgn,MetaCyc,,MetaCyc,PWY-4601,arsenate reduction (respiratory),metacyc.SBGN,metacyc.SBGN
PWY-4621.sbgn,MetaCyc,,MetaCyc,PWY-4621,arsenate detoxification II (glutaredoxin),metacyc.SBGN,metacyc.SBGN
PWY-4661.sbgn,MetaCyc,,MetaCyc,PWY-4661,1D-<i>myo</i>-inositol hexakisphosphate biosynthesis III (<i>Spirodela polyrrhiza</i>),metacyc.SBGN,metacyc.SBGN
PWY-4681.sbgn,MetaCyc,,MetaCyc,PWY-4681,kievitone biosynthesis,metacyc.SBGN,metacyc.SBGN
PWY-4702.sbgn,MetaCyc,,MetaCyc,PWY-4702,phytate degradation I,metacyc.SBGN,metacyc.SBGN
PWY-4722.sbgn,MetaCyc,,MetaCyc,PWY-4722,creatinine degradation II,metacyc.SBGN,metacyc.SBGN
PWY-4741.sbgn,MetaCyc,,MetaCyc,PWY-4741,creatinine degradation III,metacyc.SBGN,metacyc.SBGN
PWY-4762.sbgn,MetaCyc,,MetaCyc,PWY-4762,superpathway of choline biosynthesis,metacyc.SBGN,metacyc.SBGN
PWY-4781.sbgn,MetaCyc,,MetaCyc,PWY-4781,phytate degradation II,metacyc.SBGN,metacyc.SBGN
PWY-4801.sbgn,MetaCyc,,MetaCyc,PWY-4801,aloesone biosynthesis I,metacyc.SBGN,metacyc.SBGN
PWY-481.sbgn,MetaCyc,,MetaCyc,PWY-481,ethylbenzene degradation (anaerobic),metacyc.SBGN,metacyc.SBGN
PWY-4821.sbgn,MetaCyc,,MetaCyc,PWY-4821,UDP-&alpha;-D-xylose biosynthesis,metacyc.SBGN,metacyc.SBGN
PWY-4841.sbgn,MetaCyc,,MetaCyc,PWY-4841,UDP-&alpha;-D-glucuronate biosynthesis (from <i>myo</i>-inositol),metacyc.SBGN,metacyc.SBGN
PWY-4861.sbgn,MetaCyc,,MetaCyc,PWY-4861,UDP-&alpha;-D-galacturonate biosynthesis I (from UDP-D-glucuronate),metacyc.SBGN,metacyc.SBGN
PWY-4921.sbgn,MetaCyc,,MetaCyc,PWY-4921,protein citrullination,metacyc.SBGN,metacyc.SBGN
PWY-4922.sbgn,MetaCyc,,MetaCyc,PWY-4922,6-methoxymellein biosynthesis,metacyc.SBGN,metacyc.SBGN
PWY-4942.sbgn,MetaCyc,,MetaCyc,PWY-4942,sterculate biosynthesis,metacyc.SBGN,metacyc.SBGN
PWY-4961.sbgn,MetaCyc,,MetaCyc,PWY-4961,&beta;-pyrazole-1-ylalanine biosynthesis,metacyc.SBGN,metacyc.SBGN
PWY-4981.sbgn,MetaCyc,,MetaCyc,PWY-4981,L-proline biosynthesis II (from arginine),metacyc.SBGN,metacyc.SBGN
PWY-4983.sbgn,MetaCyc,,MetaCyc,PWY-4983,nitric oxide biosynthesis II (mammals),metacyc.SBGN,metacyc.SBGN
PWY-4984.sbgn,MetaCyc,,MetaCyc,PWY-4984,urea cycle,metacyc.SBGN,metacyc.SBGN
PWY-4985.sbgn,MetaCyc,,MetaCyc,PWY-4985,mimosine biosynthesis,metacyc.SBGN,metacyc.SBGN
PWY-5.sbgn,MetaCyc,,MetaCyc,PWY-5,canavanine biosynthesis,metacyc.SBGN,metacyc.SBGN
PWY-5001.sbgn,MetaCyc,,MetaCyc,PWY-5001,tetrahydroxyxanthone biosynthesis (from benzoate),metacyc.SBGN,metacyc.SBGN
PWY-5002.sbgn,MetaCyc,,MetaCyc,PWY-5002,tetrahydroxyxanthone biosynthesis (from 3-hydroxybenzoate),metacyc.SBGN,metacyc.SBGN
PWY-5004.sbgn,MetaCyc,,MetaCyc,PWY-5004,superpathway of L-citrulline metabolism,metacyc.SBGN,metacyc.SBGN
PWY-5005.sbgn,MetaCyc,,MetaCyc,PWY-5005,biotin biosynthesis II,metacyc.SBGN,metacyc.SBGN
PWY-5021.sbgn,MetaCyc,,MetaCyc,PWY-5021,willardiine and isowillardiine biosynthesis,metacyc.SBGN,metacyc.SBGN
PWY-5022.sbgn,MetaCyc,,MetaCyc,PWY-5022,4-aminobutanoate degradation V,metacyc.SBGN,metacyc.SBGN
PWY-5024.sbgn,MetaCyc,,MetaCyc,PWY-5024,L-arginine degradation XI,metacyc.SBGN,metacyc.SBGN
PWY-5025.sbgn,MetaCyc,,MetaCyc,PWY-5025,indole-3-acetate biosynthesis IV (bacteria),metacyc.SBGN,metacyc.SBGN
PWY-5026.sbgn,MetaCyc,,MetaCyc,PWY-5026,indole-3-acetate biosynthesis V (bacteria and fungi),metacyc.SBGN,metacyc.SBGN
PWY-5027.sbgn,MetaCyc,,MetaCyc,PWY-5027,phylloquinol biosynthesis,metacyc.SBGN,metacyc.SBGN
PWY-5028.sbgn,MetaCyc,,MetaCyc,PWY-5028,L-histidine degradation II,metacyc.SBGN,metacyc.SBGN
PWY-5029.sbgn,MetaCyc,,MetaCyc,PWY-5029,imidazole-lactate degradation,metacyc.SBGN,metacyc.SBGN
PWY-5030.sbgn,MetaCyc,,MetaCyc,PWY-5030,L-histidine degradation III,metacyc.SBGN,metacyc.SBGN
PWY-5031.sbgn,MetaCyc,,MetaCyc,PWY-5031,L-histidine degradation V,metacyc.SBGN,metacyc.SBGN
PWY-5032.sbgn,MetaCyc,,MetaCyc,PWY-5032,<i>ent</i>-kaurene biosynthesis I,metacyc.SBGN,metacyc.SBGN
PWY-5033.sbgn,MetaCyc,,MetaCyc,PWY-5033,nicotinate degradation II,metacyc.SBGN,metacyc.SBGN
PWY-5034.sbgn,MetaCyc,,MetaCyc,PWY-5034,GA<sub>12</sub> biosynthesis,metacyc.SBGN,metacyc.SBGN
PWY-5035.sbgn,MetaCyc,,MetaCyc,PWY-5035,gibberellin biosynthesis III (early C-13 hydroxylation),metacyc.SBGN,metacyc.SBGN
PWY-5036.sbgn,MetaCyc,,MetaCyc,PWY-5036,gibberellin biosynthesis II (early C-3 hydroxylation),metacyc.SBGN,metacyc.SBGN
PWY-5037.sbgn,MetaCyc,,MetaCyc,PWY-5037,caffeine biosynthesis I,metacyc.SBGN,metacyc.SBGN
PWY-5038.sbgn,MetaCyc,,MetaCyc,PWY-5038,caffeine biosynthesis II (via paraxanthine),metacyc.SBGN,metacyc.SBGN
PWY-5039.sbgn,MetaCyc,,MetaCyc,PWY-5039,theobromine biosynthesis I,metacyc.SBGN,metacyc.SBGN
PWY-5040.sbgn,MetaCyc,,MetaCyc,PWY-5040,theobromine biosynthesis II (via xanthine),metacyc.SBGN,metacyc.SBGN
PWY-5041.sbgn,MetaCyc,,MetaCyc,PWY-5041,<i>S</i>-adenosyl-L-methionine cycle II,metacyc.SBGN,metacyc.SBGN
PWY-5044.sbgn,MetaCyc,,MetaCyc,PWY-5044,purine nucleotides degradation I (plants),metacyc.SBGN,metacyc.SBGN
PWY-5045.sbgn,MetaCyc,,MetaCyc,PWY-5045,pinosylvin metabolism,metacyc.SBGN,metacyc.SBGN
PWY-5046.sbgn,MetaCyc,,MetaCyc,PWY-5046,2-oxoisovalerate decarboxylation to isobutanoyl-CoA,metacyc.SBGN,metacyc.SBGN
PWY-5047.sbgn,MetaCyc,,MetaCyc,PWY-5047,gibberellin biosynthesis IV (<i>Gibberella fujikuroi</i>),metacyc.SBGN,metacyc.SBGN
PWY-5048.sbgn,MetaCyc,,MetaCyc,PWY-5048,rosmarinic acid biosynthesis I,metacyc.SBGN,metacyc.SBGN
PWY-5049.sbgn,MetaCyc,,MetaCyc,PWY-5049,rosmarinic acid biosynthesis II,metacyc.SBGN,metacyc.SBGN
PWY-5052.sbgn,MetaCyc,,MetaCyc,PWY-5052,superpathway of gibberellin biosynthesis,metacyc.SBGN,metacyc.SBGN
PWY-5053.sbgn,MetaCyc,,MetaCyc,PWY-5053,superpathway of gibberellin GA<sub>12</sub> biosynthesis,metacyc.SBGN,metacyc.SBGN
PWY-5054.sbgn,MetaCyc,,MetaCyc,PWY-5054,sorbitol biosynthesis I,metacyc.SBGN,metacyc.SBGN
PWY-5055.sbgn,MetaCyc,,MetaCyc,PWY-5055,nicotinate degradation III,metacyc.SBGN,metacyc.SBGN
PWY-5057.sbgn,MetaCyc,,MetaCyc,PWY-5057,L-valine degradation II,metacyc.SBGN,metacyc.SBGN
PWY-5059.sbgn,MetaCyc,,MetaCyc,PWY-5059,pinobanksin biosynthesis,metacyc.SBGN,metacyc.SBGN
PWY-5060.sbgn,MetaCyc,,MetaCyc,PWY-5060,luteolin biosynthesis,metacyc.SBGN,metacyc.SBGN
PWY-5061.sbgn,MetaCyc,,MetaCyc,PWY-5061,"6,7,4'-trihydroxyisoflavone biosynthesis",metacyc.SBGN,metacyc.SBGN
PWY-5062.sbgn,MetaCyc,,MetaCyc,PWY-5062,superpathway of nicotinate degradation,metacyc.SBGN,metacyc.SBGN
PWY-5063.sbgn,MetaCyc,,MetaCyc,PWY-5063,phytyl diphosphate biosynthesis,metacyc.SBGN,metacyc.SBGN
PWY-5064.sbgn,MetaCyc,,MetaCyc,PWY-5064,chlorophyll <i>a</i> biosynthesis II,metacyc.SBGN,metacyc.SBGN
PWY-5067.sbgn,MetaCyc,,MetaCyc,PWY-5067,glycogen biosynthesis II (from UDP-D-Glucose),metacyc.SBGN,metacyc.SBGN
PWY-5068.sbgn,MetaCyc,,MetaCyc,PWY-5068,chlorophyll cycle,metacyc.SBGN,metacyc.SBGN
PWY-5070.sbgn,MetaCyc,,MetaCyc,PWY-5070,"gibberellin biosynthesis I (non C-3, non C-13 hydroxylation)",metacyc.SBGN,metacyc.SBGN
PWY-5071.sbgn,MetaCyc,,MetaCyc,PWY-5071,superpathway of rosmarinic acid biosynthesis,metacyc.SBGN,metacyc.SBGN
PWY-5074.sbgn,MetaCyc,,MetaCyc,PWY-5074,mevalonate degradation,metacyc.SBGN,metacyc.SBGN
PWY-5075.sbgn,MetaCyc,,MetaCyc,PWY-5075,L-leucine degradation II,metacyc.SBGN,metacyc.SBGN
PWY-5076.sbgn,MetaCyc,,MetaCyc,PWY-5076,L-leucine degradation III,metacyc.SBGN,metacyc.SBGN
PWY-5078.sbgn,MetaCyc,,MetaCyc,PWY-5078,L-isoleucine degradation II,metacyc.SBGN,metacyc.SBGN
PWY-5079.sbgn,MetaCyc,,MetaCyc,PWY-5079,L-phenylalanine degradation III,metacyc.SBGN,metacyc.SBGN
PWY-5080.sbgn,MetaCyc,,MetaCyc,PWY-5080,very long chain fatty acid biosynthesis I,metacyc.SBGN,metacyc.SBGN
PWY-5081.sbgn,MetaCyc,,MetaCyc,PWY-5081,L-tryptophan degradation VIII (to tryptophol),metacyc.SBGN,metacyc.SBGN
PWY-5082.sbgn,MetaCyc,,MetaCyc,PWY-5082,L-methionine degradation III,metacyc.SBGN,metacyc.SBGN
PWY-5083.sbgn,MetaCyc,,MetaCyc,PWY-5083,NAD/NADH phosphorylation and dephosphorylation,metacyc.SBGN,metacyc.SBGN
PWY-5084.sbgn,MetaCyc,,MetaCyc,PWY-5084,2-oxoglutarate decarboxylation to succinyl-CoA,metacyc.SBGN,metacyc.SBGN
PWY-5086.sbgn,MetaCyc,,MetaCyc,PWY-5086,chlorophyll <i>a</i> biosynthesis I,metacyc.SBGN,metacyc.SBGN
PWY-5087.sbgn,MetaCyc,,MetaCyc,PWY-5087,L-glutamate degradation VI (to pyruvate),metacyc.SBGN,metacyc.SBGN
PWY-5088.sbgn,MetaCyc,,MetaCyc,PWY-5088,L-glutamate degradation VIII (to propanoate),metacyc.SBGN,metacyc.SBGN
PWY-5094.sbgn,MetaCyc,,MetaCyc,PWY-5094,naringenin glycoside biosynthesis,metacyc.SBGN,metacyc.SBGN
PWY-5096.sbgn,MetaCyc,,MetaCyc,PWY-5096,pyruvate fermentation to acetate and alanine,metacyc.SBGN,metacyc.SBGN
PWY-5097.sbgn,MetaCyc,,MetaCyc,PWY-5097,L-lysine biosynthesis VI,metacyc.SBGN,metacyc.SBGN
PWY-5098.sbgn,MetaCyc,,MetaCyc,PWY-5098,chlorophyll <i>a</i> degradation I,metacyc.SBGN,metacyc.SBGN
PWY-5100.sbgn,MetaCyc,,MetaCyc,PWY-5100,pyruvate fermentation to acetate and lactate II,metacyc.SBGN,metacyc.SBGN
PWY-5101.sbgn,MetaCyc,,MetaCyc,PWY-5101,L-isoleucine biosynthesis II,metacyc.SBGN,metacyc.SBGN
PWY-5103.sbgn,MetaCyc,,MetaCyc,PWY-5103,L-isoleucine biosynthesis III,metacyc.SBGN,metacyc.SBGN
PWY-5104.sbgn,MetaCyc,,MetaCyc,PWY-5104,L-isoleucine biosynthesis IV,metacyc.SBGN,metacyc.SBGN
PWY-5105.sbgn,MetaCyc,,MetaCyc,PWY-5105,hesperitin glycoside biosynthesis,metacyc.SBGN,metacyc.SBGN
PWY-5107.sbgn,MetaCyc,,MetaCyc,PWY-5107,phytol salvage pathway,metacyc.SBGN,metacyc.SBGN
PWY-5108.sbgn,MetaCyc,,MetaCyc,PWY-5108,L-isoleucine biosynthesis V,metacyc.SBGN,metacyc.SBGN
PWY-5109.sbgn,MetaCyc,,MetaCyc,PWY-5109,fermentation to 2-methylbutanoate,metacyc.SBGN,metacyc.SBGN
PWY-5110.sbgn,MetaCyc,,MetaCyc,PWY-5110,trigonelline biosynthesis,metacyc.SBGN,metacyc.SBGN
PWY-5113.sbgn,MetaCyc,,MetaCyc,PWY-5113,UDP-D-apiose biosynthesis (from UDP-D-glucuronate),metacyc.SBGN,metacyc.SBGN
PWY-5114.sbgn,MetaCyc,,MetaCyc,PWY-5114,UDP-sugars interconversion,metacyc.SBGN,metacyc.SBGN
PWY-5115.sbgn,MetaCyc,,MetaCyc,PWY-5115,GDP-L-galactose biosynthesis,metacyc.SBGN,metacyc.SBGN
PWY-5116.sbgn,MetaCyc,,MetaCyc,PWY-5116,sakuranetin biosynthesis,metacyc.SBGN,metacyc.SBGN
PWY-5118.sbgn,MetaCyc,,MetaCyc,PWY-5118,ponciretin biosynthesis,metacyc.SBGN,metacyc.SBGN
PWY-5119.sbgn,MetaCyc,,MetaCyc,PWY-5119,acacetin biosynthesis,metacyc.SBGN,metacyc.SBGN
PWY-5120.sbgn,MetaCyc,,MetaCyc,PWY-5120,geranylgeranyl diphosphate biosynthesis,metacyc.SBGN,metacyc.SBGN
PWY-5121.sbgn,MetaCyc,,MetaCyc,PWY-5121,superpathway of geranylgeranyl diphosphate biosynthesis II (via MEP),metacyc.SBGN,metacyc.SBGN
PWY-5122.sbgn,MetaCyc,,MetaCyc,PWY-5122,geranyl diphosphate biosynthesis,metacyc.SBGN,metacyc.SBGN
PWY-5123.sbgn,MetaCyc,,MetaCyc,PWY-5123,"<i>trans, trans</i>-farnesyl diphosphate biosynthesis",metacyc.SBGN,metacyc.SBGN
PWY-5125.sbgn,MetaCyc,,MetaCyc,PWY-5125,anthocyanin biosynthesis,metacyc.SBGN,metacyc.SBGN
PWY-5129.sbgn,MetaCyc,,MetaCyc,PWY-5129,sphingolipid biosynthesis (plants),metacyc.SBGN,metacyc.SBGN
PWY-5130.sbgn,MetaCyc,,MetaCyc,PWY-5130,2-oxobutanoate degradation I,metacyc.SBGN,metacyc.SBGN
PWY-5132.sbgn,MetaCyc,,MetaCyc,PWY-5132,lupulone and humulone biosynthesis,metacyc.SBGN,metacyc.SBGN
PWY-5133.sbgn,MetaCyc,,MetaCyc,PWY-5133,colupulone and cohumulone biosynthesis,metacyc.SBGN,metacyc.SBGN
PWY-5134.sbgn,MetaCyc,,MetaCyc,PWY-5134,superpathway of bitter acids biosynthesis,metacyc.SBGN,metacyc.SBGN
PWY-5135.sbgn,MetaCyc,,MetaCyc,PWY-5135,xanthohumol biosynthesis,metacyc.SBGN,metacyc.SBGN
PWY-5136.sbgn,MetaCyc,,MetaCyc,PWY-5136,fatty acid &beta;-oxidation II (peroxisome),metacyc.SBGN,metacyc.SBGN
PWY-5137.sbgn,MetaCyc,,MetaCyc,PWY-5137,"fatty acid &beta;-oxidation III (unsaturated, odd number)",metacyc.SBGN,metacyc.SBGN
PWY-5138.sbgn,MetaCyc,,MetaCyc,PWY-5138,"unsaturated, even numbered fatty acid &beta;-oxidation",metacyc.SBGN,metacyc.SBGN
PWY-5139.sbgn,MetaCyc,,MetaCyc,PWY-5139,pelargonidin conjugates biosynthesis,metacyc.SBGN,metacyc.SBGN
PWY-5140.sbgn,MetaCyc,,MetaCyc,PWY-5140,cannabinoid biosynthesis,metacyc.SBGN,metacyc.SBGN
PWY-5142.sbgn,MetaCyc,,MetaCyc,PWY-5142,acyl-ACP thioesterase pathway,metacyc.SBGN,metacyc.SBGN
PWY-5143.sbgn,MetaCyc,,MetaCyc,PWY-5143,long-chain fatty acid activation,metacyc.SBGN,metacyc.SBGN
PWY-5147.sbgn,MetaCyc,,MetaCyc,PWY-5147,oleate biosynthesis I (plants),metacyc.SBGN,metacyc.SBGN
PWY-5148.sbgn,MetaCyc,,MetaCyc,PWY-5148,acyl-CoA hydrolysis,metacyc.SBGN,metacyc.SBGN
PWY-5151.sbgn,MetaCyc,,MetaCyc,PWY-5151,L-tyrosine degradation II,metacyc.SBGN,metacyc.SBGN
PWY-5152.sbgn,MetaCyc,,MetaCyc,PWY-5152,leucodelphinidin biosynthesis,metacyc.SBGN,metacyc.SBGN
PWY-5153.sbgn,MetaCyc,,MetaCyc,PWY-5153,anthocyanin biosynthesis (delphinidin 3-O-glucoside),metacyc.SBGN,metacyc.SBGN
PWY-5154.sbgn,MetaCyc,,MetaCyc,PWY-5154,L-arginine biosynthesis III (via <i>N</i>-acetyl-L-citrulline),metacyc.SBGN,metacyc.SBGN
PWY-5155.sbgn,MetaCyc,,MetaCyc,PWY-5155,&beta;-alanine biosynthesis III,metacyc.SBGN,metacyc.SBGN
PWY-5156.sbgn,MetaCyc,,MetaCyc,PWY-5156,superpathway of fatty acid biosynthesis II (plant),metacyc.SBGN,metacyc.SBGN
PWY-5159.sbgn,MetaCyc,,MetaCyc,PWY-5159,<i>trans</i>-4-hydroxy-L-proline degradation II,metacyc.SBGN,metacyc.SBGN
PWY-5160.sbgn,MetaCyc,,MetaCyc,PWY-5160,rose anthocyanin biosynthesis I (via cyanidin 5-<i>O</i>-&beta;-<i>D</i>-glucoside),metacyc.SBGN,metacyc.SBGN
PWY-5161.sbgn,MetaCyc,,MetaCyc,PWY-5161,6'-deoxychalcone metabolism,metacyc.SBGN,metacyc.SBGN
PWY-5162.sbgn,MetaCyc,,MetaCyc,PWY-5162,2-oxopentenoate degradation,metacyc.SBGN,metacyc.SBGN
PWY-5163.sbgn,MetaCyc,,MetaCyc,PWY-5163,<I>p</I>-cumate degradation to 2-oxopent-4-enoate,metacyc.SBGN,metacyc.SBGN
PWY-5165.sbgn,MetaCyc,,MetaCyc,PWY-5165,4-toluenesulfonate degradation II,metacyc.SBGN,metacyc.SBGN
PWY-5168.sbgn,MetaCyc,,MetaCyc,PWY-5168,ferulate and sinapate biosynthesis,metacyc.SBGN,metacyc.SBGN
PWY-5169.sbgn,MetaCyc,,MetaCyc,PWY-5169,cyanurate degradation,metacyc.SBGN,metacyc.SBGN
PWY-5170.sbgn,MetaCyc,,MetaCyc,PWY-5170,melamine degradation,metacyc.SBGN,metacyc.SBGN
PWY-5171.sbgn,MetaCyc,,MetaCyc,PWY-5171,<i>N</i>-cyclopropylmelamine degradation,metacyc.SBGN,metacyc.SBGN
PWY-5172.sbgn,MetaCyc,,MetaCyc,PWY-5172,acetyl-CoA biosynthesis III (from citrate),metacyc.SBGN,metacyc.SBGN
PWY-5173.sbgn,MetaCyc,,MetaCyc,PWY-5173,superpathway of acetyl-CoA biosynthesis,metacyc.SBGN,metacyc.SBGN
PWY-5174.sbgn,MetaCyc,,MetaCyc,PWY-5174,capsanthin and capsorubin biosynthesis,metacyc.SBGN,metacyc.SBGN
PWY-5175.sbgn,MetaCyc,,MetaCyc,PWY-5175,lactucaxanthin biosynthesis,metacyc.SBGN,metacyc.SBGN
PWY-5176.sbgn,MetaCyc,,MetaCyc,PWY-5176,coumarin biosynthesis (via 2-coumarate),metacyc.SBGN,metacyc.SBGN
PWY-5177.sbgn,MetaCyc,,MetaCyc,PWY-5177,glutaryl-CoA degradation,metacyc.SBGN,metacyc.SBGN
PWY-5178.sbgn,MetaCyc,,MetaCyc,PWY-5178,toluene degradation IV (aerobic) (via catechol),metacyc.SBGN,metacyc.SBGN
PWY-5179.sbgn,MetaCyc,,MetaCyc,PWY-5179,toluene degradation V (aerobic) (<I>via</I> toluene-<I>cis</I>-diol),metacyc.SBGN,metacyc.SBGN
PWY-5180.sbgn,MetaCyc,,MetaCyc,PWY-5180,toluene degradation I (aerobic) (<I>via</I> <i>o</I>-cresol),metacyc.SBGN,metacyc.SBGN
PWY-5181.sbgn,MetaCyc,,MetaCyc,PWY-5181,toluene degradation III (aerobic) (via <i>p</i>-cresol),metacyc.SBGN,metacyc.SBGN
PWY-5182.sbgn,MetaCyc,,MetaCyc,PWY-5182,toluene degradation II (aerobic) (via 4-methylcatechol),metacyc.SBGN,metacyc.SBGN
PWY-5183.sbgn,MetaCyc,,MetaCyc,PWY-5183,superpathway of aerobic toluene degradation,metacyc.SBGN,metacyc.SBGN
PWY-5184.sbgn,MetaCyc,,MetaCyc,PWY-5184,toluene degradation VI (anaerobic),metacyc.SBGN,metacyc.SBGN
PWY-5188.sbgn,MetaCyc,,MetaCyc,PWY-5188,tetrapyrrole biosynthesis I (from glutamate),metacyc.SBGN,metacyc.SBGN
PWY-5189.sbgn,MetaCyc,,MetaCyc,PWY-5189,tetrapyrrole biosynthesis II (from glycine),metacyc.SBGN,metacyc.SBGN
PWY-5194.sbgn,MetaCyc,,MetaCyc,PWY-5194,siroheme biosynthesis,metacyc.SBGN,metacyc.SBGN
PWY-5195.sbgn,MetaCyc,,MetaCyc,PWY-5195,artemisinin biosynthesis,metacyc.SBGN,metacyc.SBGN
PWY-5196.sbgn,MetaCyc,,MetaCyc,PWY-5196,factor 430 biosynthesis,metacyc.SBGN,metacyc.SBGN
PWY-5197.sbgn,MetaCyc,,MetaCyc,PWY-5197,lactate biosynthesis (archaea),metacyc.SBGN,metacyc.SBGN
PWY-5198.sbgn,MetaCyc,,MetaCyc,PWY-5198,factor 420 biosynthesis,metacyc.SBGN,metacyc.SBGN
PWY-5199.sbgn,MetaCyc,,MetaCyc,PWY-5199,factor 420 polyglutamylation,metacyc.SBGN,metacyc.SBGN
PWY-5203.sbgn,MetaCyc,,MetaCyc,PWY-5203,soybean saponin I biosynthesis,metacyc.SBGN,metacyc.SBGN
PWY-5207.sbgn,MetaCyc,,MetaCyc,PWY-5207,coenzyme B/coenzyme M regeneration I (methanophenazine-dependent),metacyc.SBGN,metacyc.SBGN
PWY-5209.sbgn,MetaCyc,,MetaCyc,PWY-5209,methyl-coenzyme M oxidation to CO<sub>2</sub>,metacyc.SBGN,metacyc.SBGN
PWY-5247.sbgn,MetaCyc,,MetaCyc,PWY-5247,methanogenesis from methylamine,metacyc.SBGN,metacyc.SBGN
PWY-5248.sbgn,MetaCyc,,MetaCyc,PWY-5248,methanogenesis from dimethylamine,metacyc.SBGN,metacyc.SBGN
PWY-5250.sbgn,MetaCyc,,MetaCyc,PWY-5250,methanogenesis from trimethylamine,metacyc.SBGN,metacyc.SBGN
PWY-5254.sbgn,MetaCyc,,MetaCyc,PWY-5254,methanofuran biosynthesis,metacyc.SBGN,metacyc.SBGN
PWY-5257.sbgn,MetaCyc,,MetaCyc,PWY-5257,superpathway of pentose and pentitol degradation,metacyc.SBGN,metacyc.SBGN
PWY-5258.sbgn,MetaCyc,,MetaCyc,PWY-5258,methanogenesis from dimethylsulfide,metacyc.SBGN,metacyc.SBGN
PWY-5259.sbgn,MetaCyc,,MetaCyc,PWY-5259,methanogenesis from methanethiol,metacyc.SBGN,metacyc.SBGN
PWY-5260.sbgn,MetaCyc,,MetaCyc,PWY-5260,methanogenesis from methylthiopropanoate,metacyc.SBGN,metacyc.SBGN
PWY-5261.sbgn,MetaCyc,,MetaCyc,PWY-5261,methanogenesis from tetramethylammonium,metacyc.SBGN,metacyc.SBGN
PWY-5265.sbgn,MetaCyc,,MetaCyc,PWY-5265,peptidoglycan biosynthesis II (staphylococci),metacyc.SBGN,metacyc.SBGN
PWY-5266.sbgn,MetaCyc,,MetaCyc,PWY-5266,<I>p</I>-cymene degradation,metacyc.SBGN,metacyc.SBGN
PWY-5267.sbgn,MetaCyc,,MetaCyc,PWY-5267,glucosinolate activation,metacyc.SBGN,metacyc.SBGN
PWY-5268.sbgn,MetaCyc,,MetaCyc,PWY-5268,salvianin biosynthesis,metacyc.SBGN,metacyc.SBGN
PWY-5269.sbgn,MetaCyc,,MetaCyc,PWY-5269,cardiolipin biosynthesis II,metacyc.SBGN,metacyc.SBGN
PWY-5270.sbgn,MetaCyc,,MetaCyc,PWY-5270,morphine biosynthesis,metacyc.SBGN,metacyc.SBGN
PWY-5271.sbgn,MetaCyc,,MetaCyc,PWY-5271,abscisic acid degradation to phaseic acid,metacyc.SBGN,metacyc.SBGN
PWY-5272.sbgn,MetaCyc,,MetaCyc,PWY-5272,abscisic acid degradation by glucosylation,metacyc.SBGN,metacyc.SBGN
PWY-5273.sbgn,MetaCyc,,MetaCyc,PWY-5273,<i>p</i>-cumate degradation,metacyc.SBGN,metacyc.SBGN
PWY-5274.sbgn,MetaCyc,,MetaCyc,PWY-5274,sulfide oxidation II (sulfide dehydrogenase),metacyc.SBGN,metacyc.SBGN
PWY-5276.sbgn,MetaCyc,,MetaCyc,PWY-5276,sulfite oxidation I,metacyc.SBGN,metacyc.SBGN
PWY-5277.sbgn,MetaCyc,,MetaCyc,PWY-5277,thiosulfate disproportionation I (thiol-dependent),metacyc.SBGN,metacyc.SBGN
PWY-5278.sbgn,MetaCyc,,MetaCyc,PWY-5278,sulfite oxidation III,metacyc.SBGN,metacyc.SBGN
PWY-5279.sbgn,MetaCyc,,MetaCyc,PWY-5279,sulfite oxidation II,metacyc.SBGN,metacyc.SBGN
PWY-5280.sbgn,MetaCyc,,MetaCyc,PWY-5280,L-lysine degradation IV,metacyc.SBGN,metacyc.SBGN
PWY-5283.sbgn,MetaCyc,,MetaCyc,PWY-5283,L-lysine degradation V,metacyc.SBGN,metacyc.SBGN
PWY-5284.sbgn,MetaCyc,,MetaCyc,PWY-5284,shisonin biosynthesis,metacyc.SBGN,metacyc.SBGN
PWY-5285.sbgn,MetaCyc,,MetaCyc,PWY-5285,sulfide oxidation III (persulfide dioxygenase),metacyc.SBGN,metacyc.SBGN
PWY-5286.sbgn,MetaCyc,,MetaCyc,PWY-5286,anthocyanidin sophoroside metabolism,metacyc.SBGN,metacyc.SBGN
PWY-5287.sbgn,MetaCyc,,MetaCyc,PWY-5287,sanguinarine and macarpine biosynthesis,metacyc.SBGN,metacyc.SBGN
PWY-5288.sbgn,MetaCyc,,MetaCyc,PWY-5288,"astaxanthin biosynthesis (bacteria, fungi, algae)",metacyc.SBGN,metacyc.SBGN
PWY-5290.sbgn,MetaCyc,,MetaCyc,PWY-5290,secologanin and strictosidine biosynthesis,metacyc.SBGN,metacyc.SBGN
PWY-5291.sbgn,MetaCyc,,MetaCyc,PWY-5291,canthaxanthin biosynthesis,metacyc.SBGN,metacyc.SBGN
PWY-5292.sbgn,MetaCyc,,MetaCyc,PWY-5292,vindoline and vinblastine biosynthesis,metacyc.SBGN,metacyc.SBGN
PWY-5294.sbgn,MetaCyc,,MetaCyc,PWY-5294,superpathway of sulfide oxidation (<i>Acidithiobacillus ferrooxidans</i>),metacyc.SBGN,metacyc.SBGN
PWY-5295.sbgn,MetaCyc,,MetaCyc,PWY-5295,ternatin C5 biosynthesis,metacyc.SBGN,metacyc.SBGN
PWY-5296.sbgn,MetaCyc,,MetaCyc,PWY-5296,thiosulfate oxidation III (multienzyme complex),metacyc.SBGN,metacyc.SBGN
PWY-5297.sbgn,MetaCyc,,MetaCyc,PWY-5297,siroheme amide biosynthesis,metacyc.SBGN,metacyc.SBGN
PWY-5298.sbgn,MetaCyc,,MetaCyc,PWY-5298,L-lysine degradation VI,metacyc.SBGN,metacyc.SBGN
PWY-5301.sbgn,MetaCyc,,MetaCyc,PWY-5301,ajmaline and sarpagine biosynthesis,metacyc.SBGN,metacyc.SBGN
PWY-5302.sbgn,MetaCyc,,MetaCyc,PWY-5302,sulfur disproportionation II (aerobic),metacyc.SBGN,metacyc.SBGN
PWY-5303.sbgn,MetaCyc,,MetaCyc,PWY-5303,thiosulfate oxidation II (via tetrathionate),metacyc.SBGN,metacyc.SBGN
PWY-5304.sbgn,MetaCyc,,MetaCyc,PWY-5304,superpathway of sulfur oxidation (<i>Acidianus ambivalens</i>),metacyc.SBGN,metacyc.SBGN
PWY-5305.sbgn,MetaCyc,,MetaCyc,PWY-5305,bixin biosynthesis,metacyc.SBGN,metacyc.SBGN
PWY-5306.sbgn,MetaCyc,,MetaCyc,PWY-5306,superpathway of thiosulfate metabolism (<i>Desulfovibrio sulfodismutans</i>),metacyc.SBGN,metacyc.SBGN
PWY-5307.sbgn,MetaCyc,,MetaCyc,PWY-5307,gentiodelphin biosynthesis,metacyc.SBGN,metacyc.SBGN
PWY-5308.sbgn,MetaCyc,,MetaCyc,PWY-5308,superpathway of sulfur metabolism (<i>Desulfocapsa sulfoexigens</i>),metacyc.SBGN,metacyc.SBGN
PWY-5310.sbgn,MetaCyc,,MetaCyc,PWY-5310,superpathway of anthocyanin biosynthesis (from delphinidin 3-<i>O</i>-glucoside),metacyc.SBGN,metacyc.SBGN
PWY-5311.sbgn,MetaCyc,,MetaCyc,PWY-5311,L-lysine degradation VII,metacyc.SBGN,metacyc.SBGN
PWY-5312.sbgn,MetaCyc,,MetaCyc,PWY-5312,superpathway of anthocyanin biosynthesis (from pelargonidin 3-O-glucoside),metacyc.SBGN,metacyc.SBGN
PWY-5313.sbgn,MetaCyc,,MetaCyc,PWY-5313,superpathway of anthocyanin biosynthesis (from cyanidin and cyanidin 3-<i>O</i>-glucoside),metacyc.SBGN,metacyc.SBGN
PWY-5314.sbgn,MetaCyc,,MetaCyc,PWY-5314,L-lysine degradation VIII,metacyc.SBGN,metacyc.SBGN
PWY-5315.sbgn,MetaCyc,,MetaCyc,PWY-5315,N-methyl-&Delta;<sup>1</sup>-pyrrolinium cation biosynthesis,metacyc.SBGN,metacyc.SBGN
PWY-5316.sbgn,MetaCyc,,MetaCyc,PWY-5316,nicotine biosynthesis,metacyc.SBGN,metacyc.SBGN
PWY-5317.sbgn,MetaCyc,,MetaCyc,PWY-5317,hyoscyamine and scopolamine biosynthesis,metacyc.SBGN,metacyc.SBGN
PWY-5318.sbgn,MetaCyc,,MetaCyc,PWY-5318,calystegine biosynthesis,metacyc.SBGN,metacyc.SBGN
PWY-5319.sbgn,MetaCyc,,MetaCyc,PWY-5319,coumarin metabolism (to melilotic acid),metacyc.SBGN,metacyc.SBGN
PWY-5320.sbgn,MetaCyc,,MetaCyc,PWY-5320,kaempferol glycoside biosynthesis (Arabidopsis),metacyc.SBGN,metacyc.SBGN
PWY-5321.sbgn,MetaCyc,,MetaCyc,PWY-5321,quercetin glycoside biosynthesis (Arabidopsis),metacyc.SBGN,metacyc.SBGN
PWY-5324.sbgn,MetaCyc,,MetaCyc,PWY-5324,L-lysine degradation IX,metacyc.SBGN,metacyc.SBGN
PWY-5326.sbgn,MetaCyc,,MetaCyc,PWY-5326,sulfite oxidation IV,metacyc.SBGN,metacyc.SBGN
PWY-5327.sbgn,MetaCyc,,MetaCyc,PWY-5327,superpathway of L-lysine degradation,metacyc.SBGN,metacyc.SBGN
PWY-5328.sbgn,MetaCyc,,MetaCyc,PWY-5328,superpathway of L-methionine salvage and degradation,metacyc.SBGN,metacyc.SBGN
PWY-5329.sbgn,MetaCyc,,MetaCyc,PWY-5329,L-cysteine degradation III,metacyc.SBGN,metacyc.SBGN
PWY-5331.sbgn,MetaCyc,,MetaCyc,PWY-5331,taurine biosynthesis I,metacyc.SBGN,metacyc.SBGN
PWY-5332.sbgn,MetaCyc,,MetaCyc,PWY-5332,sulfur reduction I,metacyc.SBGN,metacyc.SBGN
PWY-5335.sbgn,MetaCyc,,MetaCyc,PWY-5335,superpathway of sulfide oxidation (<i>Starkeya novella</i>),metacyc.SBGN,metacyc.SBGN
PWY-5336.sbgn,MetaCyc,,MetaCyc,PWY-5336,carbon disulfide oxidation II (aerobic),metacyc.SBGN,metacyc.SBGN
PWY-5337.sbgn,MetaCyc,,MetaCyc,PWY-5337,stachyose biosynthesis,metacyc.SBGN,metacyc.SBGN
PWY-5338.sbgn,MetaCyc,,MetaCyc,PWY-5338,galactosylcyclitol biosynthesis,metacyc.SBGN,metacyc.SBGN
PWY-5339.sbgn,MetaCyc,,MetaCyc,PWY-5339,chalcone 2'-<i>O</i>-glucoside biosynthesis,metacyc.SBGN,metacyc.SBGN
PWY-5340.sbgn,MetaCyc,,MetaCyc,PWY-5340,sulfate activation for sulfonation,metacyc.SBGN,metacyc.SBGN
PWY-5342.sbgn,MetaCyc,,MetaCyc,PWY-5342,ajugose biosynthesis I (galactinol-dependent),metacyc.SBGN,metacyc.SBGN
PWY-5343.sbgn,MetaCyc,,MetaCyc,PWY-5343,ajugose biosynthesis II (galactinol-independent),metacyc.SBGN,metacyc.SBGN
PWY-5344.sbgn,MetaCyc,,MetaCyc,PWY-5344,L-homocysteine biosynthesis,metacyc.SBGN,metacyc.SBGN
PWY-5345.sbgn,MetaCyc,,MetaCyc,PWY-5345,superpathway of L-methionine biosynthesis (by sulfhydrylation),metacyc.SBGN,metacyc.SBGN
PWY-5347.sbgn,MetaCyc,,MetaCyc,PWY-5347,superpathway of L-methionine biosynthesis (transsulfuration),metacyc.SBGN,metacyc.SBGN
PWY-5348.sbgn,MetaCyc,,MetaCyc,PWY-5348,kaempferol triglucoside biosynthesis,metacyc.SBGN,metacyc.SBGN
PWY-5349.sbgn,MetaCyc,,MetaCyc,PWY-5349,esculetin biosynthesis,metacyc.SBGN,metacyc.SBGN
PWY-5350.sbgn,MetaCyc,,MetaCyc,PWY-5350,thiosulfate disproportionation IV (rhodanese),metacyc.SBGN,metacyc.SBGN
PWY-5352.sbgn,MetaCyc,,MetaCyc,PWY-5352,thiosulfate disproportionation II (cytochrome),metacyc.SBGN,metacyc.SBGN
PWY-5353.sbgn,MetaCyc,,MetaCyc,PWY-5353,"arachidonate biosynthesis I (6-desaturase, lower eukaryotes)",metacyc.SBGN,metacyc.SBGN
PWY-5355.sbgn,MetaCyc,,MetaCyc,PWY-5355,nitroethane degradation,metacyc.SBGN,metacyc.SBGN
PWY-5358.sbgn,MetaCyc,,MetaCyc,PWY-5358,tetrathionate reduction I (to thiosulfate),metacyc.SBGN,metacyc.SBGN
PWY-5359.sbgn,MetaCyc,,MetaCyc,PWY-5359,tetrathionate reductiuon II (to trithionate),metacyc.SBGN,metacyc.SBGN
PWY-5360.sbgn,MetaCyc,,MetaCyc,PWY-5360,superpathway of tetrathionate reduction (<i>Salmonella typhimurium</i>),metacyc.SBGN,metacyc.SBGN
PWY-5361.sbgn,MetaCyc,,MetaCyc,PWY-5361,(5<i>Z</i>)-icosenoate biosynthesis,metacyc.SBGN,metacyc.SBGN
PWY-5362.sbgn,MetaCyc,,MetaCyc,PWY-5362,sapienate biosynthesis,metacyc.SBGN,metacyc.SBGN
PWY-5363.sbgn,MetaCyc,,MetaCyc,PWY-5363,chrysin biosynthesis,metacyc.SBGN,metacyc.SBGN
PWY-5364.sbgn,MetaCyc,,MetaCyc,PWY-5364,sulfur reduction II (via polysulfide),metacyc.SBGN,metacyc.SBGN
PWY-5365.sbgn,MetaCyc,,MetaCyc,PWY-5365,linear furanocoumarin biosynthesis,metacyc.SBGN,metacyc.SBGN
PWY-5366.sbgn,MetaCyc,,MetaCyc,PWY-5366,palmitoleate biosynthesis II (plants and bacteria),metacyc.SBGN,metacyc.SBGN
PWY-5367.sbgn,MetaCyc,,MetaCyc,PWY-5367,petroselinate biosynthesis,metacyc.SBGN,metacyc.SBGN
PWY-5368.sbgn,MetaCyc,,MetaCyc,PWY-5368,dimorphecolate biosynthesis,metacyc.SBGN,metacyc.SBGN
PWY-5370.sbgn,MetaCyc,,MetaCyc,PWY-5370,carbon tetrachloride degradation I,metacyc.SBGN,metacyc.SBGN
PWY-5371.sbgn,MetaCyc,,MetaCyc,PWY-5371,chrysophanol biosynthesis,metacyc.SBGN,metacyc.SBGN
PWY-5372.sbgn,MetaCyc,,MetaCyc,PWY-5372,carbon tetrachloride degradation II,metacyc.SBGN,metacyc.SBGN
PWY-5373.sbgn,MetaCyc,,MetaCyc,PWY-5373,calendate biosynthesis,metacyc.SBGN,metacyc.SBGN
PWY-5374.sbgn,MetaCyc,,MetaCyc,PWY-5374,punicate biosynthesis,metacyc.SBGN,metacyc.SBGN
PWY-5375.sbgn,MetaCyc,,MetaCyc,PWY-5375,&alpha;-eleostearate biosynthesis,metacyc.SBGN,metacyc.SBGN
PWY-5377.sbgn,MetaCyc,,MetaCyc,PWY-5377,&alpha;-amyrin biosynthesis,metacyc.SBGN,metacyc.SBGN
PWY-5379.sbgn,MetaCyc,,MetaCyc,PWY-5379,B series fagopyritols biosynthesis,metacyc.SBGN,metacyc.SBGN
PWY-5380.sbgn,MetaCyc,,MetaCyc,PWY-5380,A series fagopyritols biosynthesis,metacyc.SBGN,metacyc.SBGN
PWY-5381.sbgn,MetaCyc,,MetaCyc,PWY-5381,pyridine nucleotide cycling (plants),metacyc.SBGN,metacyc.SBGN
PWY-5382.sbgn,MetaCyc,,MetaCyc,PWY-5382,"hydrogen oxidation II (aerobic, NAD)",metacyc.SBGN,metacyc.SBGN
PWY-5384.sbgn,MetaCyc,,MetaCyc,PWY-5384,sucrose degradation IV (sucrose phosphorylase),metacyc.SBGN,metacyc.SBGN
PWY-5386.sbgn,MetaCyc,,MetaCyc,PWY-5386,methylglyoxal degradation I,metacyc.SBGN,metacyc.SBGN
PWY-5388.sbgn,MetaCyc,,MetaCyc,PWY-5388,N-glucosylnicotinate metabolism,metacyc.SBGN,metacyc.SBGN
PWY-5389.sbgn,MetaCyc,,MetaCyc,PWY-5389,3-methylthiopropanoate biosynthesis,metacyc.SBGN,metacyc.SBGN
PWY-5390.sbgn,MetaCyc,,MetaCyc,PWY-5390,rutin biosynthesis,metacyc.SBGN,metacyc.SBGN
PWY-5391.sbgn,MetaCyc,,MetaCyc,PWY-5391,syringetin biosynthesis,metacyc.SBGN,metacyc.SBGN
PWY-5392.sbgn,MetaCyc,,MetaCyc,PWY-5392,reductive TCA cycle II,metacyc.SBGN,metacyc.SBGN
PWY-5393.sbgn,MetaCyc,,MetaCyc,PWY-5393,raspberry ketone biosynthesis,metacyc.SBGN,metacyc.SBGN
PWY-5394.sbgn,MetaCyc,,MetaCyc,PWY-5394,betalamic acid biosynthesis,metacyc.SBGN,metacyc.SBGN
PWY-5397.sbgn,MetaCyc,,MetaCyc,PWY-5397,crocetin biosynthesis,metacyc.SBGN,metacyc.SBGN
PWY-5398.sbgn,MetaCyc,,MetaCyc,PWY-5398,crocetin esters biosynthesis,metacyc.SBGN,metacyc.SBGN
PWY-5399.sbgn,MetaCyc,,MetaCyc,PWY-5399,betacyanin biosynthesis,metacyc.SBGN,metacyc.SBGN
PWY-5400.sbgn,MetaCyc,,MetaCyc,PWY-5400,amaranthin biosynthesis,metacyc.SBGN,metacyc.SBGN
PWY-5403.sbgn,MetaCyc,,MetaCyc,PWY-5403,betaxanthin biosynthesis (via dopamine),metacyc.SBGN,metacyc.SBGN
PWY-5404.sbgn,MetaCyc,,MetaCyc,PWY-5404,betaxanthin biosynthesis (via dopaxanthin),metacyc.SBGN,metacyc.SBGN
PWY-5405.sbgn,MetaCyc,,MetaCyc,PWY-5405,superpathway of betalain biosynthesis,metacyc.SBGN,metacyc.SBGN
PWY-5406.sbgn,MetaCyc,,MetaCyc,PWY-5406,divinyl ether biosynthesis I,metacyc.SBGN,metacyc.SBGN
PWY-5407.sbgn,MetaCyc,,MetaCyc,PWY-5407,9-lipoxygenase and 9-allene oxide synthase pathway,metacyc.SBGN,metacyc.SBGN
PWY-5408.sbgn,MetaCyc,,MetaCyc,PWY-5408,9-lipoxygenase and 9-hydroperoxide lyase pathway,metacyc.SBGN,metacyc.SBGN
PWY-5409.sbgn,MetaCyc,,MetaCyc,PWY-5409,divinyl ether biosynthesis II,metacyc.SBGN,metacyc.SBGN
PWY-5410.sbgn,MetaCyc,,MetaCyc,PWY-5410,traumatin and (<i>Z</i>)-3-hexen-1-yl acetate biosynthesis,metacyc.SBGN,metacyc.SBGN
PWY-5411.sbgn,MetaCyc,,MetaCyc,PWY-5411,abietic acid biosynthesis,metacyc.SBGN,metacyc.SBGN
PWY-5412.sbgn,MetaCyc,,MetaCyc,PWY-5412,levopimaric acid biosynthesis,metacyc.SBGN,metacyc.SBGN
PWY-5413.sbgn,MetaCyc,,MetaCyc,PWY-5413,neoabietic acid biosynthesis,metacyc.SBGN,metacyc.SBGN
PWY-5414.sbgn,MetaCyc,,MetaCyc,PWY-5414,palustric acid biosynthesis,metacyc.SBGN,metacyc.SBGN
PWY-5415.sbgn,MetaCyc,,MetaCyc,PWY-5415,catechol degradation I (<I>meta</I>-cleavage pathway),metacyc.SBGN,metacyc.SBGN
PWY-5416.sbgn,MetaCyc,,MetaCyc,PWY-5416,superpathway of diterpene resin acids biosynthesis,metacyc.SBGN,metacyc.SBGN
PWY-5417.sbgn,MetaCyc,,MetaCyc,PWY-5417,catechol degradation III (ortho-cleavage pathway),metacyc.SBGN,metacyc.SBGN
PWY-5418.sbgn,MetaCyc,,MetaCyc,PWY-5418,phenol degradation I (aerobic),metacyc.SBGN,metacyc.SBGN
PWY-5419.sbgn,MetaCyc,,MetaCyc,PWY-5419,catechol degradation to 2-oxopent-4-enoate II,metacyc.SBGN,metacyc.SBGN
PWY-5420.sbgn,MetaCyc,,MetaCyc,PWY-5420,catechol degradation II (<I>meta</I>-cleavage pathway),metacyc.SBGN,metacyc.SBGN
PWY-5421.sbgn,MetaCyc,,MetaCyc,PWY-5421,dehydroabietic acid biosynthesis,metacyc.SBGN,metacyc.SBGN
PWY-5422.sbgn,MetaCyc,,MetaCyc,PWY-5422,isopimaric acid biosynthesis,metacyc.SBGN,metacyc.SBGN
PWY-5423.sbgn,MetaCyc,,MetaCyc,PWY-5423,oleoresin monoterpene volatiles biosynthesis,metacyc.SBGN,metacyc.SBGN
PWY-5424.sbgn,MetaCyc,,MetaCyc,PWY-5424,superpathway of oleoresin turpentine biosynthesis,metacyc.SBGN,metacyc.SBGN
PWY-5425.sbgn,MetaCyc,,MetaCyc,PWY-5425,oleoresin sesquiterpene volatiles biosynthesis,metacyc.SBGN,metacyc.SBGN
PWY-5426.sbgn,MetaCyc,,MetaCyc,PWY-5426,betaxanthin biosynthesis,metacyc.SBGN,metacyc.SBGN
PWY-5427.sbgn,MetaCyc,,MetaCyc,PWY-5427,naphthalene degradation (aerobic),metacyc.SBGN,metacyc.SBGN
PWY-5428.sbgn,MetaCyc,,MetaCyc,PWY-5428,<i>m</i>-xylene degradation to <i>m</i>-toluate,metacyc.SBGN,metacyc.SBGN
PWY-5429.sbgn,MetaCyc,,MetaCyc,PWY-5429,<i>p</i>-xylene degradation to <i>p</i>-toluate,metacyc.SBGN,metacyc.SBGN
PWY-5430.sbgn,MetaCyc,,MetaCyc,PWY-5430,<i>meta</i> cleavage pathway of aromatic compounds,metacyc.SBGN,metacyc.SBGN
PWY-5431.sbgn,MetaCyc,,MetaCyc,PWY-5431,aromatic compounds degradation via &beta;-ketoadipate,metacyc.SBGN,metacyc.SBGN
PWY-5433.sbgn,MetaCyc,,MetaCyc,PWY-5433,superpathway of lipoxygenase,metacyc.SBGN,metacyc.SBGN
PWY-5434.sbgn,MetaCyc,,MetaCyc,PWY-5434,"(3<i>E</i>)-4,8-dimethylnona-1,3,7-triene biosynthesis",metacyc.SBGN,metacyc.SBGN
PWY-5436.sbgn,MetaCyc,,MetaCyc,PWY-5436,L-threonine degradation IV,metacyc.SBGN,metacyc.SBGN
PWY-5437.sbgn,MetaCyc,,MetaCyc,PWY-5437,L-threonine degradation I,metacyc.SBGN,metacyc.SBGN
PWY-5439.sbgn,MetaCyc,,MetaCyc,PWY-5439,betacyanin biosynthesis (via dopamine),metacyc.SBGN,metacyc.SBGN
PWY-5441.sbgn,MetaCyc,,MetaCyc,PWY-5441,S-methyl-L-methionine cycle,metacyc.SBGN,metacyc.SBGN
PWY-5443.sbgn,MetaCyc,,MetaCyc,PWY-5443,aminopropanol phosphate biosynthesis I,metacyc.SBGN,metacyc.SBGN
PWY-5450.sbgn,MetaCyc,,MetaCyc,PWY-5450,benzene degradation,metacyc.SBGN,metacyc.SBGN
PWY-5451.sbgn,MetaCyc,,MetaCyc,PWY-5451,acetone degradation I (to methylglyoxal),metacyc.SBGN,metacyc.SBGN
PWY-5453.sbgn,MetaCyc,,MetaCyc,PWY-5453,methylglyoxal degradation III,metacyc.SBGN,metacyc.SBGN
PWY-5456.sbgn,MetaCyc,,MetaCyc,PWY-5456,methylglyoxal degradation VII,metacyc.SBGN,metacyc.SBGN
PWY-5458.sbgn,MetaCyc,,MetaCyc,PWY-5458,methylglyoxal degradation V,metacyc.SBGN,metacyc.SBGN
PWY-5459.sbgn,MetaCyc,,MetaCyc,PWY-5459,methylglyoxal degradation IV,metacyc.SBGN,metacyc.SBGN
PWY-5461.sbgn,MetaCyc,,MetaCyc,PWY-5461,betanidin degradation,metacyc.SBGN,metacyc.SBGN
PWY-5462.sbgn,MetaCyc,,MetaCyc,PWY-5462,methylglyoxal degradation II,metacyc.SBGN,metacyc.SBGN
PWY-5466.sbgn,MetaCyc,,MetaCyc,PWY-5466,matairesinol biosynthesis,metacyc.SBGN,metacyc.SBGN
PWY-5467.sbgn,MetaCyc,,MetaCyc,PWY-5467,gramine biosynthesis,metacyc.SBGN,metacyc.SBGN
PWY-5468.sbgn,MetaCyc,,MetaCyc,PWY-5468,lupanine biosynthesis,metacyc.SBGN,metacyc.SBGN
PWY-5469.sbgn,MetaCyc,,MetaCyc,PWY-5469,sesamin biosynthesis,metacyc.SBGN,metacyc.SBGN
PWY-5470.sbgn,MetaCyc,,MetaCyc,PWY-5470,palmatine biosynthesis,metacyc.SBGN,metacyc.SBGN
PWY-5472.sbgn,MetaCyc,,MetaCyc,PWY-5472,bisbenzylisoquinoline alkaloid biosynthesis,metacyc.SBGN,metacyc.SBGN
PWY-5473.sbgn,MetaCyc,,MetaCyc,PWY-5473,hydroxycinnamic acid serotonin amides biosynthesis,metacyc.SBGN,metacyc.SBGN
PWY-5474.sbgn,MetaCyc,,MetaCyc,PWY-5474,hydroxycinnamic acid tyramine amides biosynthesis,metacyc.SBGN,metacyc.SBGN
PWY-5475.sbgn,MetaCyc,,MetaCyc,PWY-5475,pentagalloylglucose biosynthesis,metacyc.SBGN,metacyc.SBGN
PWY-5476.sbgn,MetaCyc,,MetaCyc,PWY-5476,cornusiin E biosynthesis,metacyc.SBGN,metacyc.SBGN
PWY-5477.sbgn,MetaCyc,,MetaCyc,PWY-5477,gallotannin biosynthesis,metacyc.SBGN,metacyc.SBGN
PWY-5478.sbgn,MetaCyc,,MetaCyc,PWY-5478,superpathway of hydrolyzable tannin biosynthesis,metacyc.SBGN,metacyc.SBGN
PWY-5479.sbgn,MetaCyc,,MetaCyc,PWY-5479,6-methoxypodophyllotoxin biosynthesis,metacyc.SBGN,metacyc.SBGN
PWY-5480.sbgn,MetaCyc,,MetaCyc,PWY-5480,pyruvate fermentation to ethanol I,metacyc.SBGN,metacyc.SBGN
PWY-5481.sbgn,MetaCyc,,MetaCyc,PWY-5481,pyruvate fermentation to lactate,metacyc.SBGN,metacyc.SBGN
PWY-5482.sbgn,MetaCyc,,MetaCyc,PWY-5482,pyruvate fermentation to acetate II,metacyc.SBGN,metacyc.SBGN
PWY-5483.sbgn,MetaCyc,,MetaCyc,PWY-5483,pyruvate fermentation to acetate III,metacyc.SBGN,metacyc.SBGN
PWY-5484.sbgn,MetaCyc,,MetaCyc,PWY-5484,glycolysis II (from fructose 6-phosphate),metacyc.SBGN,metacyc.SBGN
PWY-5485.sbgn,MetaCyc,,MetaCyc,PWY-5485,pyruvate fermentation to acetate IV,metacyc.SBGN,metacyc.SBGN
PWY-5486.sbgn,MetaCyc,,MetaCyc,PWY-5486,pyruvate fermentation to ethanol II,metacyc.SBGN,metacyc.SBGN
PWY-5487.sbgn,MetaCyc,,MetaCyc,PWY-5487,4-nitrophenol degradation I,metacyc.SBGN,metacyc.SBGN
PWY-5488.sbgn,MetaCyc,,MetaCyc,PWY-5488,4-nitrophenol degradation II,metacyc.SBGN,metacyc.SBGN
PWY-5489.sbgn,MetaCyc,,MetaCyc,PWY-5489,methyl parathion degradation,metacyc.SBGN,metacyc.SBGN
PWY-5490.sbgn,MetaCyc,,MetaCyc,PWY-5490,paraoxon degradation,metacyc.SBGN,metacyc.SBGN
PWY-5491.sbgn,MetaCyc,,MetaCyc,PWY-5491,diethylphosphate degradation,metacyc.SBGN,metacyc.SBGN
PWY-5493.sbgn,MetaCyc,,MetaCyc,PWY-5493,reductive monocarboxylic acid cycle,metacyc.SBGN,metacyc.SBGN
PWY-5494.sbgn,MetaCyc,,MetaCyc,PWY-5494,pyruvate fermentation to propanoate II (acrylate pathway),metacyc.SBGN,metacyc.SBGN
PWY-5497.sbgn,MetaCyc,,MetaCyc,PWY-5497,purine nucleobases degradation II (anaerobic),metacyc.SBGN,metacyc.SBGN
PWY-5499.sbgn,MetaCyc,,MetaCyc,PWY-5499,vitamin B<sub>6</sub> degradation,metacyc.SBGN,metacyc.SBGN
PWY-5505.sbgn,MetaCyc,,MetaCyc,PWY-5505,L-glutamate and L-glutamine biosynthesis,metacyc.SBGN,metacyc.SBGN
PWY-5506.sbgn,MetaCyc,,MetaCyc,PWY-5506,methanol oxidation to formaldehyde IV,metacyc.SBGN,metacyc.SBGN
PWY-5507.sbgn,MetaCyc,,MetaCyc,PWY-5507,adenosylcobalamin biosynthesis I (anaerobic),metacyc.SBGN,metacyc.SBGN
PWY-5509.sbgn,MetaCyc,,MetaCyc,PWY-5509,"adenosylcobalamin biosynthesis from cobyrinate <i>a,c</i>-diamide I",metacyc.SBGN,metacyc.SBGN
PWY-5512.sbgn,MetaCyc,,MetaCyc,PWY-5512,UDP-<i>N</i>-acetyl-D-galactosamine biosynthesis I,metacyc.SBGN,metacyc.SBGN
PWY-5514.sbgn,MetaCyc,,MetaCyc,PWY-5514,UDP-<i>N</i>-acetyl-D-galactosamine biosynthesis II,metacyc.SBGN,metacyc.SBGN
PWY-5515.sbgn,MetaCyc,,MetaCyc,PWY-5515,L-arabinose degradation II,metacyc.SBGN,metacyc.SBGN
PWY-5516.sbgn,MetaCyc,,MetaCyc,PWY-5516,xylose degradation II,metacyc.SBGN,metacyc.SBGN
PWY-5517.sbgn,MetaCyc,,MetaCyc,PWY-5517,L-arabinose degradation III,metacyc.SBGN,metacyc.SBGN
PWY-5519.sbgn,MetaCyc,,MetaCyc,PWY-5519,D-arabinose degradation III,metacyc.SBGN,metacyc.SBGN
PWY-5521.sbgn,MetaCyc,,MetaCyc,PWY-5521,L-ascorbate biosynthesis III,metacyc.SBGN,metacyc.SBGN
PWY-5523.sbgn,MetaCyc,,MetaCyc,PWY-5523,"5,6-dimethylbenzimidazole biosynthesis I (aerobic)",metacyc.SBGN,metacyc.SBGN
PWY-5525.sbgn,MetaCyc,,MetaCyc,PWY-5525,D-glucuronate degradation I,metacyc.SBGN,metacyc.SBGN
PWY-5526.sbgn,MetaCyc,,MetaCyc,PWY-5526,bacteriochlorophyll <i>a</i> biosynthesis,metacyc.SBGN,metacyc.SBGN
PWY-5529.sbgn,MetaCyc,,MetaCyc,PWY-5529,superpathway of bacteriochlorophyll <i>a</i> biosynthesis,metacyc.SBGN,metacyc.SBGN
PWY-5530.sbgn,MetaCyc,,MetaCyc,PWY-5530,sorbitol biosynthesis II,metacyc.SBGN,metacyc.SBGN
PWY-5531.sbgn,MetaCyc,,MetaCyc,PWY-5531,"3,8-divinyl-chlorophyllide <i>a</i> biosynthesis II (anaerobic)",metacyc.SBGN,metacyc.SBGN
PWY-5532.sbgn,MetaCyc,,MetaCyc,PWY-5532,nucleoside and nucleotide degradation (archaea),metacyc.SBGN,metacyc.SBGN
PWY-5533.sbgn,MetaCyc,,MetaCyc,PWY-5533,acetone degradation II (to acetoacetate),metacyc.SBGN,metacyc.SBGN
PWY-5534.sbgn,MetaCyc,,MetaCyc,PWY-5534,propene degradation,metacyc.SBGN,metacyc.SBGN
PWY-5535.sbgn,MetaCyc,,MetaCyc,PWY-5535,acetate formation from acetyl-CoA II,metacyc.SBGN,metacyc.SBGN
PWY-5536.sbgn,MetaCyc,,MetaCyc,PWY-5536,acetate formation from acetyl-CoA III (succinate),metacyc.SBGN,metacyc.SBGN
PWY-5537.sbgn,MetaCyc,,MetaCyc,PWY-5537,pyruvate fermentation to acetate V,metacyc.SBGN,metacyc.SBGN
PWY-5538.sbgn,MetaCyc,,MetaCyc,PWY-5538,pyruvate fermentation to acetate VI,metacyc.SBGN,metacyc.SBGN
PWY-5600.sbgn,MetaCyc,,MetaCyc,PWY-5600,pyruvate fermentation to acetate VII,metacyc.SBGN,metacyc.SBGN
PWY-561.sbgn,MetaCyc,,MetaCyc,PWY-561,superpathway of glyoxylate cycle and fatty acid degradation,metacyc.SBGN,metacyc.SBGN
PWY-5629.sbgn,MetaCyc,,MetaCyc,PWY-5629,isopenicillin N biosynthesis,metacyc.SBGN,metacyc.SBGN
PWY-5630.sbgn,MetaCyc,,MetaCyc,PWY-5630,penicillin K biosynthesis,metacyc.SBGN,metacyc.SBGN
PWY-5631.sbgn,MetaCyc,,MetaCyc,PWY-5631,deacetylcephalosporin C biosynthesis,metacyc.SBGN,metacyc.SBGN
PWY-5632.sbgn,MetaCyc,,MetaCyc,PWY-5632,cephalosporin C biosynthesis,metacyc.SBGN,metacyc.SBGN
PWY-5633.sbgn,MetaCyc,,MetaCyc,PWY-5633,cephamycin C biosynthesis,metacyc.SBGN,metacyc.SBGN
PWY-5634.sbgn,MetaCyc,,MetaCyc,PWY-5634,"superpathway of penicillin, cephalosporin and cephamycin biosynthesis",metacyc.SBGN,metacyc.SBGN
PWY-5636.sbgn,MetaCyc,,MetaCyc,PWY-5636,2-nitrophenol degradation,metacyc.SBGN,metacyc.SBGN
PWY-5637.sbgn,MetaCyc,,MetaCyc,PWY-5637,nitrobenzene degradation I,metacyc.SBGN,metacyc.SBGN
PWY-5640.sbgn,MetaCyc,,MetaCyc,PWY-5640,nitrobenzene degradation II,metacyc.SBGN,metacyc.SBGN
PWY-5641.sbgn,MetaCyc,,MetaCyc,PWY-5641,2-nitrotoluene degradation,metacyc.SBGN,metacyc.SBGN
PWY-5642.sbgn,MetaCyc,,MetaCyc,PWY-5642,"2,4-dinitrotoluene degradation",metacyc.SBGN,metacyc.SBGN
PWY-5643.sbgn,MetaCyc,,MetaCyc,PWY-5643,"2,6-dinitrotoluene degradation",metacyc.SBGN,metacyc.SBGN
PWY-5644.sbgn,MetaCyc,,MetaCyc,PWY-5644,4-nitrotoluene degradation II,metacyc.SBGN,metacyc.SBGN
PWY-5645.sbgn,MetaCyc,,MetaCyc,PWY-5645,4-chloronitrobenzene degradation,metacyc.SBGN,metacyc.SBGN
PWY-5647.sbgn,MetaCyc,,MetaCyc,PWY-5647,2-nitrobenzoate degradation I,metacyc.SBGN,metacyc.SBGN
PWY-5648.sbgn,MetaCyc,,MetaCyc,PWY-5648,2-nitrobenzoate degradation II,metacyc.SBGN,metacyc.SBGN
PWY-5651.sbgn,MetaCyc,,MetaCyc,PWY-5651,L-tryptophan degradation to 2-amino-3-carboxymuconate semialdehyde,metacyc.SBGN,metacyc.SBGN
PWY-5652.sbgn,MetaCyc,,MetaCyc,PWY-5652,2-amino-3-carboxymuconate semialdehyde degradation to glutaryl-CoA,metacyc.SBGN,metacyc.SBGN
PWY-5653.sbgn,MetaCyc,,MetaCyc,PWY-5653,NAD biosynthesis from 2-amino-3-carboxymuconate semialdehyde,metacyc.SBGN,metacyc.SBGN
PWY-5654.sbgn,MetaCyc,,MetaCyc,PWY-5654,2-amino-3-carboxymuconate semialdehyde degradation to 2-oxopentenoate,metacyc.SBGN,metacyc.SBGN
PWY-5655.sbgn,MetaCyc,,MetaCyc,PWY-5655,L-tryptophan degradation IX,metacyc.SBGN,metacyc.SBGN
PWY-5656.sbgn,MetaCyc,,MetaCyc,PWY-5656,mannosylglycerate biosynthesis I,metacyc.SBGN,metacyc.SBGN
PWY-5658.sbgn,MetaCyc,,MetaCyc,PWY-5658,mannosylglycerate biosynthesis II,metacyc.SBGN,metacyc.SBGN
PWY-5659.sbgn,MetaCyc,,MetaCyc,PWY-5659,GDP-mannose biosynthesis,metacyc.SBGN,metacyc.SBGN
PWY-5660.sbgn,MetaCyc,,MetaCyc,PWY-5660,taxol biosynthesis,metacyc.SBGN,metacyc.SBGN
PWY-5661.sbgn,MetaCyc,,MetaCyc,PWY-5661,GDP-glucose biosynthesis,metacyc.SBGN,metacyc.SBGN
PWY-5662.sbgn,MetaCyc,,MetaCyc,PWY-5662,glucosylglycerate biosynthesis I,metacyc.SBGN,metacyc.SBGN
PWY-5663.sbgn,MetaCyc,,MetaCyc,PWY-5663,erythro-tetrahydrobiopterin biosynthesis I,metacyc.SBGN,metacyc.SBGN
PWY-5664.sbgn,MetaCyc,,MetaCyc,PWY-5664,<i>erythro</i>-tetrahydrobiopterin biosynthesis II,metacyc.SBGN,metacyc.SBGN
PWY-5665.sbgn,MetaCyc,,MetaCyc,PWY-5665,vanillin biosynthesis I,metacyc.SBGN,metacyc.SBGN
PWY-5666.sbgn,MetaCyc,,MetaCyc,PWY-5666,&alpha;-solanine/&alpha;-chaconine biosynthesis,metacyc.SBGN,metacyc.SBGN
PWY-5667.sbgn,MetaCyc,,MetaCyc,PWY-5667,CDP-diacylglycerol biosynthesis I,metacyc.SBGN,metacyc.SBGN
PWY-5668.sbgn,MetaCyc,,MetaCyc,PWY-5668,cardiolipin biosynthesis I,metacyc.SBGN,metacyc.SBGN
PWY-5669.sbgn,MetaCyc,,MetaCyc,PWY-5669,phosphatidylethanolamine biosynthesis I,metacyc.SBGN,metacyc.SBGN
PWY-5670.sbgn,MetaCyc,,MetaCyc,PWY-5670,epoxysqualene biosynthesis,metacyc.SBGN,metacyc.SBGN
PWY-5672.sbgn,MetaCyc,,MetaCyc,PWY-5672,ginsenosides biosynthesis,metacyc.SBGN,metacyc.SBGN
PWY-5674.sbgn,MetaCyc,,MetaCyc,PWY-5674,nitrate reduction IV (dissimilatory),metacyc.SBGN,metacyc.SBGN
PWY-5675.sbgn,MetaCyc,,MetaCyc,PWY-5675,nitrate reduction V (assimilatory),metacyc.SBGN,metacyc.SBGN
PWY-5676.sbgn,MetaCyc,,MetaCyc,PWY-5676,acetyl-CoA fermentation to butanoate II,metacyc.SBGN,metacyc.SBGN
PWY-5677.sbgn,MetaCyc,,MetaCyc,PWY-5677,succinate fermentation to butanoate,metacyc.SBGN,metacyc.SBGN
PWY-5679.sbgn,MetaCyc,,MetaCyc,PWY-5679,clavulanate biosynthesis,metacyc.SBGN,metacyc.SBGN
PWY-5686.sbgn,MetaCyc,,MetaCyc,PWY-5686,UMP biosynthesis I,metacyc.SBGN,metacyc.SBGN
PWY-5690.sbgn,MetaCyc,,MetaCyc,PWY-5690,TCA cycle II (plants and fungi),metacyc.SBGN,metacyc.SBGN
PWY-5691.sbgn,MetaCyc,,MetaCyc,PWY-5691,urate conversion to allantoin I,metacyc.SBGN,metacyc.SBGN
PWY-5692.sbgn,MetaCyc,,MetaCyc,PWY-5692,allantoin degradation to glyoxylate II,metacyc.SBGN,metacyc.SBGN
PWY-5694.sbgn,MetaCyc,,MetaCyc,PWY-5694,allantoin degradation to glyoxylate I,metacyc.SBGN,metacyc.SBGN
PWY-5695.sbgn,MetaCyc,,MetaCyc,PWY-5695,inosine 5'-phosphate degradation,metacyc.SBGN,metacyc.SBGN
PWY-5697.sbgn,MetaCyc,,MetaCyc,PWY-5697,allantoin degradation to ureidoglycolate I (urea producing),metacyc.SBGN,metacyc.SBGN
PWY-5698.sbgn,MetaCyc,,MetaCyc,PWY-5698,allantoin degradation to ureidoglycolate II (ammonia producing),metacyc.SBGN,metacyc.SBGN
PWY-5701.sbgn,MetaCyc,,MetaCyc,PWY-5701,shikonin biosynthesis,metacyc.SBGN,metacyc.SBGN
PWY-5703.sbgn,MetaCyc,,MetaCyc,PWY-5703,urea degradation I,metacyc.SBGN,metacyc.SBGN
PWY-5704.sbgn,MetaCyc,,MetaCyc,PWY-5704,urea degradation II,metacyc.SBGN,metacyc.SBGN
PWY-5705.sbgn,MetaCyc,,MetaCyc,PWY-5705,allantoin degradation to glyoxylate III,metacyc.SBGN,metacyc.SBGN
PWY-5706.sbgn,MetaCyc,,MetaCyc,PWY-5706,alliin metabolism,metacyc.SBGN,metacyc.SBGN
PWY-5707.sbgn,MetaCyc,,MetaCyc,PWY-5707,propanethial <i>S</i>-oxide biosynthesis,metacyc.SBGN,metacyc.SBGN
PWY-5708.sbgn,MetaCyc,,MetaCyc,PWY-5708,ethiin metabolism,metacyc.SBGN,metacyc.SBGN
PWY-5710.sbgn,MetaCyc,,MetaCyc,PWY-5710,capsaicin biosynthesis,metacyc.SBGN,metacyc.SBGN
PWY-5717.sbgn,MetaCyc,,MetaCyc,PWY-5717,superpathway of formononetin derivative biosynthesis,metacyc.SBGN,metacyc.SBGN
PWY-5723.sbgn,MetaCyc,,MetaCyc,PWY-5723,Rubisco shunt,metacyc.SBGN,metacyc.SBGN
PWY-5724.sbgn,MetaCyc,,MetaCyc,PWY-5724,superpathway of atrazine degradation,metacyc.SBGN,metacyc.SBGN
PWY-5725.sbgn,MetaCyc,,MetaCyc,PWY-5725,farnesene biosynthesis,metacyc.SBGN,metacyc.SBGN
PWY-5726.sbgn,MetaCyc,,MetaCyc,PWY-5726,deethylsimazine degradation,metacyc.SBGN,metacyc.SBGN
PWY-5727.sbgn,MetaCyc,,MetaCyc,PWY-5727,atrazine degradation II,metacyc.SBGN,metacyc.SBGN
PWY-5729.sbgn,MetaCyc,,MetaCyc,PWY-5729,vestitol and sativan biosynthesis,metacyc.SBGN,metacyc.SBGN
PWY-5731.sbgn,MetaCyc,,MetaCyc,PWY-5731,atrazine degradation III,metacyc.SBGN,metacyc.SBGN
PWY-5733.sbgn,MetaCyc,,MetaCyc,PWY-5733,germacrene biosynthesis,metacyc.SBGN,metacyc.SBGN
PWY-5736.sbgn,MetaCyc,,MetaCyc,PWY-5736,isopropylamine degradation,metacyc.SBGN,metacyc.SBGN
PWY-5737.sbgn,MetaCyc,,MetaCyc,PWY-5737,(5<i>R</i>)-carbapenem carboxylate biosynthesis,metacyc.SBGN,metacyc.SBGN
PWY-5738.sbgn,MetaCyc,,MetaCyc,PWY-5738,GDP-6-deoxy-D-talose biosynthesis,metacyc.SBGN,metacyc.SBGN
PWY-5739.sbgn,MetaCyc,,MetaCyc,PWY-5739,GDP-D-perosamine biosynthesis,metacyc.SBGN,metacyc.SBGN
PWY-5740.sbgn,MetaCyc,,MetaCyc,PWY-5740,GDP-L-colitose biosynthesis,metacyc.SBGN,metacyc.SBGN
PWY-5741.sbgn,MetaCyc,,MetaCyc,PWY-5741,ethylmalonyl-CoA pathway,metacyc.SBGN,metacyc.SBGN
PWY-5742.sbgn,MetaCyc,,MetaCyc,PWY-5742,L-arginine degradation IX (arginine:pyruvate transaminase pathway),metacyc.SBGN,metacyc.SBGN
PWY-5743.sbgn,MetaCyc,,MetaCyc,PWY-5743,3-hydroxypropanoate cycle,metacyc.SBGN,metacyc.SBGN
PWY-5744.sbgn,MetaCyc,,MetaCyc,PWY-5744,glyoxylate assimilation,metacyc.SBGN,metacyc.SBGN
PWY-5747.sbgn,MetaCyc,,MetaCyc,PWY-5747,2-methylcitrate cycle II,metacyc.SBGN,metacyc.SBGN
PWY-5748.sbgn,MetaCyc,,MetaCyc,PWY-5748,&gamma;-coniciene and coniine biosynthesis,metacyc.SBGN,metacyc.SBGN
PWY-5749.sbgn,MetaCyc,,MetaCyc,PWY-5749,itaconate degradation,metacyc.SBGN,metacyc.SBGN
PWY-5750.sbgn,MetaCyc,,MetaCyc,PWY-5750,itaconate biosynthesis,metacyc.SBGN,metacyc.SBGN
PWY-5751.sbgn,MetaCyc,,MetaCyc,PWY-5751,phenylethanol biosynthesis,metacyc.SBGN,metacyc.SBGN
PWY-5752.sbgn,MetaCyc,,MetaCyc,PWY-5752,piperine biosynthesis,metacyc.SBGN,metacyc.SBGN
PWY-5754.sbgn,MetaCyc,,MetaCyc,PWY-5754,4-hydroxybenzoate biosynthesis I (eukaryotes),metacyc.SBGN,metacyc.SBGN
PWY-5755.sbgn,MetaCyc,,MetaCyc,PWY-5755,4-hydroxybenzoate biosynthesis II (microbes),metacyc.SBGN,metacyc.SBGN
PWY-5756.sbgn,MetaCyc,,MetaCyc,PWY-5756,saponin biosynthesis II,metacyc.SBGN,metacyc.SBGN
PWY-5757.sbgn,MetaCyc,,MetaCyc,PWY-5757,fosfomycin biosynthesis,metacyc.SBGN,metacyc.SBGN
PWY-5759.sbgn,MetaCyc,,MetaCyc,PWY-5759,saponin biosynthesis III,metacyc.SBGN,metacyc.SBGN
PWY-5760.sbgn,MetaCyc,,MetaCyc,PWY-5760,&beta;-alanine biosynthesis IV,metacyc.SBGN,metacyc.SBGN
PWY-5765.sbgn,MetaCyc,,MetaCyc,PWY-5765,"1,3,5-trimethoxybenzene biosynthesis",metacyc.SBGN,metacyc.SBGN
PWY-5766.sbgn,MetaCyc,,MetaCyc,PWY-5766,L-glutamate degradation X,metacyc.SBGN,metacyc.SBGN
PWY-5768.sbgn,MetaCyc,,MetaCyc,PWY-5768,pyruvate fermentation to acetate VIII,metacyc.SBGN,metacyc.SBGN
PWY-5770.sbgn,MetaCyc,,MetaCyc,PWY-5770,phenazine-1-carboxylate biosynthesis,metacyc.SBGN,metacyc.SBGN
PWY-5773.sbgn,MetaCyc,,MetaCyc,PWY-5773,gossypol biosynthesis,metacyc.SBGN,metacyc.SBGN
PWY-5774.sbgn,MetaCyc,,MetaCyc,PWY-5774,saponin biosynthesis IV,metacyc.SBGN,metacyc.SBGN
PWY-5775.sbgn,MetaCyc,,MetaCyc,PWY-5775,rotenoid biosynthesis I,metacyc.SBGN,metacyc.SBGN
PWY-5776.sbgn,MetaCyc,,MetaCyc,PWY-5776,2-hydroxyphenazine biosynthesis,metacyc.SBGN,metacyc.SBGN
PWY-5780.sbgn,MetaCyc,,MetaCyc,PWY-5780,hypericin biosynthesis,metacyc.SBGN,metacyc.SBGN
PWY-5782.sbgn,MetaCyc,,MetaCyc,PWY-5782,2-keto-L-gulonate biosynthesis,metacyc.SBGN,metacyc.SBGN
PWY-5783.sbgn,MetaCyc,,MetaCyc,PWY-5783,octaprenyl diphosphate biosynthesis,metacyc.SBGN,metacyc.SBGN
PWY-5784.sbgn,MetaCyc,,MetaCyc,PWY-5784,indole-3-acetate inactivation VIII,metacyc.SBGN,metacyc.SBGN
PWY-5785.sbgn,MetaCyc,,MetaCyc,PWY-5785,"di-<i>trans</i>,poly-<i>cis</i>-undecaprenyl phosphate biosynthesis",metacyc.SBGN,metacyc.SBGN
PWY-5787.sbgn,MetaCyc,,MetaCyc,PWY-5787,oligomeric urushiol biosynthesis,metacyc.SBGN,metacyc.SBGN
PWY-5788.sbgn,MetaCyc,,MetaCyc,PWY-5788,indole-3-acetate inactivation V,metacyc.SBGN,metacyc.SBGN
PWY-5789.sbgn,MetaCyc,,MetaCyc,PWY-5789,3-hydroxypropanoate/4-hydroxybutanate cycle,metacyc.SBGN,metacyc.SBGN
PWY-5793.sbgn,MetaCyc,,MetaCyc,PWY-5793,maysin biosynthesis,metacyc.SBGN,metacyc.SBGN
PWY-5794.sbgn,MetaCyc,,MetaCyc,PWY-5794,malonate degradation I (biotin-independent),metacyc.SBGN,metacyc.SBGN
PWY-5795.sbgn,MetaCyc,,MetaCyc,PWY-5795,juglone biosynthesis,metacyc.SBGN,metacyc.SBGN
PWY-5796.sbgn,MetaCyc,,MetaCyc,PWY-5796,malonate decarboxylase activation,metacyc.SBGN,metacyc.SBGN
PWY-5797.sbgn,MetaCyc,,MetaCyc,PWY-5797,indole-3-acetate inactivation VI,metacyc.SBGN,metacyc.SBGN
PWY-5800.sbgn,MetaCyc,,MetaCyc,PWY-5800,xylan biosynthesis,metacyc.SBGN,metacyc.SBGN
PWY-5801.sbgn,MetaCyc,,MetaCyc,PWY-5801,lawsone biosynthesis,metacyc.SBGN,metacyc.SBGN
PWY-5802.sbgn,MetaCyc,,MetaCyc,PWY-5802,alizarin biosynthesis,metacyc.SBGN,metacyc.SBGN
PWY-5805.sbgn,MetaCyc,,MetaCyc,PWY-5805,nonaprenyl diphosphate biosynthesis I,metacyc.SBGN,metacyc.SBGN
PWY-5806.sbgn,MetaCyc,,MetaCyc,PWY-5806,all-<i>trans</i>-decaprenyl diphosphate biosynthesis,metacyc.SBGN,metacyc.SBGN
PWY-5807.sbgn,MetaCyc,,MetaCyc,PWY-5807,heptaprenyl diphosphate biosynthesis,metacyc.SBGN,metacyc.SBGN
PWY-5808.sbgn,MetaCyc,,MetaCyc,PWY-5808,hyperforin and adhyperforin biosynthesis,metacyc.SBGN,metacyc.SBGN
PWY-581.sbgn,MetaCyc,,MetaCyc,PWY-581,indole-3-acetate biosynthesis II,metacyc.SBGN,metacyc.SBGN
PWY-5811.sbgn,MetaCyc,,MetaCyc,PWY-5811,indole-3-acetate inactivation VII,metacyc.SBGN,metacyc.SBGN
PWY-5813.sbgn,MetaCyc,,MetaCyc,PWY-5813,bornyl diphosphate biosynthesis,metacyc.SBGN,metacyc.SBGN
PWY-5815.sbgn,MetaCyc,,MetaCyc,PWY-5815,rubber biosynthesis,metacyc.SBGN,metacyc.SBGN
PWY-5816.sbgn,MetaCyc,,MetaCyc,PWY-5816,all <i>trans</i> undecaprenyl diphosphate biosynthesis,metacyc.SBGN,metacyc.SBGN
PWY-5817.sbgn,MetaCyc,,MetaCyc,PWY-5817,dodecaprenyl diphosphate biosynthesis,metacyc.SBGN,metacyc.SBGN
PWY-5818.sbgn,MetaCyc,,MetaCyc,PWY-5818,validamycin biosynthesis,metacyc.SBGN,metacyc.SBGN
PWY-5821.sbgn,MetaCyc,,MetaCyc,PWY-5821,dalcochinin biosynthesis,metacyc.SBGN,metacyc.SBGN
PWY-5822.sbgn,MetaCyc,,MetaCyc,PWY-5822,trichloroethene degradation,metacyc.SBGN,metacyc.SBGN
PWY-5823.sbgn,MetaCyc,,MetaCyc,PWY-5823,superpathway of CDP-glucose-derived O-antigen building blocks biosynthesis,metacyc.SBGN,metacyc.SBGN
PWY-5825.sbgn,MetaCyc,,MetaCyc,PWY-5825,dalpatein and dalnigrein biosynthesis,metacyc.SBGN,metacyc.SBGN
PWY-5826.sbgn,MetaCyc,,MetaCyc,PWY-5826,hypoglycin biosynthesis,metacyc.SBGN,metacyc.SBGN
PWY-5827.sbgn,MetaCyc,,MetaCyc,PWY-5827,heliocides biosynthesis,metacyc.SBGN,metacyc.SBGN
PWY-5828.sbgn,MetaCyc,,MetaCyc,PWY-5828,lacinilene C biosynthesis,metacyc.SBGN,metacyc.SBGN
PWY-5829.sbgn,MetaCyc,,MetaCyc,PWY-5829,geraniol and geranial biosynthesis,metacyc.SBGN,metacyc.SBGN
PWY-5830.sbgn,MetaCyc,,MetaCyc,PWY-5830,CDP-ascarylose biosynthesis,metacyc.SBGN,metacyc.SBGN
PWY-5831.sbgn,MetaCyc,,MetaCyc,PWY-5831,CDP-abequose biosynthesis,metacyc.SBGN,metacyc.SBGN
PWY-5832.sbgn,MetaCyc,,MetaCyc,PWY-5832,CDP-paratose biosynthesis,metacyc.SBGN,metacyc.SBGN
PWY-5833.sbgn,MetaCyc,,MetaCyc,PWY-5833,"CDP-4-dehydro-3,6-dideoxy-D-glucose biosynthesis",metacyc.SBGN,metacyc.SBGN
PWY-5834.sbgn,MetaCyc,,MetaCyc,PWY-5834,CDP-tyvelose biosynthesis,metacyc.SBGN,metacyc.SBGN
PWY-5835.sbgn,MetaCyc,,MetaCyc,PWY-5835,geranyl acetate biosynthesis,metacyc.SBGN,metacyc.SBGN
PWY-5837.sbgn,MetaCyc,,MetaCyc,PWY-5837,"1,4-dihydroxy-2-naphthoate biosynthesis",metacyc.SBGN,metacyc.SBGN
PWY-5838.sbgn,MetaCyc,,MetaCyc,PWY-5838,superpathway of menaquinol-8 biosynthesis I,metacyc.SBGN,metacyc.SBGN
PWY-5839.sbgn,MetaCyc,,MetaCyc,PWY-5839,menaquinol-7 biosynthesis,metacyc.SBGN,metacyc.SBGN
PWY-5840.sbgn,MetaCyc,,MetaCyc,PWY-5840,superpathway of menaquinol-7 biosynthesis,metacyc.SBGN,metacyc.SBGN
PWY-5843.sbgn,MetaCyc,,MetaCyc,PWY-5843,cocaine biosynthesis,metacyc.SBGN,metacyc.SBGN
PWY-5844.sbgn,MetaCyc,,MetaCyc,PWY-5844,menaquinol-9 biosynthesis,metacyc.SBGN,metacyc.SBGN
PWY-5845.sbgn,MetaCyc,,MetaCyc,PWY-5845,superpathway of menaquinol-9 biosynthesis,metacyc.SBGN,metacyc.SBGN
PWY-5846.sbgn,MetaCyc,,MetaCyc,PWY-5846,colchicine biosynthesis,metacyc.SBGN,metacyc.SBGN
PWY-5848.sbgn,MetaCyc,,MetaCyc,PWY-5848,cinchona alkaloids biosynthesis,metacyc.SBGN,metacyc.SBGN
PWY-5849.sbgn,MetaCyc,,MetaCyc,PWY-5849,menaquinol-6 biosynthesis,metacyc.SBGN,metacyc.SBGN
PWY-5850.sbgn,MetaCyc,,MetaCyc,PWY-5850,superpathway of menaquinol-6 biosynthesis I,metacyc.SBGN,metacyc.SBGN
PWY-5851.sbgn,MetaCyc,,MetaCyc,PWY-5851,demethylmenaquinol-9 biosynthesis,metacyc.SBGN,metacyc.SBGN
PWY-5852.sbgn,MetaCyc,,MetaCyc,PWY-5852,demethylmenaquinol-8 biosynthesis I,metacyc.SBGN,metacyc.SBGN
PWY-5853.sbgn,MetaCyc,,MetaCyc,PWY-5853,demethylmenaquinol-6 biosynthesis I,metacyc.SBGN,metacyc.SBGN
PWY-5855.sbgn,MetaCyc,,MetaCyc,PWY-5855,ubiquinol-7 biosynthesis (prokaryotic),metacyc.SBGN,metacyc.SBGN
PWY-5856.sbgn,MetaCyc,,MetaCyc,PWY-5856,ubiquinol-9 biosynthesis (prokaryotic),metacyc.SBGN,metacyc.SBGN
PWY-5857.sbgn,MetaCyc,,MetaCyc,PWY-5857,ubiquinol-10 biosynthesis (prokaryotic),metacyc.SBGN,metacyc.SBGN
PWY-5859.sbgn,MetaCyc,,MetaCyc,PWY-5859,eugenol and isoeugenol biosynthesis,metacyc.SBGN,metacyc.SBGN
PWY-5860.sbgn,MetaCyc,,MetaCyc,PWY-5860,superpathway of demethylmenaquinol-6 biosynthesis I,metacyc.SBGN,metacyc.SBGN
PWY-5861.sbgn,MetaCyc,,MetaCyc,PWY-5861,superpathway of demethylmenaquinol-8 biosynthesis,metacyc.SBGN,metacyc.SBGN
PWY-5862.sbgn,MetaCyc,,MetaCyc,PWY-5862,superpathway of demethylmenaquinol-9 biosynthesis,metacyc.SBGN,metacyc.SBGN
PWY-5863.sbgn,MetaCyc,,MetaCyc,PWY-5863,superpathway of phylloquinol biosynthesis,metacyc.SBGN,metacyc.SBGN
PWY-5864.sbgn,MetaCyc,,MetaCyc,PWY-5864,superpathway of plastoquinol biosynthesis,metacyc.SBGN,metacyc.SBGN
PWY-5867.sbgn,MetaCyc,,MetaCyc,PWY-5867,<i>t</i>-anethole biosynthesis,metacyc.SBGN,metacyc.SBGN
PWY-5870.sbgn,MetaCyc,,MetaCyc,PWY-5870,ubiquinol-8 biosynthesis (eukaryotic),metacyc.SBGN,metacyc.SBGN
PWY-5871.sbgn,MetaCyc,,MetaCyc,PWY-5871,ubiquinol-9 biosynthesis (eukaryotic),metacyc.SBGN,metacyc.SBGN
PWY-5872.sbgn,MetaCyc,,MetaCyc,PWY-5872,ubiquinol-10 biosynthesis (eukaryotic),metacyc.SBGN,metacyc.SBGN
PWY-5873.sbgn,MetaCyc,,MetaCyc,PWY-5873,ubiquinol-7 biosynthesis (eukaryotic),metacyc.SBGN,metacyc.SBGN
PWY-5874.sbgn,MetaCyc,,MetaCyc,PWY-5874,heme degradation I,metacyc.SBGN,metacyc.SBGN
PWY-5875.sbgn,MetaCyc,,MetaCyc,PWY-5875,staphyloxanthin biosynthesis,metacyc.SBGN,metacyc.SBGN
PWY-5876.sbgn,MetaCyc,,MetaCyc,PWY-5876,magnoflorine biosynthesis,metacyc.SBGN,metacyc.SBGN
PWY-5877.sbgn,MetaCyc,,MetaCyc,PWY-5877,beta-carboline biosynthesis,metacyc.SBGN,metacyc.SBGN
PWY-5882.sbgn,MetaCyc,,MetaCyc,PWY-5882,epoxypseudoisoeugenol-2-methylbutanoate biosynthesis,metacyc.SBGN,metacyc.SBGN
PWY-5883.sbgn,MetaCyc,,MetaCyc,PWY-5883,ephedrine biosynthesis,metacyc.SBGN,metacyc.SBGN
PWY-5884.sbgn,MetaCyc,,MetaCyc,PWY-5884,wax esters biosynthesis I,metacyc.SBGN,metacyc.SBGN
PWY-5885.sbgn,MetaCyc,,MetaCyc,PWY-5885,wax esters biosynthesis II,metacyc.SBGN,metacyc.SBGN
PWY-5886.sbgn,MetaCyc,,MetaCyc,PWY-5886,4-hydroxyphenylpyruvate biosynthesis,metacyc.SBGN,metacyc.SBGN
PWY-5887.sbgn,MetaCyc,,MetaCyc,PWY-5887,albaflavenone biosynthesis,metacyc.SBGN,metacyc.SBGN
PWY-5888.sbgn,MetaCyc,,MetaCyc,PWY-5888,rhodoquinone-10 biosynthesis,metacyc.SBGN,metacyc.SBGN
PWY-5889.sbgn,MetaCyc,,MetaCyc,PWY-5889,rhodoquinone-9 biosynthesis,metacyc.SBGN,metacyc.SBGN
PWY-5890.sbgn,MetaCyc,,MetaCyc,PWY-5890,menaquinol-10 biosynthesis,metacyc.SBGN,metacyc.SBGN
PWY-5891.sbgn,MetaCyc,,MetaCyc,PWY-5891,menaquinol-11 biosynthesis,metacyc.SBGN,metacyc.SBGN
PWY-5892.sbgn,MetaCyc,,MetaCyc,PWY-5892,menaquinol-12 biosynthesis,metacyc.SBGN,metacyc.SBGN
PWY-5893.sbgn,MetaCyc,,MetaCyc,PWY-5893,tridecaprenyl diphosphate biosynthesis,metacyc.SBGN,metacyc.SBGN
PWY-5895.sbgn,MetaCyc,,MetaCyc,PWY-5895,menaquinol-13 biosynthesis,metacyc.SBGN,metacyc.SBGN
PWY-5896.sbgn,MetaCyc,,MetaCyc,PWY-5896,superpathway of menaquinol-10 biosynthesis,metacyc.SBGN,metacyc.SBGN
PWY-5897.sbgn,MetaCyc,,MetaCyc,PWY-5897,superpathway of menaquinol-11 biosynthesis,metacyc.SBGN,metacyc.SBGN
PWY-5898.sbgn,MetaCyc,,MetaCyc,PWY-5898,superpathway of menaquinol-12 biosynthesis,metacyc.SBGN,metacyc.SBGN
PWY-5899.sbgn,MetaCyc,,MetaCyc,PWY-5899,superpathway of menaquinol-13 biosynthesis,metacyc.SBGN,metacyc.SBGN
PWY-5901.sbgn,MetaCyc,,MetaCyc,PWY-5901,"2,3-dihydroxybenzoate biosynthesis",metacyc.SBGN,metacyc.SBGN
PWY-5903.sbgn,MetaCyc,,MetaCyc,PWY-5903,bacillibactin biosynthesis,metacyc.SBGN,metacyc.SBGN
PWY-5905.sbgn,MetaCyc,,MetaCyc,PWY-5905,hypusine biosynthesis,metacyc.SBGN,metacyc.SBGN
PWY-5907.sbgn,MetaCyc,,MetaCyc,PWY-5907,homospermidine biosynthesis,metacyc.SBGN,metacyc.SBGN
PWY-5910.sbgn,MetaCyc,,MetaCyc,PWY-5910,superpathway of geranylgeranyldiphosphate biosynthesis I (via mevalonate),metacyc.SBGN,metacyc.SBGN
PWY-5912.sbgn,MetaCyc,,MetaCyc,PWY-5912,2'-deoxymugineic acid phytosiderophore biosynthesis,metacyc.SBGN,metacyc.SBGN
PWY-5913.sbgn,MetaCyc,,MetaCyc,PWY-5913,partial TCA cycle (obligate autotrophs),metacyc.SBGN,metacyc.SBGN
PWY-5915.sbgn,MetaCyc,,MetaCyc,PWY-5915,phycoerythrobilin biosynthesis I,metacyc.SBGN,metacyc.SBGN
PWY-5917.sbgn,MetaCyc,,MetaCyc,PWY-5917,phycocyanobilin biosynthesis,metacyc.SBGN,metacyc.SBGN
PWY-5918.sbgn,MetaCyc,,MetaCyc,PWY-5918,superpathay of heme <i>b</i> biosynthesis from glutamate,metacyc.SBGN,metacyc.SBGN
PWY-5920.sbgn,MetaCyc,,MetaCyc,PWY-5920,superpathway of <i>b</i> heme biosynthesis from glycine,metacyc.SBGN,metacyc.SBGN
PWY-5921.sbgn,MetaCyc,,MetaCyc,PWY-5921,glutaminyl-tRNA<sup>gln</sup> biosynthesis via transamidation,metacyc.SBGN,metacyc.SBGN
PWY-5922.sbgn,MetaCyc,,MetaCyc,PWY-5922,(4<i>R</i>)-carveol and (4<i>R</i>)-dihydrocarveol degradation,metacyc.SBGN,metacyc.SBGN
PWY-5923.sbgn,MetaCyc,,MetaCyc,PWY-5923,limonene degradation I (D-limonene),metacyc.SBGN,metacyc.SBGN
PWY-5924.sbgn,MetaCyc,,MetaCyc,PWY-5924,limonene degradation II (L-limonene),metacyc.SBGN,metacyc.SBGN
PWY-5925.sbgn,MetaCyc,,MetaCyc,PWY-5925,hydroxylated mugineic acid phytosiderophore biosynthesis,metacyc.SBGN,metacyc.SBGN
PWY-5926.sbgn,MetaCyc,,MetaCyc,PWY-5926,afrormosin conjugates interconversion,metacyc.SBGN,metacyc.SBGN
PWY-5927.sbgn,MetaCyc,,MetaCyc,PWY-5927,(4<i>S</i>)-carveol and (4<i>S</i>)-dihydrocarveol degradation,metacyc.SBGN,metacyc.SBGN
PWY-5928.sbgn,MetaCyc,,MetaCyc,PWY-5928,(4<i>R</i>)-carvone biosynthesis,metacyc.SBGN,metacyc.SBGN
PWY-5929.sbgn,MetaCyc,,MetaCyc,PWY-5929,puromycin biosynthesis,metacyc.SBGN,metacyc.SBGN
PWY-5930.sbgn,MetaCyc,,MetaCyc,PWY-5930,terpentecin biosynthesis,metacyc.SBGN,metacyc.SBGN
PWY-5934.sbgn,MetaCyc,,MetaCyc,PWY-5934,iron reduction and absorption,metacyc.SBGN,metacyc.SBGN
PWY-5935.sbgn,MetaCyc,,MetaCyc,PWY-5935,tuberculosinol biosynthesis,metacyc.SBGN,metacyc.SBGN
PWY-5936.sbgn,MetaCyc,,MetaCyc,PWY-5936,xyloglucan biosynthesis,metacyc.SBGN,metacyc.SBGN
PWY-5938.sbgn,MetaCyc,,MetaCyc,PWY-5938,pyruvate fermentation to (<i>R</i>)-acetoin I,metacyc.SBGN,metacyc.SBGN
PWY-5939.sbgn,MetaCyc,,MetaCyc,PWY-5939,pyruvate fermentation to  (<i>R</i>)-acetoin II,metacyc.SBGN,metacyc.SBGN
PWY-5940.sbgn,MetaCyc,,MetaCyc,PWY-5940,streptomycin biosynthesis,metacyc.SBGN,metacyc.SBGN
PWY-5941.sbgn,MetaCyc,,MetaCyc,PWY-5941,glycogen degradation II,metacyc.SBGN,metacyc.SBGN
PWY-5942.sbgn,MetaCyc,,MetaCyc,PWY-5942,<i>trans</i>-lycopene biosynthesis I,metacyc.SBGN,metacyc.SBGN
PWY-5943.sbgn,MetaCyc,,MetaCyc,PWY-5943,&beta;-carotene biosynthesis,metacyc.SBGN,metacyc.SBGN
PWY-5944.sbgn,MetaCyc,,MetaCyc,PWY-5944,zeaxanthin biosynthesis,metacyc.SBGN,metacyc.SBGN
PWY-5945.sbgn,MetaCyc,,MetaCyc,PWY-5945,"violaxanthin, antheraxanthin and zeaxanthin interconversion",metacyc.SBGN,metacyc.SBGN
PWY-5946.sbgn,MetaCyc,,MetaCyc,PWY-5946,&delta;-carotene biosynthesis,metacyc.SBGN,metacyc.SBGN
PWY-5947.sbgn,MetaCyc,,MetaCyc,PWY-5947,lutein biosynthesis,metacyc.SBGN,metacyc.SBGN
PWY-5950.sbgn,MetaCyc,,MetaCyc,PWY-5950,geosmin biosynthesis,metacyc.SBGN,metacyc.SBGN
PWY-5951.sbgn,MetaCyc,,MetaCyc,PWY-5951,"(<i>R,R</i>)-butanediol biosynthesis",metacyc.SBGN,metacyc.SBGN
PWY-5954.sbgn,MetaCyc,,MetaCyc,PWY-5954,"(1'<i>S</i>,5'<i>S</i>)-averufin biosynthesis",metacyc.SBGN,metacyc.SBGN
PWY-5955.sbgn,MetaCyc,,MetaCyc,PWY-5955,versicolorin B biosynthesis,metacyc.SBGN,metacyc.SBGN
PWY-5956.sbgn,MetaCyc,,MetaCyc,PWY-5956,sterigmatocystin biosynthesis,metacyc.SBGN,metacyc.SBGN
PWY-5957.sbgn,MetaCyc,,MetaCyc,PWY-5957,L-nicotianamine biosynthesis,metacyc.SBGN,metacyc.SBGN
PWY-5958.sbgn,MetaCyc,,MetaCyc,PWY-5958,acridone alkaloid biosynthesis,metacyc.SBGN,metacyc.SBGN
PWY-5959.sbgn,MetaCyc,,MetaCyc,PWY-5959,aflatoxins B<sub>1</sub> and G<sub>1</sub> biosynthesis,metacyc.SBGN,metacyc.SBGN
PWY-5960.sbgn,MetaCyc,,MetaCyc,PWY-5960,aflatoxins B<sub>2</sub> and G<sub>2</sub> biosynthesis,metacyc.SBGN,metacyc.SBGN
PWY-5961.sbgn,MetaCyc,,MetaCyc,PWY-5961,superpathway of aflatoxin biosynthesis,metacyc.SBGN,metacyc.SBGN
PWY-5963.sbgn,MetaCyc,,MetaCyc,PWY-5963,thio-molybdenum cofactor biosynthesis,metacyc.SBGN,metacyc.SBGN
PWY-5964.sbgn,MetaCyc,,MetaCyc,PWY-5964,guanylyl molybdenum cofactor biosynthesis,metacyc.SBGN,metacyc.SBGN
PWY-5965.sbgn,MetaCyc,,MetaCyc,PWY-5965,fatty acid biosynthesis initiation III,metacyc.SBGN,metacyc.SBGN
PWY-5966.sbgn,MetaCyc,,MetaCyc,PWY-5966,fatty acid biosynthesis initiation II,metacyc.SBGN,metacyc.SBGN
PWY-5967.sbgn,MetaCyc,,MetaCyc,PWY-5967,lupinate biosynthesis,metacyc.SBGN,metacyc.SBGN
PWY-5968.sbgn,MetaCyc,,MetaCyc,PWY-5968,cinnamate esters biosynthesis,metacyc.SBGN,metacyc.SBGN
PWY-5970.sbgn,MetaCyc,,MetaCyc,PWY-5970,fatty acids biosynthesis (yeast),metacyc.SBGN,metacyc.SBGN
PWY-5971.sbgn,MetaCyc,,MetaCyc,PWY-5971,palmitate biosynthesis II (bacteria and plants),metacyc.SBGN,metacyc.SBGN
PWY-5972.sbgn,MetaCyc,,MetaCyc,PWY-5972,stearate biosynthesis I (animals and fungi),metacyc.SBGN,metacyc.SBGN
PWY-5973.sbgn,MetaCyc,,MetaCyc,PWY-5973,<i>cis</i>-vaccenate biosynthesis,metacyc.SBGN,metacyc.SBGN
PWY-5975.sbgn,MetaCyc,,MetaCyc,PWY-5975,furaneol and mesifurane biosynthesis,metacyc.SBGN,metacyc.SBGN
PWY-5976.sbgn,MetaCyc,,MetaCyc,PWY-5976,dhurrin degradation,metacyc.SBGN,metacyc.SBGN
PWY-5978.sbgn,MetaCyc,,MetaCyc,PWY-5978,kanosamine biosynthesis I,metacyc.SBGN,metacyc.SBGN
PWY-5979.sbgn,MetaCyc,,MetaCyc,PWY-5979,3-amino-5-hydroxybenzoate biosynthesis,metacyc.SBGN,metacyc.SBGN
PWY-5980.sbgn,MetaCyc,,MetaCyc,PWY-5980,xylogalacturonan biosynthesis,metacyc.SBGN,metacyc.SBGN
PWY-5981.sbgn,MetaCyc,,MetaCyc,PWY-5981,CDP-diacylglycerol biosynthesis III,metacyc.SBGN,metacyc.SBGN
PWY-5982.sbgn,MetaCyc,,MetaCyc,PWY-5982,sulfoacetaldehyde degradation II,metacyc.SBGN,metacyc.SBGN
PWY-5983.sbgn,MetaCyc,,MetaCyc,PWY-5983,trehalose biosynthesis VI,metacyc.SBGN,metacyc.SBGN
PWY-5984.sbgn,MetaCyc,,MetaCyc,PWY-5984,rifamycin B biosynthesis,metacyc.SBGN,metacyc.SBGN
PWY-5985.sbgn,MetaCyc,,MetaCyc,PWY-5985,trehalose biosynthesis VII,metacyc.SBGN,metacyc.SBGN
PWY-5987.sbgn,MetaCyc,,MetaCyc,PWY-5987,sorgoleone biosynthesis,metacyc.SBGN,metacyc.SBGN
PWY-5989.sbgn,MetaCyc,,MetaCyc,PWY-5989,stearate biosynthesis II (bacteria and plants),metacyc.SBGN,metacyc.SBGN
PWY-5990.sbgn,MetaCyc,,MetaCyc,PWY-5990,lotaustralin biosynthesis,metacyc.SBGN,metacyc.SBGN
PWY-5991.sbgn,MetaCyc,,MetaCyc,PWY-5991,superpathway of linamarin and lotaustralin biosynthesis,metacyc.SBGN,metacyc.SBGN
PWY-5992.sbgn,MetaCyc,,MetaCyc,PWY-5992,thalianol and derivatives biosynthesis,metacyc.SBGN,metacyc.SBGN
PWY-5993.sbgn,MetaCyc,,MetaCyc,PWY-5993,superpathway of rifamycin B biosynthesis,metacyc.SBGN,metacyc.SBGN
PWY-5994.sbgn,MetaCyc,,MetaCyc,PWY-5994,palmitate biosynthesis I (animals and fungi),metacyc.SBGN,metacyc.SBGN
PWY-5995.sbgn,MetaCyc,,MetaCyc,PWY-5995,linoleate biosynthesis I (plants),metacyc.SBGN,metacyc.SBGN
PWY-5996.sbgn,MetaCyc,,MetaCyc,PWY-5996,oleate biosynthesis II (animals and fungi),metacyc.SBGN,metacyc.SBGN
PWY-5997.sbgn,MetaCyc,,MetaCyc,PWY-5997,&alpha;-linolenate biosynthesis I (plants and red algae),metacyc.SBGN,metacyc.SBGN
PWY-5998.sbgn,MetaCyc,,MetaCyc,PWY-5998,&gamma;-linolenate biosynthesis I (plants),metacyc.SBGN,metacyc.SBGN
PWY-6.sbgn,MetaCyc,,MetaCyc,PWY-6,GDP-L-fucose biosynthesis II (from L-fucose),metacyc.SBGN,metacyc.SBGN
PWY-6000.sbgn,MetaCyc,,MetaCyc,PWY-6000,&gamma;-linolenate biosynthesis II (animals),metacyc.SBGN,metacyc.SBGN
PWY-6001.sbgn,MetaCyc,,MetaCyc,PWY-6001,linoleate biosynthesis II (animals),metacyc.SBGN,metacyc.SBGN
PWY-6002.sbgn,MetaCyc,,MetaCyc,PWY-6002,lotaustralin degradation,metacyc.SBGN,metacyc.SBGN
PWY-6003.sbgn,MetaCyc,,MetaCyc,PWY-6003,gramicidin S biosynthesis,metacyc.SBGN,metacyc.SBGN
PWY-6004.sbgn,MetaCyc,,MetaCyc,PWY-6004,glycine betaine biosynthesis V (from glycine),metacyc.SBGN,metacyc.SBGN
PWY-6005.sbgn,MetaCyc,,MetaCyc,PWY-6005,marneral biosynthesis,metacyc.SBGN,metacyc.SBGN
PWY-6007.sbgn,MetaCyc,,MetaCyc,PWY-6007,arabidiol biosynthesis,metacyc.SBGN,metacyc.SBGN
PWY-6008.sbgn,MetaCyc,,MetaCyc,PWY-6008,baruol biosynthesis,metacyc.SBGN,metacyc.SBGN
PWY-601.sbgn,MetaCyc,,MetaCyc,PWY-601,glucosinolate biosynthesis from tryptophan,metacyc.SBGN,metacyc.SBGN
PWY-6010.sbgn,MetaCyc,,MetaCyc,PWY-6010,apigenin glycosides biosynthesis,metacyc.SBGN,metacyc.SBGN
PWY-6011.sbgn,MetaCyc,,MetaCyc,PWY-6011,amygdalin and prunasin degradation,metacyc.SBGN,metacyc.SBGN
PWY-6012-1.sbgn,MetaCyc,,MetaCyc,PWY-6012-1,acyl carrier protein activation,metacyc.SBGN,metacyc.SBGN
PWY-6012.sbgn,MetaCyc,,MetaCyc,PWY-6012,acyl carrier protein metabolism,metacyc.SBGN,metacyc.SBGN
PWY-6013.sbgn,MetaCyc,,MetaCyc,PWY-6013,crepenynate biosynthesis,metacyc.SBGN,metacyc.SBGN
PWY-6014.sbgn,MetaCyc,,MetaCyc,PWY-6014,vernolate biosynthesis I,metacyc.SBGN,metacyc.SBGN
PWY-6015.sbgn,MetaCyc,,MetaCyc,PWY-6015,vitexin and derivatives biosynthesis,metacyc.SBGN,metacyc.SBGN
PWY-6019.sbgn,MetaCyc,,MetaCyc,PWY-6019,pseudouridine degradation,metacyc.SBGN,metacyc.SBGN
PWY-6021.sbgn,MetaCyc,,MetaCyc,PWY-6021,nitrilotriacetate degradation,metacyc.SBGN,metacyc.SBGN
PWY-6024.sbgn,MetaCyc,,MetaCyc,PWY-6024,isovitexin glycosides biosynthesis,metacyc.SBGN,metacyc.SBGN
PWY-6027.sbgn,MetaCyc,,MetaCyc,PWY-6027,capsiconiate biosynthesis,metacyc.SBGN,metacyc.SBGN
PWY-6028.sbgn,MetaCyc,,MetaCyc,PWY-6028,acetoin degradation,metacyc.SBGN,metacyc.SBGN
PWY-6029.sbgn,MetaCyc,,MetaCyc,PWY-6029,"2,3-<i>trans</i>-flavanols biosynthesis",metacyc.SBGN,metacyc.SBGN
PWY-6030.sbgn,MetaCyc,,MetaCyc,PWY-6030,serotonin and melatonin biosynthesis,metacyc.SBGN,metacyc.SBGN
PWY-6032.sbgn,MetaCyc,,MetaCyc,PWY-6032,cardenolide biosynthesis,metacyc.SBGN,metacyc.SBGN
PWY-6035.sbgn,MetaCyc,,MetaCyc,PWY-6035,"2,3-<i>cis</i>-flavanols biosynthesis",metacyc.SBGN,metacyc.SBGN
PWY-6036.sbgn,MetaCyc,,MetaCyc,PWY-6036,cardenolide glucosides biosynthesis,metacyc.SBGN,metacyc.SBGN
PWY-6038.sbgn,MetaCyc,,MetaCyc,PWY-6038,citrate degradation,metacyc.SBGN,metacyc.SBGN
PWY-6039.sbgn,MetaCyc,,MetaCyc,PWY-6039,chlorogenic acid biosynthesis I,metacyc.SBGN,metacyc.SBGN
PWY-6040.sbgn,MetaCyc,,MetaCyc,PWY-6040,chlorogenic acid biosynthesis II,metacyc.SBGN,metacyc.SBGN
PWY-6041.sbgn,MetaCyc,,MetaCyc,PWY-6041,4-sulfocatechol degradation,metacyc.SBGN,metacyc.SBGN
PWY-6043.sbgn,MetaCyc,,MetaCyc,PWY-6043,ethanedisulfonate degradation,metacyc.SBGN,metacyc.SBGN
PWY-6044.sbgn,MetaCyc,,MetaCyc,PWY-6044,methanesulfonate degradation,metacyc.SBGN,metacyc.SBGN
PWY-6045.sbgn,MetaCyc,,MetaCyc,PWY-6045,methylthiopropanonate degradation II (demethylation),metacyc.SBGN,metacyc.SBGN
PWY-6046.sbgn,MetaCyc,,MetaCyc,PWY-6046,dimethylsulfoniopropanoate degradation I (cleavage),metacyc.SBGN,metacyc.SBGN
PWY-6047.sbgn,MetaCyc,,MetaCyc,PWY-6047,dimethyl sulfide degradation I,metacyc.SBGN,metacyc.SBGN
PWY-6048.sbgn,MetaCyc,,MetaCyc,PWY-6048,methylthiopropanoate degradation I (cleavage),metacyc.SBGN,metacyc.SBGN
PWY-6049.sbgn,MetaCyc,,MetaCyc,PWY-6049,superpathway of dimethylsulfoniopropanoate degradation,metacyc.SBGN,metacyc.SBGN
PWY-6050.sbgn,MetaCyc,,MetaCyc,PWY-6050,dimethyl sulfoxide degradation,metacyc.SBGN,metacyc.SBGN
PWY-6051.sbgn,MetaCyc,,MetaCyc,PWY-6051,"2,4,6-trinitrotoluene degradation",metacyc.SBGN,metacyc.SBGN
PWY-6052.sbgn,MetaCyc,,MetaCyc,PWY-6052,dimethylsulfoniopropanoate degradation III (demethylation),metacyc.SBGN,metacyc.SBGN
PWY-6053.sbgn,MetaCyc,,MetaCyc,PWY-6053,dimethylsulfoniopropanoate biosynthesis III (algae),metacyc.SBGN,metacyc.SBGN
PWY-6054.sbgn,MetaCyc,,MetaCyc,PWY-6054,dimethylsulfoniopropanoate biosynthesis I (Wollastonia),metacyc.SBGN,metacyc.SBGN
PWY-6055.sbgn,MetaCyc,,MetaCyc,PWY-6055,dimethylsulfoniopropanoate biosynthesis II (Spartina),metacyc.SBGN,metacyc.SBGN
PWY-6056.sbgn,MetaCyc,,MetaCyc,PWY-6056,dimethylsulfoniopropanoate degradation II (cleavage),metacyc.SBGN,metacyc.SBGN
PWY-6057.sbgn,MetaCyc,,MetaCyc,PWY-6057,dimethyl sulfide degradation III (oxidation),metacyc.SBGN,metacyc.SBGN
PWY-6058.sbgn,MetaCyc,,MetaCyc,PWY-6058,dimethyl sulfone degradation,metacyc.SBGN,metacyc.SBGN
PWY-6059.sbgn,MetaCyc,,MetaCyc,PWY-6059,dimethyl sulfide degradation II (oxidation),metacyc.SBGN,metacyc.SBGN
PWY-6060.sbgn,MetaCyc,,MetaCyc,PWY-6060,malonate degradation II (biotin-dependent),metacyc.SBGN,metacyc.SBGN
PWY-6061.sbgn,MetaCyc,,MetaCyc,PWY-6061,"bile acid biosynthesis, neutral pathway",metacyc.SBGN,metacyc.SBGN
PWY-6064.sbgn,MetaCyc,,MetaCyc,PWY-6064,methylquercetin biosynthesis,metacyc.SBGN,metacyc.SBGN
PWY-6068.sbgn,MetaCyc,,MetaCyc,PWY-6068,indican biosynthesis,metacyc.SBGN,metacyc.SBGN
PWY-6069.sbgn,MetaCyc,,MetaCyc,PWY-6069,indigo biosynthesis,metacyc.SBGN,metacyc.SBGN
PWY-6071.sbgn,MetaCyc,,MetaCyc,PWY-6071,superpathway of phenylethylamine degradation,metacyc.SBGN,metacyc.SBGN
PWY-6072.sbgn,MetaCyc,,MetaCyc,PWY-6072,superpathway of dimethylsulfone degradation,metacyc.SBGN,metacyc.SBGN
PWY-6073.sbgn,MetaCyc,,MetaCyc,PWY-6073,alginate biosynthesis I (algal),metacyc.SBGN,metacyc.SBGN
PWY-6074.sbgn,MetaCyc,,MetaCyc,PWY-6074,zymosterol biosynthesis,metacyc.SBGN,metacyc.SBGN
PWY-6075.sbgn,MetaCyc,,MetaCyc,PWY-6075,ergosterol biosynthesis I,metacyc.SBGN,metacyc.SBGN
PWY-6076.sbgn,MetaCyc,,MetaCyc,PWY-6076,vitamin D<sub>3</sub> biosynthesis,metacyc.SBGN,metacyc.SBGN
PWY-6077.sbgn,MetaCyc,,MetaCyc,PWY-6077,anthranilate degradation II (aerobic),metacyc.SBGN,metacyc.SBGN
PWY-6079.sbgn,MetaCyc,,MetaCyc,PWY-6079,anthranilate degradation I (aerobic),metacyc.SBGN,metacyc.SBGN
PWY-6080.sbgn,MetaCyc,,MetaCyc,PWY-6080,4-ethylphenol degradation (anaerobic),metacyc.SBGN,metacyc.SBGN
PWY-6081.sbgn,MetaCyc,,MetaCyc,PWY-6081,"1,3-dichlorobenzene degradation",metacyc.SBGN,metacyc.SBGN
PWY-6082.sbgn,MetaCyc,,MetaCyc,PWY-6082,alginate biosynthesis II (bacterial),metacyc.SBGN,metacyc.SBGN
PWY-6083.sbgn,MetaCyc,,MetaCyc,PWY-6083,chlorobenzene degradation,metacyc.SBGN,metacyc.SBGN
PWY-6084.sbgn,MetaCyc,,MetaCyc,PWY-6084,"3,5-dichlorocatechol degradation",metacyc.SBGN,metacyc.SBGN
PWY-6085.sbgn,MetaCyc,,MetaCyc,PWY-6085,"2,4-dichlorophenoxyacetate degradation",metacyc.SBGN,metacyc.SBGN
PWY-6086.sbgn,MetaCyc,,MetaCyc,PWY-6086,4-chloro-2-methylphenoxyacetate degradation,metacyc.SBGN,metacyc.SBGN
PWY-6087.sbgn,MetaCyc,,MetaCyc,PWY-6087,4-chlorocatechol degradation,metacyc.SBGN,metacyc.SBGN
PWY-6088.sbgn,MetaCyc,,MetaCyc,PWY-6088,3-chlorobenzoate degradation I (via chlorocatechol),metacyc.SBGN,metacyc.SBGN
PWY-6089.sbgn,MetaCyc,,MetaCyc,PWY-6089,3-chlorocatechol degradation I (<i>ortho</i>),metacyc.SBGN,metacyc.SBGN
PWY-6090.sbgn,MetaCyc,,MetaCyc,PWY-6090,"1,2-dichlorobenzene degradation",metacyc.SBGN,metacyc.SBGN
PWY-6091.sbgn,MetaCyc,,MetaCyc,PWY-6091,"1,2,4-trichlorobenzene degradation",metacyc.SBGN,metacyc.SBGN
PWY-6093.sbgn,MetaCyc,,MetaCyc,PWY-6093,"4,5-dichlorocatechol degradation",metacyc.SBGN,metacyc.SBGN
PWY-6094.sbgn,MetaCyc,,MetaCyc,PWY-6094,"3,4,6-trichlorocatechol degradation",metacyc.SBGN,metacyc.SBGN
PWY-6095.sbgn,MetaCyc,,MetaCyc,PWY-6095,"dammara-20,24-diene biosynthesis",metacyc.SBGN,metacyc.SBGN
PWY-6098.sbgn,MetaCyc,,MetaCyc,PWY-6098,diploterol and cycloartenol biosynthesis,metacyc.SBGN,metacyc.SBGN
PWY-6099.sbgn,MetaCyc,,MetaCyc,PWY-6099,"1,2,4,5-tetrachlorobenzene degradation",metacyc.SBGN,metacyc.SBGN
PWY-6100.sbgn,MetaCyc,,MetaCyc,PWY-6100,L-carnitine biosynthesis,metacyc.SBGN,metacyc.SBGN
PWY-6102.sbgn,MetaCyc,,MetaCyc,PWY-6102,5-chloro-3-methyl-catechol degradation,metacyc.SBGN,metacyc.SBGN
PWY-6103.sbgn,MetaCyc,,MetaCyc,PWY-6103,3-chlorotoluene degradation I,metacyc.SBGN,metacyc.SBGN
PWY-6104.sbgn,MetaCyc,,MetaCyc,PWY-6104,3-chlorotoluene degradation II,metacyc.SBGN,metacyc.SBGN
PWY-6105.sbgn,MetaCyc,,MetaCyc,PWY-6105,botryococcenes and methylated squalene biosynthesis,metacyc.SBGN,metacyc.SBGN
PWY-6107.sbgn,MetaCyc,,MetaCyc,PWY-6107,chlorosalicylate degradation,metacyc.SBGN,metacyc.SBGN
PWY-6109.sbgn,MetaCyc,,MetaCyc,PWY-6109,mangrove triterpenoid biosynthesis,metacyc.SBGN,metacyc.SBGN
PWY-6111.sbgn,MetaCyc,,MetaCyc,PWY-6111,mitochondrial L-carnitine shuttle,metacyc.SBGN,metacyc.SBGN
PWY-6115.sbgn,MetaCyc,,MetaCyc,PWY-6115,"avenacin biosynthesis, initial reactions",metacyc.SBGN,metacyc.SBGN
PWY-6116.sbgn,MetaCyc,,MetaCyc,PWY-6116,mannosylfructose biosynthesis,metacyc.SBGN,metacyc.SBGN
PWY-6117.sbgn,MetaCyc,,MetaCyc,PWY-6117,spermine and spermidine degradation I,metacyc.SBGN,metacyc.SBGN
PWY-6118.sbgn,MetaCyc,,MetaCyc,PWY-6118,glycerol-3-phosphate shuttle,metacyc.SBGN,metacyc.SBGN
PWY-6120.sbgn,MetaCyc,,MetaCyc,PWY-6120,L-tyrosine biosynthesis III,metacyc.SBGN,metacyc.SBGN
PWY-6121.sbgn,MetaCyc,,MetaCyc,PWY-6121,5-aminoimidazole ribonucleotide biosynthesis I,metacyc.SBGN,metacyc.SBGN
PWY-6122.sbgn,MetaCyc,,MetaCyc,PWY-6122,5-aminoimidazole ribonucleotide biosynthesis II,metacyc.SBGN,metacyc.SBGN
PWY-6123.sbgn,MetaCyc,,MetaCyc,PWY-6123,inosine-5'-phosphate biosynthesis I,metacyc.SBGN,metacyc.SBGN
PWY-6124.sbgn,MetaCyc,,MetaCyc,PWY-6124,inosine-5'-phosphate biosynthesis II,metacyc.SBGN,metacyc.SBGN
PWY-6125.sbgn,MetaCyc,,MetaCyc,PWY-6125,superpathway of guanosine nucleotides <i>de novo</i> biosynthesis II,metacyc.SBGN,metacyc.SBGN
PWY-6126.sbgn,MetaCyc,,MetaCyc,PWY-6126,superpathway of adenosine nucleotides <i>de novo</i> biosynthesis II,metacyc.SBGN,metacyc.SBGN
PWY-6128.sbgn,MetaCyc,,MetaCyc,PWY-6128,cis-calamenene related sesquiterpenoids biosynthesis,metacyc.SBGN,metacyc.SBGN
PWY-6129.sbgn,MetaCyc,,MetaCyc,PWY-6129,dolichol and dolichyl phosphate biosynthesis,metacyc.SBGN,metacyc.SBGN
PWY-6130.sbgn,MetaCyc,,MetaCyc,PWY-6130,glycerol degradation III,metacyc.SBGN,metacyc.SBGN
PWY-6131.sbgn,MetaCyc,,MetaCyc,PWY-6131,glycerol degradation II,metacyc.SBGN,metacyc.SBGN
PWY-6132.sbgn,MetaCyc,,MetaCyc,PWY-6132,lanosterol biosynthesis,metacyc.SBGN,metacyc.SBGN
PWY-6133.sbgn,MetaCyc,,MetaCyc,PWY-6133,(S)-reticuline biosynthesis II,metacyc.SBGN,metacyc.SBGN
PWY-6134.sbgn,MetaCyc,,MetaCyc,PWY-6134,L-tyrosine biosynthesis IV,metacyc.SBGN,metacyc.SBGN
PWY-6138.sbgn,MetaCyc,,MetaCyc,PWY-6138,CMP-<i>N</i>-acetylneuraminate biosynthesis I (eukaryotes),metacyc.SBGN,metacyc.SBGN
PWY-6139.sbgn,MetaCyc,,MetaCyc,PWY-6139,CMP-<i>N</i>-acetylneuraminate biosynthesis II (bacteria),metacyc.SBGN,metacyc.SBGN
PWY-6140.sbgn,MetaCyc,,MetaCyc,PWY-6140,CMP-2-keto-3-deoxy-D-<i>glycero</i>-D-<i>galacto</i>-nononate biosynthesis,metacyc.SBGN,metacyc.SBGN
PWY-6141.sbgn,MetaCyc,,MetaCyc,PWY-6141,archaetidylserine and archaetidylethanolamine biosynthesis,metacyc.SBGN,metacyc.SBGN
PWY-6142.sbgn,MetaCyc,,MetaCyc,PWY-6142,gluconeogenesis II (<i>Methanobacterium thermoautotrophicum</i>),metacyc.SBGN,metacyc.SBGN
PWY-6143.sbgn,MetaCyc,,MetaCyc,PWY-6143,CMP-pseudaminate biosynthesis,metacyc.SBGN,metacyc.SBGN
PWY-6144.sbgn,MetaCyc,,MetaCyc,PWY-6144,CMP-<i>N</i>-glycoloylneuraminate biosynthesis,metacyc.SBGN,metacyc.SBGN
PWY-6145.sbgn,MetaCyc,,MetaCyc,PWY-6145,superpathway of CMP-sialic acids biosynthesis,metacyc.SBGN,metacyc.SBGN
PWY-6147.sbgn,MetaCyc,,MetaCyc,PWY-6147,6-hydroxymethyl-dihydropterin diphosphate biosynthesis I,metacyc.SBGN,metacyc.SBGN
PWY-6148.sbgn,MetaCyc,,MetaCyc,PWY-6148,tetrahydromethanopterin biosynthesis,metacyc.SBGN,metacyc.SBGN
PWY-6151.sbgn,MetaCyc,,MetaCyc,PWY-6151,<i>S</i>-adenosyl-L-methionine cycle I,metacyc.SBGN,metacyc.SBGN
PWY-6153.sbgn,MetaCyc,,MetaCyc,PWY-6153,autoinducer AI-2 biosynthesis I,metacyc.SBGN,metacyc.SBGN
PWY-6154.sbgn,MetaCyc,,MetaCyc,PWY-6154,autoinducer AI-2 biosynthesis II (<i>Vibrio</i>),metacyc.SBGN,metacyc.SBGN
PWY-6157.sbgn,MetaCyc,,MetaCyc,PWY-6157,autoinducer AI-1 biosynthesis,metacyc.SBGN,metacyc.SBGN
PWY-6158.sbgn,MetaCyc,,MetaCyc,PWY-6158,creatine-phosphate biosynthesis,metacyc.SBGN,metacyc.SBGN
PWY-6160.sbgn,MetaCyc,,MetaCyc,PWY-6160,3-dehydroquinate biosynthesis II (archaea),metacyc.SBGN,metacyc.SBGN
PWY-6163.sbgn,MetaCyc,,MetaCyc,PWY-6163,chorismate biosynthesis from 3-dehydroquinate,metacyc.SBGN,metacyc.SBGN
PWY-6164.sbgn,MetaCyc,,MetaCyc,PWY-6164,3-dehydroquinate biosynthesis I,metacyc.SBGN,metacyc.SBGN
PWY-6165.sbgn,MetaCyc,,MetaCyc,PWY-6165,chorismate biosynthesis II (archaea),metacyc.SBGN,metacyc.SBGN
PWY-6167.sbgn,MetaCyc,,MetaCyc,PWY-6167,flavin biosynthesis II (archaea),metacyc.SBGN,metacyc.SBGN
PWY-6168.sbgn,MetaCyc,,MetaCyc,PWY-6168,flavin biosynthesis III (fungi),metacyc.SBGN,metacyc.SBGN
PWY-6173.sbgn,MetaCyc,,MetaCyc,PWY-6173,histamine biosynthesis,metacyc.SBGN,metacyc.SBGN
PWY-6174.sbgn,MetaCyc,,MetaCyc,PWY-6174,mevalonate pathway II (archaea),metacyc.SBGN,metacyc.SBGN
PWY-6176.sbgn,MetaCyc,,MetaCyc,PWY-6176,superpathway of Allium flavor precursors,metacyc.SBGN,metacyc.SBGN
PWY-6178.sbgn,MetaCyc,,MetaCyc,PWY-6178,"2,4,6-trichlorophenol degradation",metacyc.SBGN,metacyc.SBGN
PWY-6181.sbgn,MetaCyc,,MetaCyc,PWY-6181,histamine degradation,metacyc.SBGN,metacyc.SBGN
PWY-6182.sbgn,MetaCyc,,MetaCyc,PWY-6182,superpathway of salicylate degradation,metacyc.SBGN,metacyc.SBGN
PWY-6183.sbgn,MetaCyc,,MetaCyc,PWY-6183,salicylate degradation I,metacyc.SBGN,metacyc.SBGN
PWY-6184.sbgn,MetaCyc,,MetaCyc,PWY-6184,methylsalicylate degradation,metacyc.SBGN,metacyc.SBGN
PWY-6185.sbgn,MetaCyc,,MetaCyc,PWY-6185,4-methylcatechol degradation (<i>ortho</i> cleavage),metacyc.SBGN,metacyc.SBGN
PWY-6190.sbgn,MetaCyc,,MetaCyc,PWY-6190,"2,4-dichlorotoluene degradation",metacyc.SBGN,metacyc.SBGN
PWY-6191.sbgn,MetaCyc,,MetaCyc,PWY-6191,"2,5-dichlorotoluene degradation",metacyc.SBGN,metacyc.SBGN
PWY-6192.sbgn,MetaCyc,,MetaCyc,PWY-6192,"3,4-dichlorotoluene degradation",metacyc.SBGN,metacyc.SBGN
PWY-6193.sbgn,MetaCyc,,MetaCyc,PWY-6193,3-chlorocatechol degradation II (<i>ortho</i>),metacyc.SBGN,metacyc.SBGN
PWY-6196.sbgn,MetaCyc,,MetaCyc,PWY-6196,D-serine metabolism,metacyc.SBGN,metacyc.SBGN
PWY-6197.sbgn,MetaCyc,,MetaCyc,PWY-6197,chlorinated phenols degradation,metacyc.SBGN,metacyc.SBGN
PWY-6199.sbgn,MetaCyc,,MetaCyc,PWY-6199,quercetin sulfate biosynthesis,metacyc.SBGN,metacyc.SBGN
PWY-6200.sbgn,MetaCyc,,MetaCyc,PWY-6200,"2,4,5-trichlorophenoxyacetate degradation",metacyc.SBGN,metacyc.SBGN
PWY-621.sbgn,MetaCyc,,MetaCyc,PWY-621,sucrose degradation III (sucrose invertase),metacyc.SBGN,metacyc.SBGN
PWY-6210.sbgn,MetaCyc,,MetaCyc,PWY-6210,2-aminophenol degradation,metacyc.SBGN,metacyc.SBGN
PWY-6214.sbgn,MetaCyc,,MetaCyc,PWY-6214,3-chlorocatechol degradation III (<i>meta</i> pathway),metacyc.SBGN,metacyc.SBGN
PWY-6215.sbgn,MetaCyc,,MetaCyc,PWY-6215,4-chlorobenzoate degradation,metacyc.SBGN,metacyc.SBGN
PWY-6216.sbgn,MetaCyc,,MetaCyc,PWY-6216,3-chlorobenzoate degradation II (via protocatechuate),metacyc.SBGN,metacyc.SBGN
PWY-6217.sbgn,MetaCyc,,MetaCyc,PWY-6217,"3,4-dichlorobenzoate degradation",metacyc.SBGN,metacyc.SBGN
PWY-6219.sbgn,MetaCyc,,MetaCyc,PWY-6219,indole-3-acetate inactivation VIII,metacyc.SBGN,metacyc.SBGN
PWY-622.sbgn,MetaCyc,,MetaCyc,PWY-622,starch biosynthesis,metacyc.SBGN,metacyc.SBGN
PWY-6220.sbgn,MetaCyc,,MetaCyc,PWY-6220,jasmonoyl-amino acid conjugates biosynthesis I,metacyc.SBGN,metacyc.SBGN
PWY-6221.sbgn,MetaCyc,,MetaCyc,PWY-6221,2-chlorobenzoate degradation,metacyc.SBGN,metacyc.SBGN
PWY-6223.sbgn,MetaCyc,,MetaCyc,PWY-6223,gentisate degradation I,metacyc.SBGN,metacyc.SBGN
PWY-6224.sbgn,MetaCyc,,MetaCyc,PWY-6224,salicylate degradation II,metacyc.SBGN,metacyc.SBGN
PWY-6228.sbgn,MetaCyc,,MetaCyc,PWY-6228,3-chlorobenzoate degradation III (via gentisate),metacyc.SBGN,metacyc.SBGN
PWY-6232.sbgn,MetaCyc,,MetaCyc,PWY-6232,chrysoeriol biosynthesis,metacyc.SBGN,metacyc.SBGN
PWY-6233.sbgn,MetaCyc,,MetaCyc,PWY-6233,jasmonoyl-amino acid conjugates biosynthesis II,metacyc.SBGN,metacyc.SBGN
PWY-6234.sbgn,MetaCyc,,MetaCyc,PWY-6234,superpathway of jasmonoyl-amino acid conjugates biosynthesis,metacyc.SBGN,metacyc.SBGN
PWY-6239.sbgn,MetaCyc,,MetaCyc,PWY-6239,luteolin glycosides biosynthesis,metacyc.SBGN,metacyc.SBGN
PWY-6241.sbgn,MetaCyc,,MetaCyc,PWY-6241,thyroid hormone biosynthesis,metacyc.SBGN,metacyc.SBGN
PWY-6243.sbgn,MetaCyc,,MetaCyc,PWY-6243,bergamotene biosynthesis I,metacyc.SBGN,metacyc.SBGN
PWY-6244.sbgn,MetaCyc,,MetaCyc,PWY-6244,bergamotene biosynthesis II,metacyc.SBGN,metacyc.SBGN
PWY-6254.sbgn,MetaCyc,,MetaCyc,PWY-6254,santalene biosynthesis I,metacyc.SBGN,metacyc.SBGN
PWY-6257.sbgn,MetaCyc,,MetaCyc,PWY-6257,curcumene biosynthesis,metacyc.SBGN,metacyc.SBGN
PWY-6258.sbgn,MetaCyc,,MetaCyc,PWY-6258,patchoulol biosynthesis,metacyc.SBGN,metacyc.SBGN
PWY-6260.sbgn,MetaCyc,,MetaCyc,PWY-6260,thyroid hormone metabolism I (via deiodination),metacyc.SBGN,metacyc.SBGN
PWY-6261.sbgn,MetaCyc,,MetaCyc,PWY-6261,thyroid hormone metabolism II (via conjugation and/or degradation),metacyc.SBGN,metacyc.SBGN
PWY-6262.sbgn,MetaCyc,,MetaCyc,PWY-6262,demethylmenaquinol-8 biosynthesis II,metacyc.SBGN,metacyc.SBGN
PWY-6263.sbgn,MetaCyc,,MetaCyc,PWY-6263,superpathway of menaquinol-8 biosynthesis II,metacyc.SBGN,metacyc.SBGN
PWY-6265.sbgn,MetaCyc,,MetaCyc,PWY-6265,zerumbone biosynthesis,metacyc.SBGN,metacyc.SBGN
PWY-6266.sbgn,MetaCyc,,MetaCyc,PWY-6266,superpathway of flavones and derivatives biosynthesis,metacyc.SBGN,metacyc.SBGN
PWY-6268.sbgn,MetaCyc,,MetaCyc,PWY-6268,adenosylcobalamin salvage from cobalamin,metacyc.SBGN,metacyc.SBGN
PWY-6269.sbgn,MetaCyc,,MetaCyc,PWY-6269,adenosylcobalamin salvage from cobinamide II,metacyc.SBGN,metacyc.SBGN
PWY-6270.sbgn,MetaCyc,,MetaCyc,PWY-6270,isoprene biosynthesis I,metacyc.SBGN,metacyc.SBGN
PWY-6271.sbgn,MetaCyc,,MetaCyc,PWY-6271,eudesmol biosynthesis,metacyc.SBGN,metacyc.SBGN
PWY-6273.sbgn,MetaCyc,,MetaCyc,PWY-6273,phosphatidylethanolamine biosynthesis III,metacyc.SBGN,metacyc.SBGN
PWY-6275.sbgn,MetaCyc,,MetaCyc,PWY-6275,&beta;-caryophyllene biosynthesis,metacyc.SBGN,metacyc.SBGN
PWY-6277.sbgn,MetaCyc,,MetaCyc,PWY-6277,superpathway of 5-aminoimidazole ribonucleotide biosynthesis,metacyc.SBGN,metacyc.SBGN
PWY-6278.sbgn,MetaCyc,,MetaCyc,PWY-6278,botrydial biosynthesis,metacyc.SBGN,metacyc.SBGN
PWY-6279.sbgn,MetaCyc,,MetaCyc,PWY-6279,myxol-2' fucoside biosynthesis,metacyc.SBGN,metacyc.SBGN
PWY-6280.sbgn,MetaCyc,,MetaCyc,PWY-6280,synechoxanthin biosynthesis,metacyc.SBGN,metacyc.SBGN
PWY-6281.sbgn,MetaCyc,,MetaCyc,PWY-6281,L-selenocysteine biosynthesis II (archaea and eukaryotes),metacyc.SBGN,metacyc.SBGN
PWY-6282.sbgn,MetaCyc,,MetaCyc,PWY-6282,palmitoleate biosynthesis I (from (5Z)-dodec-5-enoate),metacyc.SBGN,metacyc.SBGN
PWY-6284.sbgn,MetaCyc,,MetaCyc,PWY-6284,superpathway of unsaturated fatty acids biosynthesis (<i>E. coli</i>),metacyc.SBGN,metacyc.SBGN
PWY-6285.sbgn,MetaCyc,,MetaCyc,PWY-6285,superpathway of fatty acids biosynthesis (<i>E. coli</i>),metacyc.SBGN,metacyc.SBGN
PWY-6286.sbgn,MetaCyc,,MetaCyc,PWY-6286,spheroidene and spheroidenone biosynthesis,metacyc.SBGN,metacyc.SBGN
PWY-6287.sbgn,MetaCyc,,MetaCyc,PWY-6287,neurosporene biosynthesis,metacyc.SBGN,metacyc.SBGN
PWY-6288.sbgn,MetaCyc,,MetaCyc,PWY-6288,zeaxanthin-&beta;-D-diglucoside biosynthesis,metacyc.SBGN,metacyc.SBGN
PWY-6289.sbgn,MetaCyc,,MetaCyc,PWY-6289,petrobactin biosynthesis,metacyc.SBGN,metacyc.SBGN
PWY-6290.sbgn,MetaCyc,,MetaCyc,PWY-6290,&beta;-cubebene biosynthesis,metacyc.SBGN,metacyc.SBGN
PWY-6291.sbgn,MetaCyc,,MetaCyc,PWY-6291,valencene and 7-epi-&alpha;-selinene biosynthesis,metacyc.SBGN,metacyc.SBGN
PWY-6292.sbgn,MetaCyc,,MetaCyc,PWY-6292,superpathway of L-cysteine biosynthesis (mammalian),metacyc.SBGN,metacyc.SBGN
PWY-6293.sbgn,MetaCyc,,MetaCyc,PWY-6293,L-cysteine biosynthesis IV (fungi),metacyc.SBGN,metacyc.SBGN
PWY-6294.sbgn,MetaCyc,,MetaCyc,PWY-6294,selinene biosynthesis,metacyc.SBGN,metacyc.SBGN
PWY-6297.sbgn,MetaCyc,,MetaCyc,PWY-6297,tuberonate glucoside biosynthesis,metacyc.SBGN,metacyc.SBGN
PWY-63.sbgn,MetaCyc,,MetaCyc,PWY-63,UDP-&beta;-L-arabinose biosynthesis I (from UDP-&alpha;-D-xylose),metacyc.SBGN,metacyc.SBGN
PWY-6302.sbgn,MetaCyc,,MetaCyc,PWY-6302,dihydroconiferyl alcohol biosynthesis,metacyc.SBGN,metacyc.SBGN
PWY-6303.sbgn,MetaCyc,,MetaCyc,PWY-6303,methyl indole-3-acetate interconversion,metacyc.SBGN,metacyc.SBGN
PWY-6304.sbgn,MetaCyc,,MetaCyc,PWY-6304,casbene biosynthesis,metacyc.SBGN,metacyc.SBGN
PWY-6305.sbgn,MetaCyc,,MetaCyc,PWY-6305,putrescine biosynthesis IV,metacyc.SBGN,metacyc.SBGN
PWY-6307.sbgn,MetaCyc,,MetaCyc,PWY-6307,"L-tryptophan degradation X (mammalian, via tryptamine)",metacyc.SBGN,metacyc.SBGN
PWY-6308.sbgn,MetaCyc,,MetaCyc,PWY-6308,L-cysteine biosynthesis II (tRNA-dependent),metacyc.SBGN,metacyc.SBGN
PWY-6309.sbgn,MetaCyc,,MetaCyc,PWY-6309,"L-tryptophan degradation XI (mammalian, via kynurenine)",metacyc.SBGN,metacyc.SBGN
PWY-6310.sbgn,MetaCyc,,MetaCyc,PWY-6310,aloesone biosynthesis II,metacyc.SBGN,metacyc.SBGN
PWY-6312.sbgn,MetaCyc,,MetaCyc,PWY-6312,barbaloin biosynthesis,metacyc.SBGN,metacyc.SBGN
PWY-6313.sbgn,MetaCyc,,MetaCyc,PWY-6313,serotonin degradation,metacyc.SBGN,metacyc.SBGN
PWY-6314.sbgn,MetaCyc,,MetaCyc,PWY-6314,plumbagin biosynthesis,metacyc.SBGN,metacyc.SBGN
PWY-6316.sbgn,MetaCyc,,MetaCyc,PWY-6316,aromatic polyketides biosynthesis,metacyc.SBGN,metacyc.SBGN
PWY-6317.sbgn,MetaCyc,,MetaCyc,PWY-6317,D-galactose degradation I (Leloir pathway),metacyc.SBGN,metacyc.SBGN
PWY-6318.sbgn,MetaCyc,,MetaCyc,PWY-6318,"L-phenylalanine degradation IV (mammalian, via side chain)",metacyc.SBGN,metacyc.SBGN
PWY-6320.sbgn,MetaCyc,,MetaCyc,PWY-6320,phaselate biosynthesis,metacyc.SBGN,metacyc.SBGN
PWY-6321.sbgn,MetaCyc,,MetaCyc,PWY-6321,homotaurine degradation,metacyc.SBGN,metacyc.SBGN
PWY-6322.sbgn,MetaCyc,,MetaCyc,PWY-6322,phosphinothricin tripeptide biosynthesis,metacyc.SBGN,metacyc.SBGN
PWY-6323.sbgn,MetaCyc,,MetaCyc,PWY-6323,benzoylanthranilate biosynthesis,metacyc.SBGN,metacyc.SBGN
PWY-6324.sbgn,MetaCyc,,MetaCyc,PWY-6324,rebeccamycin biosynthesis,metacyc.SBGN,metacyc.SBGN
PWY-6325.sbgn,MetaCyc,,MetaCyc,PWY-6325,echinatin biosynthesis,metacyc.SBGN,metacyc.SBGN
PWY-6326.sbgn,MetaCyc,,MetaCyc,PWY-6326,camptothecin biosynthesis,metacyc.SBGN,metacyc.SBGN
PWY-6327.sbgn,MetaCyc,,MetaCyc,PWY-6327,tetrathionate oxidation,metacyc.SBGN,metacyc.SBGN
PWY-6328.sbgn,MetaCyc,,MetaCyc,PWY-6328,L-lysine degradation X,metacyc.SBGN,metacyc.SBGN
PWY-6330.sbgn,MetaCyc,,MetaCyc,PWY-6330,acetaldehyde biosynthesis II,metacyc.SBGN,metacyc.SBGN
PWY-6332.sbgn,MetaCyc,,MetaCyc,PWY-6332,coumestrol biosynthesis,metacyc.SBGN,metacyc.SBGN
PWY-6333.sbgn,MetaCyc,,MetaCyc,PWY-6333,acetaldehyde biosynthesis I,metacyc.SBGN,metacyc.SBGN
PWY-6334.sbgn,MetaCyc,,MetaCyc,PWY-6334,L-dopa degradation,metacyc.SBGN,metacyc.SBGN
PWY-6336.sbgn,MetaCyc,,MetaCyc,PWY-6336,protocatechuate degradation III (<I>para</I>-cleavage pathway),metacyc.SBGN,metacyc.SBGN
PWY-6337.sbgn,MetaCyc,,MetaCyc,PWY-6337,dehydroscoulerine biosynthesis,metacyc.SBGN,metacyc.SBGN
PWY-6338.sbgn,MetaCyc,,MetaCyc,PWY-6338,superpathway of vanillin and vanillate degradation,metacyc.SBGN,metacyc.SBGN
PWY-6339.sbgn,MetaCyc,,MetaCyc,PWY-6339,syringate degradation,metacyc.SBGN,metacyc.SBGN
PWY-6340.sbgn,MetaCyc,,MetaCyc,PWY-6340,"5,5'-dehydrodivanillate degradation",metacyc.SBGN,metacyc.SBGN
PWY-6341.sbgn,MetaCyc,,MetaCyc,PWY-6341,guaiacylglycerol-&beta;-guaiacyl ether degradation,metacyc.SBGN,metacyc.SBGN
PWY-6342.sbgn,MetaCyc,,MetaCyc,PWY-6342,noradrenaline and adrenaline degradation,metacyc.SBGN,metacyc.SBGN
PWY-6343.sbgn,MetaCyc,,MetaCyc,PWY-6343,ferulate degradation,metacyc.SBGN,metacyc.SBGN
PWY-6344.sbgn,MetaCyc,,MetaCyc,PWY-6344,L-ornithine degradation II (Stickland reaction),metacyc.SBGN,metacyc.SBGN
PWY-6345.sbgn,MetaCyc,,MetaCyc,PWY-6345,K-252 biosynthesis,metacyc.SBGN,metacyc.SBGN
PWY-6346.sbgn,MetaCyc,,MetaCyc,PWY-6346,staurosporine biosynthesis,metacyc.SBGN,metacyc.SBGN
PWY-6348.sbgn,MetaCyc,,MetaCyc,PWY-6348,phosphate acquisition,metacyc.SBGN,metacyc.SBGN
PWY-6349.sbgn,MetaCyc,,MetaCyc,PWY-6349,CDP-archaeol biosynthesis,metacyc.SBGN,metacyc.SBGN
PWY-6350.sbgn,MetaCyc,,MetaCyc,PWY-6350,archaetidylinositol biosynthesis,metacyc.SBGN,metacyc.SBGN
PWY-6351.sbgn,MetaCyc,,MetaCyc,PWY-6351,"D-<i>myo</i>-inositol (1,4,5)-trisphosphate biosynthesis",metacyc.SBGN,metacyc.SBGN
PWY-6352.sbgn,MetaCyc,,MetaCyc,PWY-6352,3-phosphoinositide biosynthesis,metacyc.SBGN,metacyc.SBGN
PWY-6353.sbgn,MetaCyc,,MetaCyc,PWY-6353,purine nucleotides degradation II (aerobic),metacyc.SBGN,metacyc.SBGN
PWY-6358.sbgn,MetaCyc,,MetaCyc,PWY-6358,"superpathway of D-<i>myo</i>-inositol (1,4,5)-trisphosphate metabolism",metacyc.SBGN,metacyc.SBGN
PWY-6361.sbgn,MetaCyc,,MetaCyc,PWY-6361,"1D-<i>myo</i>-inositol hexakisphosphate biosynthesis I (from Ins(1,4,5)P3)",metacyc.SBGN,metacyc.SBGN
PWY-6362.sbgn,MetaCyc,,MetaCyc,PWY-6362,1D-<i>myo</i>-inositol hexakisphosphate biosynthesis II (mammalian),metacyc.SBGN,metacyc.SBGN
PWY-6363.sbgn,MetaCyc,,MetaCyc,PWY-6363,"D-<i>myo</i>-inositol (1,4,5)-trisphosphate degradation",metacyc.SBGN,metacyc.SBGN
PWY-6364.sbgn,MetaCyc,,MetaCyc,PWY-6364,"D-<i>myo</i>-inositol (1,3,4)-trisphosphate biosynthesis",metacyc.SBGN,metacyc.SBGN
PWY-6365.sbgn,MetaCyc,,MetaCyc,PWY-6365,"D-<i>myo</i>-inositol (3,4,5,6)-tetrakisphosphate biosynthesis",metacyc.SBGN,metacyc.SBGN
PWY-6366.sbgn,MetaCyc,,MetaCyc,PWY-6366,"D-<i>myo</i>-inositol (1,4,5,6)-tetrakisphosphate biosynthesis",metacyc.SBGN,metacyc.SBGN
PWY-6367.sbgn,MetaCyc,,MetaCyc,PWY-6367,D-<i>myo</i>-inositol-5-phosphate metabolism,metacyc.SBGN,metacyc.SBGN
PWY-6368.sbgn,MetaCyc,,MetaCyc,PWY-6368,3-phosphoinositide degradation,metacyc.SBGN,metacyc.SBGN
PWY-6369.sbgn,MetaCyc,,MetaCyc,PWY-6369,inositol pyrophosphates biosynthesis,metacyc.SBGN,metacyc.SBGN
PWY-6370.sbgn,MetaCyc,,MetaCyc,PWY-6370,ascorbate recycling (cytosolic),metacyc.SBGN,metacyc.SBGN
PWY-6371.sbgn,MetaCyc,,MetaCyc,PWY-6371,superpathway of inositol phosphate compounds,metacyc.SBGN,metacyc.SBGN
PWY-6372.sbgn,MetaCyc,,MetaCyc,PWY-6372,1D-<i>myo</i>-inositol hexakisphosphate biosynthesis IV (<i>Dictyostelium</i>),metacyc.SBGN,metacyc.SBGN
PWY-6373.sbgn,MetaCyc,,MetaCyc,PWY-6373,acrylate degradation,metacyc.SBGN,metacyc.SBGN
PWY-6374.sbgn,MetaCyc,,MetaCyc,PWY-6374,vibriobactin biosynthesis,metacyc.SBGN,metacyc.SBGN
PWY-6375.sbgn,MetaCyc,,MetaCyc,PWY-6375,desferrioxamine E biosynthesis,metacyc.SBGN,metacyc.SBGN
PWY-6376.sbgn,MetaCyc,,MetaCyc,PWY-6376,desferrioxamine B biosynthesis,metacyc.SBGN,metacyc.SBGN
PWY-6377.sbgn,MetaCyc,,MetaCyc,PWY-6377,&alpha;-tocopherol degradation,metacyc.SBGN,metacyc.SBGN
PWY-6378.sbgn,MetaCyc,,MetaCyc,PWY-6378,putrebactin biosynthesis,metacyc.SBGN,metacyc.SBGN
PWY-6379.sbgn,MetaCyc,,MetaCyc,PWY-6379,alcaligin biosynthesis,metacyc.SBGN,metacyc.SBGN
PWY-6381.sbgn,MetaCyc,,MetaCyc,PWY-6381,bisucaberin biosynthesis,metacyc.SBGN,metacyc.SBGN
PWY-6383.sbgn,MetaCyc,,MetaCyc,PWY-6383,"mono-<i>trans</i>, poly-<i>cis</i> decaprenyl phosphate biosynthesis",metacyc.SBGN,metacyc.SBGN
PWY-6385.sbgn,MetaCyc,,MetaCyc,PWY-6385,peptidoglycan biosynthesis III (mycobacteria),metacyc.SBGN,metacyc.SBGN
PWY-6386.sbgn,MetaCyc,,MetaCyc,PWY-6386,UDP-<i>N</i>-acetylmuramoyl-pentapeptide biosynthesis II (lysine-containing),metacyc.SBGN,metacyc.SBGN
PWY-6387.sbgn,MetaCyc,,MetaCyc,PWY-6387,UDP-<i>N</i>-acetylmuramoyl-pentapeptide biosynthesis I (<i>meso</i>-diaminopimelate containing),metacyc.SBGN,metacyc.SBGN
PWY-6388.sbgn,MetaCyc,,MetaCyc,PWY-6388,"(S,S)-butanediol degradation",metacyc.SBGN,metacyc.SBGN
PWY-6389.sbgn,MetaCyc,,MetaCyc,PWY-6389,pyruvate fermentation to (<i>S</i>)-acetoin,metacyc.SBGN,metacyc.SBGN
PWY-6390.sbgn,MetaCyc,,MetaCyc,PWY-6390,"(<i>S,S</i>)-butanediol biosynthesis",metacyc.SBGN,metacyc.SBGN
PWY-6391.sbgn,MetaCyc,,MetaCyc,PWY-6391,<i>meso</i>-butanediol biosynthesis I,metacyc.SBGN,metacyc.SBGN
PWY-6392.sbgn,MetaCyc,,MetaCyc,PWY-6392,<i>meso</i>-butanediol biosynthesis II,metacyc.SBGN,metacyc.SBGN
PWY-6395.sbgn,MetaCyc,,MetaCyc,PWY-6395,superpathway of seleno-compound metabolism,metacyc.SBGN,metacyc.SBGN
PWY-6396.sbgn,MetaCyc,,MetaCyc,PWY-6396,"superpathway of 2,3-butanediol biosynthesis",metacyc.SBGN,metacyc.SBGN
PWY-6397.sbgn,MetaCyc,,MetaCyc,PWY-6397,mycolyl-arabinogalactan-peptidoglycan complex biosynthesis,metacyc.SBGN,metacyc.SBGN
PWY-6398.sbgn,MetaCyc,,MetaCyc,PWY-6398,melatonin degradation I,metacyc.SBGN,metacyc.SBGN
PWY-6399.sbgn,MetaCyc,,MetaCyc,PWY-6399,melatonin degradation II,metacyc.SBGN,metacyc.SBGN
PWY-6400.sbgn,MetaCyc,,MetaCyc,PWY-6400,melatonin degradation III,metacyc.SBGN,metacyc.SBGN
PWY-6401.sbgn,MetaCyc,,MetaCyc,PWY-6401,hispidol and hispidol 4'-<i>O</i>-&beta;-<i>D</i>-glucoside biosynthesis,metacyc.SBGN,metacyc.SBGN
PWY-6402.sbgn,MetaCyc,,MetaCyc,PWY-6402,superpathway of melatonin degradation,metacyc.SBGN,metacyc.SBGN
PWY-6403.sbgn,MetaCyc,,MetaCyc,PWY-6403,carrageenan biosynthesis,metacyc.SBGN,metacyc.SBGN
PWY-6405.sbgn,MetaCyc,,MetaCyc,PWY-6405,Rapoport-Luebering glycolytic shunt,metacyc.SBGN,metacyc.SBGN
PWY-6406.sbgn,MetaCyc,,MetaCyc,PWY-6406,salicylate biosynthesis I,metacyc.SBGN,metacyc.SBGN
PWY-6407.sbgn,MetaCyc,,MetaCyc,PWY-6407,yersiniabactin biosynthesis,metacyc.SBGN,metacyc.SBGN
PWY-6408.sbgn,MetaCyc,,MetaCyc,PWY-6408,pyochelin biosynthesis,metacyc.SBGN,metacyc.SBGN
PWY-6409.sbgn,MetaCyc,,MetaCyc,PWY-6409,pyoverdine I biosynthesis,metacyc.SBGN,metacyc.SBGN
PWY-641.sbgn,MetaCyc,,MetaCyc,PWY-641,proanthocyanidins biosynthesis from flavanols,metacyc.SBGN,metacyc.SBGN
PWY-6411.sbgn,MetaCyc,,MetaCyc,PWY-6411,ginsenoside degradation I,metacyc.SBGN,metacyc.SBGN
PWY-6412.sbgn,MetaCyc,,MetaCyc,PWY-6412,ginsenoside degradation II,metacyc.SBGN,metacyc.SBGN
PWY-6413.sbgn,MetaCyc,,MetaCyc,PWY-6413,ginsenoside degradation III,metacyc.SBGN,metacyc.SBGN
PWY-6415.sbgn,MetaCyc,,MetaCyc,PWY-6415,L-ascorbate biosynthesis V,metacyc.SBGN,metacyc.SBGN
PWY-6416.sbgn,MetaCyc,,MetaCyc,PWY-6416,quinate degradation II,metacyc.SBGN,metacyc.SBGN
PWY-6418.sbgn,MetaCyc,,MetaCyc,PWY-6418,4-hydroxycoumarin and dicoumarol biosynthesis,metacyc.SBGN,metacyc.SBGN
PWY-6419.sbgn,MetaCyc,,MetaCyc,PWY-6419,shikimate degradation II,metacyc.SBGN,metacyc.SBGN
PWY-6420.sbgn,MetaCyc,,MetaCyc,PWY-6420,pyrroloquinoline quinone biosynthesis,metacyc.SBGN,metacyc.SBGN
PWY-6421.sbgn,MetaCyc,,MetaCyc,PWY-6421,arsenate detoxification III (mycothiol),metacyc.SBGN,metacyc.SBGN
PWY-6422.sbgn,MetaCyc,,MetaCyc,PWY-6422,D-arginine degradation,metacyc.SBGN,metacyc.SBGN
PWY-6423.sbgn,MetaCyc,,MetaCyc,PWY-6423,hemoglobin degradation,metacyc.SBGN,metacyc.SBGN
PWY-6425.sbgn,MetaCyc,,MetaCyc,PWY-6425,rotenoid biosynthesis II,metacyc.SBGN,metacyc.SBGN
PWY-6426.sbgn,MetaCyc,,MetaCyc,PWY-6426,uracil degradation II (oxidative),metacyc.SBGN,metacyc.SBGN
PWY-6427.sbgn,MetaCyc,,MetaCyc,PWY-6427,rot-2'-enonate biosynthesis,metacyc.SBGN,metacyc.SBGN
PWY-6430.sbgn,MetaCyc,,MetaCyc,PWY-6430,thymine degradation,metacyc.SBGN,metacyc.SBGN
PWY-6431.sbgn,MetaCyc,,MetaCyc,PWY-6431,4-hydroxybenzoate biosynthesis IV,metacyc.SBGN,metacyc.SBGN
PWY-6432.sbgn,MetaCyc,,MetaCyc,PWY-6432,curcuminoid biosynthesis,metacyc.SBGN,metacyc.SBGN
PWY-6433.sbgn,MetaCyc,,MetaCyc,PWY-6433,hydroxylated fatty acid biosynthesis (plants),metacyc.SBGN,metacyc.SBGN
PWY-6435.sbgn,MetaCyc,,MetaCyc,PWY-6435,4-hydroxybenzoate biosynthesis V,metacyc.SBGN,metacyc.SBGN
PWY-6436.sbgn,MetaCyc,,MetaCyc,PWY-6436,perillyl aldehyde biosynthesis,metacyc.SBGN,metacyc.SBGN
PWY-6437.sbgn,MetaCyc,,MetaCyc,PWY-6437,fenchol biosynthesis I,metacyc.SBGN,metacyc.SBGN
PWY-6438.sbgn,MetaCyc,,MetaCyc,PWY-6438,phenylphenalenone biosynthesis,metacyc.SBGN,metacyc.SBGN
PWY-6440.sbgn,MetaCyc,,MetaCyc,PWY-6440,spermine and spermidine degradation II,metacyc.SBGN,metacyc.SBGN
PWY-6441.sbgn,MetaCyc,,MetaCyc,PWY-6441,spermine and spermidine degradation III,metacyc.SBGN,metacyc.SBGN
PWY-6442.sbgn,MetaCyc,,MetaCyc,PWY-6442,spermidine hydroxycinnamic acid conjugates biosynthesis,metacyc.SBGN,metacyc.SBGN
PWY-6443.sbgn,MetaCyc,,MetaCyc,PWY-6443,"benzoate biosynthesis I (CoA-dependent, &beta;-oxidative)",metacyc.SBGN,metacyc.SBGN
PWY-6444.sbgn,MetaCyc,,MetaCyc,PWY-6444,"benzoate biosynthesis II (CoA-independent, non-&beta;-oxidative)",metacyc.SBGN,metacyc.SBGN
PWY-6445.sbgn,MetaCyc,,MetaCyc,PWY-6445,fenchol biosynthesis II,metacyc.SBGN,metacyc.SBGN
PWY-6446.sbgn,MetaCyc,,MetaCyc,PWY-6446,"benzoate biosynthesis III (CoA-dependent, non-&beta;-oxidative)",metacyc.SBGN,metacyc.SBGN
PWY-6447.sbgn,MetaCyc,,MetaCyc,PWY-6447,trichome monoterpenes biosynthesis,metacyc.SBGN,metacyc.SBGN
PWY-6448.sbgn,MetaCyc,,MetaCyc,PWY-6448,hordatine biosynthesis,metacyc.SBGN,metacyc.SBGN
PWY-6449.sbgn,MetaCyc,,MetaCyc,PWY-6449,fenchone biosynthesis,metacyc.SBGN,metacyc.SBGN
PWY-6451.sbgn,MetaCyc,,MetaCyc,PWY-6451,3-carene biosynthesis,metacyc.SBGN,metacyc.SBGN
PWY-6453.sbgn,MetaCyc,,MetaCyc,PWY-6453,stigma estolide biosynthesis,metacyc.SBGN,metacyc.SBGN
PWY-6454.sbgn,MetaCyc,,MetaCyc,PWY-6454,vancomycin resistance I,metacyc.SBGN,metacyc.SBGN
PWY-6455.sbgn,MetaCyc,,MetaCyc,PWY-6455,vancomycin resistance II,metacyc.SBGN,metacyc.SBGN
PWY-6456.sbgn,MetaCyc,,MetaCyc,PWY-6456,serinol biosynthesis,metacyc.SBGN,metacyc.SBGN
PWY-6457.sbgn,MetaCyc,,MetaCyc,PWY-6457,<i>trans</i>-cinnamoyl-CoA biosynthesis,metacyc.SBGN,metacyc.SBGN
PWY-6458.sbgn,MetaCyc,,MetaCyc,PWY-6458,benzoyl-CoA biosynthesis,metacyc.SBGN,metacyc.SBGN
PWY-6459.sbgn,MetaCyc,,MetaCyc,PWY-6459,peptidoglycan cross-bridge biosynthesis I (S. aureus),metacyc.SBGN,metacyc.SBGN
PWY-6461.sbgn,MetaCyc,,MetaCyc,PWY-6461,peptidoglycan cross-bridge biosynthesis II (E. faecium),metacyc.SBGN,metacyc.SBGN
PWY-6462.sbgn,MetaCyc,,MetaCyc,PWY-6462,peptidoglycan cross-bridge biosynthesis III (Enterococcus faecalis),metacyc.SBGN,metacyc.SBGN
PWY-6463.sbgn,MetaCyc,,MetaCyc,PWY-6463,peptidoglycan cross-bridge biosynthesis IV (Weissella viridescens),metacyc.SBGN,metacyc.SBGN
PWY-6464.sbgn,MetaCyc,,MetaCyc,PWY-6464,polyvinyl alcohol degradation,metacyc.SBGN,metacyc.SBGN
PWY-6466.sbgn,MetaCyc,,MetaCyc,PWY-6466,pyridoxal 5'-phosphate biosynthesis II,metacyc.SBGN,metacyc.SBGN
PWY-6467.sbgn,MetaCyc,,MetaCyc,PWY-6467,Kdo transfer to lipid IV<SUB>A</SUB> III (Chlamydia),metacyc.SBGN,metacyc.SBGN
PWY-6470.sbgn,MetaCyc,,MetaCyc,PWY-6470,peptidoglycan biosynthesis V (&beta;-lactam resistance),metacyc.SBGN,metacyc.SBGN
PWY-6471.sbgn,MetaCyc,,MetaCyc,PWY-6471,peptidoglycan biosynthesis IV (Enterococcus faecium),metacyc.SBGN,metacyc.SBGN
PWY-6473.sbgn,MetaCyc,,MetaCyc,PWY-6473,4-aminobutanoate degradation IV,metacyc.SBGN,metacyc.SBGN
PWY-6475.sbgn,MetaCyc,,MetaCyc,PWY-6475,<i>trans</i>-lycopene biosynthesis II (oxygenic phototrophs and green sulfur bacteria),metacyc.SBGN,metacyc.SBGN
PWY-6476.sbgn,MetaCyc,,MetaCyc,PWY-6476,cytidylyl molybdenum cofactor biosynthesis,metacyc.SBGN,metacyc.SBGN
PWY-6477.sbgn,MetaCyc,,MetaCyc,PWY-6477,gibberellin inactivation II (methylation),metacyc.SBGN,metacyc.SBGN
PWY-6478.sbgn,MetaCyc,,MetaCyc,PWY-6478,GDP-D-<i>glycero</i>-&alpha;-D-<i>manno</i>-heptose biosynthesis,metacyc.SBGN,metacyc.SBGN
PWY-6481.sbgn,MetaCyc,,MetaCyc,PWY-6481,L-dopa and L-dopachrome biosynthesis,metacyc.SBGN,metacyc.SBGN
PWY-6482.sbgn,MetaCyc,,MetaCyc,PWY-6482,diphthamide biosynthesis (archaea),metacyc.SBGN,metacyc.SBGN
PWY-6483.sbgn,MetaCyc,,MetaCyc,PWY-6483,ceramide degradation,metacyc.SBGN,metacyc.SBGN
PWY-6486.sbgn,MetaCyc,,MetaCyc,PWY-6486,D-galacturonate degradation II,metacyc.SBGN,metacyc.SBGN
PWY-6491.sbgn,MetaCyc,,MetaCyc,PWY-6491,D-galacturonate degradation III,metacyc.SBGN,metacyc.SBGN
PWY-6493.sbgn,MetaCyc,,MetaCyc,PWY-6493,chanoclavine I aldehyde biosynthesis,metacyc.SBGN,metacyc.SBGN
PWY-6494.sbgn,MetaCyc,,MetaCyc,PWY-6494,gibberellin inactivation III (epoxidation),metacyc.SBGN,metacyc.SBGN
PWY-6495.sbgn,MetaCyc,,MetaCyc,PWY-6495,ergotamine biosynthesis,metacyc.SBGN,metacyc.SBGN
PWY-6497.sbgn,MetaCyc,,MetaCyc,PWY-6497,D-galactarate degradation II,metacyc.SBGN,metacyc.SBGN
PWY-6498.sbgn,MetaCyc,,MetaCyc,PWY-6498,eumelanin biosynthesis,metacyc.SBGN,metacyc.SBGN
PWY-6499.sbgn,MetaCyc,,MetaCyc,PWY-6499,D-glucarate degradation II,metacyc.SBGN,metacyc.SBGN
PWY-6501.sbgn,MetaCyc,,MetaCyc,PWY-6501,D-glucuronate degradation II,metacyc.SBGN,metacyc.SBGN
PWY-6502.sbgn,MetaCyc,,MetaCyc,PWY-6502,oxidized GTP and dGTP detoxification,metacyc.SBGN,metacyc.SBGN
PWY-6503.sbgn,MetaCyc,,MetaCyc,PWY-6503,superpathway of ergotamine biosynthesis,metacyc.SBGN,metacyc.SBGN
PWY-6504.sbgn,MetaCyc,,MetaCyc,PWY-6504,anthranilate degradation IV (aerobic),metacyc.SBGN,metacyc.SBGN
PWY-6505.sbgn,MetaCyc,,MetaCyc,PWY-6505,L-tryptophan degradation XII (Geobacillus),metacyc.SBGN,metacyc.SBGN
PWY-6507.sbgn,MetaCyc,,MetaCyc,PWY-6507,4-deoxy-L-<i>threo</i>-hex-4-enopyranuronate degradation,metacyc.SBGN,metacyc.SBGN
PWY-6509.sbgn,MetaCyc,,MetaCyc,PWY-6509,methanol oxidation to formaldehyde III,metacyc.SBGN,metacyc.SBGN
PWY-6510.sbgn,MetaCyc,,MetaCyc,PWY-6510,methanol oxidation to formaldehyde II,metacyc.SBGN,metacyc.SBGN
PWY-6511.sbgn,MetaCyc,,MetaCyc,PWY-6511,3-methylarginine biosynthesis,metacyc.SBGN,metacyc.SBGN
PWY-6512.sbgn,MetaCyc,,MetaCyc,PWY-6512,"hydrogen oxidation III (anaerobic, NADP)",metacyc.SBGN,metacyc.SBGN
PWY-6515.sbgn,MetaCyc,,MetaCyc,PWY-6515,phloridzin biosynthesis,metacyc.SBGN,metacyc.SBGN
PWY-6516.sbgn,MetaCyc,,MetaCyc,PWY-6516,superpathway of microbial D-galacturonate and D-glucuronate degradation,metacyc.SBGN,metacyc.SBGN
PWY-6517.sbgn,MetaCyc,,MetaCyc,PWY-6517,<i>N</i>-acetylglucosamine degradation II,metacyc.SBGN,metacyc.SBGN
PWY-6518.sbgn,MetaCyc,,MetaCyc,PWY-6518,glycocholate metabolism (bacteria),metacyc.SBGN,metacyc.SBGN
PWY-6519.sbgn,MetaCyc,,MetaCyc,PWY-6519,8-amino-7-oxononanoate biosynthesis I,metacyc.SBGN,metacyc.SBGN
PWY-6520.sbgn,MetaCyc,,MetaCyc,PWY-6520,nonaprenyl diphosphate biosynthesis II,metacyc.SBGN,metacyc.SBGN
PWY-6523.sbgn,MetaCyc,,MetaCyc,PWY-6523,nitrite-dependent anaerobic methane oxidation,metacyc.SBGN,metacyc.SBGN
PWY-6524.sbgn,MetaCyc,,MetaCyc,PWY-6524,lychnose and isolychnose biosynthesis,metacyc.SBGN,metacyc.SBGN
PWY-6525.sbgn,MetaCyc,,MetaCyc,PWY-6525,stellariose and mediose biosynthesis,metacyc.SBGN,metacyc.SBGN
PWY-6526.sbgn,MetaCyc,,MetaCyc,PWY-6526,limonene degradation III (to perillate),metacyc.SBGN,metacyc.SBGN
PWY-6527.sbgn,MetaCyc,,MetaCyc,PWY-6527,stachyose degradation,metacyc.SBGN,metacyc.SBGN
PWY-6529.sbgn,MetaCyc,,MetaCyc,PWY-6529,chlorate reduction,metacyc.SBGN,metacyc.SBGN
PWY-6530.sbgn,MetaCyc,,MetaCyc,PWY-6530,perchlorate reduction,metacyc.SBGN,metacyc.SBGN
PWY-6531.sbgn,MetaCyc,,MetaCyc,PWY-6531,mannitol cycle,metacyc.SBGN,metacyc.SBGN
PWY-6532.sbgn,MetaCyc,,MetaCyc,PWY-6532,diphenylamine degradation,metacyc.SBGN,metacyc.SBGN
PWY-6533.sbgn,MetaCyc,,MetaCyc,PWY-6533,aniline degradation,metacyc.SBGN,metacyc.SBGN
PWY-6534.sbgn,MetaCyc,,MetaCyc,PWY-6534,phenylethylamine degradation II,metacyc.SBGN,metacyc.SBGN
PWY-6535.sbgn,MetaCyc,,MetaCyc,PWY-6535,4-aminobutanoate degradation I,metacyc.SBGN,metacyc.SBGN
PWY-6536.sbgn,MetaCyc,,MetaCyc,PWY-6536,4-aminobutanoate degradation III,metacyc.SBGN,metacyc.SBGN
PWY-6537.sbgn,MetaCyc,,MetaCyc,PWY-6537,4-aminobutanoate degradation II,metacyc.SBGN,metacyc.SBGN
PWY-6538.sbgn,MetaCyc,,MetaCyc,PWY-6538,"caffeine degradation III (bacteria, via demethylation)",metacyc.SBGN,metacyc.SBGN
PWY-6539.sbgn,MetaCyc,,MetaCyc,PWY-6539,(<i>Z</i>)-phenylmethanethial <i>S</i>-oxide biosynthesis,metacyc.SBGN,metacyc.SBGN
PWY-6540.sbgn,MetaCyc,,MetaCyc,PWY-6540,costunolide biosynthesis,metacyc.SBGN,metacyc.SBGN
PWY-6543.sbgn,MetaCyc,,MetaCyc,PWY-6543,4-aminobenzoate biosynthesis,metacyc.SBGN,metacyc.SBGN
PWY-6544.sbgn,MetaCyc,,MetaCyc,PWY-6544,superpathway of C28 brassinosteroid biosynthesis,metacyc.SBGN,metacyc.SBGN
PWY-6545.sbgn,MetaCyc,,MetaCyc,PWY-6545,pyrimidine deoxyribonucleotides <i>de novo</i> biosynthesis III,metacyc.SBGN,metacyc.SBGN
PWY-6546.sbgn,MetaCyc,,MetaCyc,PWY-6546,brassinosteroids inactivation,metacyc.SBGN,metacyc.SBGN
PWY-6549.sbgn,MetaCyc,,MetaCyc,PWY-6549,L-glutamine biosynthesis III,metacyc.SBGN,metacyc.SBGN
PWY-6550.sbgn,MetaCyc,,MetaCyc,PWY-6550,carbazole degradation,metacyc.SBGN,metacyc.SBGN
PWY-6552.sbgn,MetaCyc,,MetaCyc,PWY-6552,"caffeine degradation I (main, plants)",metacyc.SBGN,metacyc.SBGN
PWY-6553.sbgn,MetaCyc,,MetaCyc,PWY-6553,caffeine degradation II,metacyc.SBGN,metacyc.SBGN
PWY-6554.sbgn,MetaCyc,,MetaCyc,PWY-6554,"1D-<i>myo</i>-inositol hexakisphosphate biosynthesis V (from Ins(1,3,4)P3)",metacyc.SBGN,metacyc.SBGN
PWY-6555.sbgn,MetaCyc,,MetaCyc,PWY-6555,superpathway of 1D-<i>myo</i>-inositol hexakisphosphate biosynthesis (plants),metacyc.SBGN,metacyc.SBGN
PWY-6556.sbgn,MetaCyc,,MetaCyc,PWY-6556,pyrimidine ribonucleosides salvage II,metacyc.SBGN,metacyc.SBGN
PWY-6557.sbgn,MetaCyc,,MetaCyc,PWY-6557,glycosaminoglycan-protein linkage region biosynthesis,metacyc.SBGN,metacyc.SBGN
PWY-6558.sbgn,MetaCyc,,MetaCyc,PWY-6558,heparan sulfate biosynthesis (late stages),metacyc.SBGN,metacyc.SBGN
PWY-6559.sbgn,MetaCyc,,MetaCyc,PWY-6559,spermidine biosynthesis II,metacyc.SBGN,metacyc.SBGN
PWY-6562.sbgn,MetaCyc,,MetaCyc,PWY-6562,norspermidine biosynthesis,metacyc.SBGN,metacyc.SBGN
PWY-6564.sbgn,MetaCyc,,MetaCyc,PWY-6564,heparan sulfate biosynthesis,metacyc.SBGN,metacyc.SBGN
PWY-6565.sbgn,MetaCyc,,MetaCyc,PWY-6565,superpathway of polyamine biosynthesis III,metacyc.SBGN,metacyc.SBGN
PWY-6566.sbgn,MetaCyc,,MetaCyc,PWY-6566,chondroitin biosynthesis,metacyc.SBGN,metacyc.SBGN
PWY-6567.sbgn,MetaCyc,,MetaCyc,PWY-6567,chondroitin sulfate biosynthesis (late stages),metacyc.SBGN,metacyc.SBGN
PWY-6568.sbgn,MetaCyc,,MetaCyc,PWY-6568,dermatan sulfate biosynthesis (late stages),metacyc.SBGN,metacyc.SBGN
PWY-6569.sbgn,MetaCyc,,MetaCyc,PWY-6569,chondroitin sulfate biosynthesis,metacyc.SBGN,metacyc.SBGN
PWY-6571.sbgn,MetaCyc,,MetaCyc,PWY-6571,dermatan sulfate biosynthesis,metacyc.SBGN,metacyc.SBGN
PWY-6572.sbgn,MetaCyc,,MetaCyc,PWY-6572,chondroitin sulfate degradation I (bacterial),metacyc.SBGN,metacyc.SBGN
PWY-6573.sbgn,MetaCyc,,MetaCyc,PWY-6573,chondroitin sulfate degradation (metazoa),metacyc.SBGN,metacyc.SBGN
PWY-6574.sbgn,MetaCyc,,MetaCyc,PWY-6574,achromobactin biosynthesis,metacyc.SBGN,metacyc.SBGN
PWY-6575.sbgn,MetaCyc,,MetaCyc,PWY-6575,juvenile hormone III biosynthesis I,metacyc.SBGN,metacyc.SBGN
PWY-6576.sbgn,MetaCyc,,MetaCyc,PWY-6576,dermatan sulfate degradation (metazoa),metacyc.SBGN,metacyc.SBGN
PWY-6577.sbgn,MetaCyc,,MetaCyc,PWY-6577,farnesylcysteine salvage pathway,metacyc.SBGN,metacyc.SBGN
PWY-6578.sbgn,MetaCyc,,MetaCyc,PWY-6578,8-amino-7-oxononanoate biosynthesis III,metacyc.SBGN,metacyc.SBGN
PWY-6579.sbgn,MetaCyc,,MetaCyc,PWY-6579,superpathway of guanine and guanosine salvage,metacyc.SBGN,metacyc.SBGN
PWY-6580.sbgn,MetaCyc,,MetaCyc,PWY-6580,phosphatidylinositol biosynthesis I (bacteria),metacyc.SBGN,metacyc.SBGN
PWY-6581.sbgn,MetaCyc,,MetaCyc,PWY-6581,"spirilloxanthin and 2,2'-diketo-spirilloxanthin biosynthesis",metacyc.SBGN,metacyc.SBGN
PWY-6583.sbgn,MetaCyc,,MetaCyc,PWY-6583,pyruvate fermentation to butanol I,metacyc.SBGN,metacyc.SBGN
PWY-6585.sbgn,MetaCyc,,MetaCyc,PWY-6585,2-methylketone biosynthesis,metacyc.SBGN,metacyc.SBGN
PWY-6587.sbgn,MetaCyc,,MetaCyc,PWY-6587,pyruvate fermentation to ethanol III,metacyc.SBGN,metacyc.SBGN
PWY-6588.sbgn,MetaCyc,,MetaCyc,PWY-6588,pyruvate fermentation to acetone,metacyc.SBGN,metacyc.SBGN
PWY-6590.sbgn,MetaCyc,,MetaCyc,PWY-6590,superpathway of <i>Clostridium acetobutylicum</i> acidogenic fermentation,metacyc.SBGN,metacyc.SBGN
PWY-6591.sbgn,MetaCyc,,MetaCyc,PWY-6591,manganese oxidation I,metacyc.SBGN,metacyc.SBGN
PWY-6592.sbgn,MetaCyc,,MetaCyc,PWY-6592,manganese oxidation II,metacyc.SBGN,metacyc.SBGN
PWY-6593.sbgn,MetaCyc,,MetaCyc,PWY-6593,sulfoacetate degradation,metacyc.SBGN,metacyc.SBGN
PWY-6594.sbgn,MetaCyc,,MetaCyc,PWY-6594,superpathway of <i>Clostridium acetobutylicum</i> solventogenic fermentation,metacyc.SBGN,metacyc.SBGN
PWY-6595.sbgn,MetaCyc,,MetaCyc,PWY-6595,superpathway of guanosine nucleotides degradation (plants),metacyc.SBGN,metacyc.SBGN
PWY-6596.sbgn,MetaCyc,,MetaCyc,PWY-6596,adenosine nucleotides degradation I,metacyc.SBGN,metacyc.SBGN
PWY-6598.sbgn,MetaCyc,,MetaCyc,PWY-6598,sciadonate biosynthesis,metacyc.SBGN,metacyc.SBGN
PWY-6599.sbgn,MetaCyc,,MetaCyc,PWY-6599,guanine and guanosine salvage II,metacyc.SBGN,metacyc.SBGN
PWY-66.sbgn,MetaCyc,,MetaCyc,PWY-66,GDP-L-fucose biosynthesis I (from GDP-D-mannose),metacyc.SBGN,metacyc.SBGN
PWY-6602.sbgn,MetaCyc,,MetaCyc,PWY-6602,naringenin <i>C</i>-glucosylation,metacyc.SBGN,metacyc.SBGN
PWY-6603.sbgn,MetaCyc,,MetaCyc,PWY-6603,dicranin biosynthesis,metacyc.SBGN,metacyc.SBGN
PWY-6604.sbgn,MetaCyc,,MetaCyc,PWY-6604,superpathway of <i>Clostridium acetobutylicum</i> acidogenic and solventogenic fermentation,metacyc.SBGN,metacyc.SBGN
PWY-6605.sbgn,MetaCyc,,MetaCyc,PWY-6605,adenine and adenosine salvage II,metacyc.SBGN,metacyc.SBGN
PWY-6606.sbgn,MetaCyc,,MetaCyc,PWY-6606,guanosine nucleotides degradation II,metacyc.SBGN,metacyc.SBGN
PWY-6607.sbgn,MetaCyc,,MetaCyc,PWY-6607,guanosine nucleotides degradation I,metacyc.SBGN,metacyc.SBGN
PWY-6608.sbgn,MetaCyc,,MetaCyc,PWY-6608,guanosine nucleotides degradation III,metacyc.SBGN,metacyc.SBGN
PWY-6609.sbgn,MetaCyc,,MetaCyc,PWY-6609,adenine and adenosine salvage III,metacyc.SBGN,metacyc.SBGN
PWY-6610.sbgn,MetaCyc,,MetaCyc,PWY-6610,adenine salvage,metacyc.SBGN,metacyc.SBGN
PWY-6611.sbgn,MetaCyc,,MetaCyc,PWY-6611,adenine and adenosine salvage V,metacyc.SBGN,metacyc.SBGN
PWY-6612.sbgn,MetaCyc,,MetaCyc,PWY-6612,superpathway of tetrahydrofolate biosynthesis,metacyc.SBGN,metacyc.SBGN
PWY-6613.sbgn,MetaCyc,,MetaCyc,PWY-6613,"tetrahydrofolate salvage from 5,10-methenyltetrahydrofolate",metacyc.SBGN,metacyc.SBGN
PWY-6614.sbgn,MetaCyc,,MetaCyc,PWY-6614,tetrahydrofolate biosynthesis,metacyc.SBGN,metacyc.SBGN
PWY-6616.sbgn,MetaCyc,,MetaCyc,PWY-6616,sulfolactate degradation I,metacyc.SBGN,metacyc.SBGN
PWY-6617.sbgn,MetaCyc,,MetaCyc,PWY-6617,adenosine nucleotides degradation III,metacyc.SBGN,metacyc.SBGN
PWY-6618.sbgn,MetaCyc,,MetaCyc,PWY-6618,guanine and guanosine salvage III,metacyc.SBGN,metacyc.SBGN
PWY-6619.sbgn,MetaCyc,,MetaCyc,PWY-6619,adenine and adenosine salvage VI,metacyc.SBGN,metacyc.SBGN
PWY-6620.sbgn,MetaCyc,,MetaCyc,PWY-6620,guanine and guanosine salvage,metacyc.SBGN,metacyc.SBGN
PWY-6621.sbgn,MetaCyc,,MetaCyc,PWY-6621,salicylate glucosides biosynthesis I,metacyc.SBGN,metacyc.SBGN
PWY-6622.sbgn,MetaCyc,,MetaCyc,PWY-6622,heptadecane biosynthesis,metacyc.SBGN,metacyc.SBGN
PWY-6623.sbgn,MetaCyc,,MetaCyc,PWY-6623,salicylate glucosides biosynthesis II,metacyc.SBGN,metacyc.SBGN
PWY-6624.sbgn,MetaCyc,,MetaCyc,PWY-6624,salicylate glucosides biosynthesis III,metacyc.SBGN,metacyc.SBGN
PWY-6626.sbgn,MetaCyc,,MetaCyc,PWY-6626,cytidine-5'-diphosphate-glycerol biosynthesis,metacyc.SBGN,metacyc.SBGN
PWY-6627.sbgn,MetaCyc,,MetaCyc,PWY-6627,salinosporamide A biosynthesis,metacyc.SBGN,metacyc.SBGN
PWY-6628.sbgn,MetaCyc,,MetaCyc,PWY-6628,superpathway of L-phenylalanine biosynthesis,metacyc.SBGN,metacyc.SBGN
PWY-6629.sbgn,MetaCyc,,MetaCyc,PWY-6629,superpathway of L-tryptophan biosynthesis,metacyc.SBGN,metacyc.SBGN
PWY-6630.sbgn,MetaCyc,,MetaCyc,PWY-6630,superpathway of L-tyrosine biosynthesis,metacyc.SBGN,metacyc.SBGN
PWY-6631.sbgn,MetaCyc,,MetaCyc,PWY-6631,<i>O</i> -methylation of tricetin,metacyc.SBGN,metacyc.SBGN
PWY-6632.sbgn,MetaCyc,,MetaCyc,PWY-6632,"caffeine degradation IV (bacteria, via demethylation and oxidation)",metacyc.SBGN,metacyc.SBGN
PWY-6633.sbgn,MetaCyc,,MetaCyc,PWY-6633,"caffeine degradation V (bacteria, via trimethylurate)",metacyc.SBGN,metacyc.SBGN
PWY-6634.sbgn,MetaCyc,,MetaCyc,PWY-6634,3-sulfopropanediol degradation,metacyc.SBGN,metacyc.SBGN
PWY-6636.sbgn,MetaCyc,,MetaCyc,PWY-6636,salicylate degradation III,metacyc.SBGN,metacyc.SBGN
PWY-6637.sbgn,MetaCyc,,MetaCyc,PWY-6637,sulfolactate degradation II,metacyc.SBGN,metacyc.SBGN
PWY-6638.sbgn,MetaCyc,,MetaCyc,PWY-6638,sulfolactate degradation III,metacyc.SBGN,metacyc.SBGN
PWY-6640.sbgn,MetaCyc,,MetaCyc,PWY-6640,salicylate degradation IV,metacyc.SBGN,metacyc.SBGN
PWY-6641.sbgn,MetaCyc,,MetaCyc,PWY-6641,superpathway of sulfolactate degradation,metacyc.SBGN,metacyc.SBGN
PWY-6642.sbgn,MetaCyc,,MetaCyc,PWY-6642,(<i>R</i>)-cysteate degradation,metacyc.SBGN,metacyc.SBGN
PWY-6643.sbgn,MetaCyc,,MetaCyc,PWY-6643,coenzyme M biosynthesis II,metacyc.SBGN,metacyc.SBGN
PWY-6644.sbgn,MetaCyc,,MetaCyc,PWY-6644,fluoroacetate and fluorothreonine biosynthesis,metacyc.SBGN,metacyc.SBGN
PWY-6645.sbgn,MetaCyc,,MetaCyc,PWY-6645,labdane-type diterpenes biosynthesis,metacyc.SBGN,metacyc.SBGN
PWY-6646.sbgn,MetaCyc,,MetaCyc,PWY-6646,fluoroacetate degradation,metacyc.SBGN,metacyc.SBGN
PWY-6648.sbgn,MetaCyc,,MetaCyc,PWY-6648,rhamnolipid biosynthesis,metacyc.SBGN,metacyc.SBGN
PWY-6649.sbgn,MetaCyc,,MetaCyc,PWY-6649,glycolate and glyoxylate degradation III,metacyc.SBGN,metacyc.SBGN
PWY-6650.sbgn,MetaCyc,,MetaCyc,PWY-6650,juvenile hormone III biosynthesis II,metacyc.SBGN,metacyc.SBGN
PWY-6653.sbgn,MetaCyc,,MetaCyc,PWY-6653,<i>ent</i> -kaurene biosynthesis II,metacyc.SBGN,metacyc.SBGN
PWY-6654.sbgn,MetaCyc,,MetaCyc,PWY-6654,phosphopantothenate biosynthesis III (archaebacteria),metacyc.SBGN,metacyc.SBGN
PWY-6655.sbgn,MetaCyc,,MetaCyc,PWY-6655,xanthan biosynthesis,metacyc.SBGN,metacyc.SBGN
PWY-6657.sbgn,MetaCyc,,MetaCyc,PWY-6657,polyhydroxydecanoate biosynthesis,metacyc.SBGN,metacyc.SBGN
PWY-6658.sbgn,MetaCyc,,MetaCyc,PWY-6658,acetan biosynthesis,metacyc.SBGN,metacyc.SBGN
PWY-6659.sbgn,MetaCyc,,MetaCyc,PWY-6659,fusicoccin A biosynthesis,metacyc.SBGN,metacyc.SBGN
PWY-6660.sbgn,MetaCyc,,MetaCyc,PWY-6660,2-heptyl-3-hydroxy-4(1<i>H</i>)-quinolone biosynthesis,metacyc.SBGN,metacyc.SBGN
PWY-6661.sbgn,MetaCyc,,MetaCyc,PWY-6661,4-hydroxy-2(1<i>H</i>)-quinolone biosynthesis,metacyc.SBGN,metacyc.SBGN
PWY-6662.sbgn,MetaCyc,,MetaCyc,PWY-6662,superpathway of quinolone and alkylquinolone biosynthesis,metacyc.SBGN,metacyc.SBGN
PWY-6664.sbgn,MetaCyc,,MetaCyc,PWY-6664,di-myo-inositol phosphate biosynthesis,metacyc.SBGN,metacyc.SBGN
PWY-6665.sbgn,MetaCyc,,MetaCyc,PWY-6665,pterostilbene biosynthesis,metacyc.SBGN,metacyc.SBGN
PWY-6666.sbgn,MetaCyc,,MetaCyc,PWY-6666,pyocyanin biosynthesis,metacyc.SBGN,metacyc.SBGN
PWY-6667.sbgn,MetaCyc,,MetaCyc,PWY-6667,resveratrol degradation,metacyc.SBGN,metacyc.SBGN
PWY-6668.sbgn,MetaCyc,,MetaCyc,PWY-6668,"(<i>E,E</i>)-4,8,12-trimethyltrideca-1,3,7,11-tetraene biosynthesis",metacyc.SBGN,metacyc.SBGN
PWY-6669.sbgn,MetaCyc,,MetaCyc,PWY-6669,&delta;-guaiene biosynthesis,metacyc.SBGN,metacyc.SBGN
PWY-6670.sbgn,MetaCyc,,MetaCyc,PWY-6670,citronellol degradation,metacyc.SBGN,metacyc.SBGN
PWY-6672.sbgn,MetaCyc,,MetaCyc,PWY-6672,<i>cis</i>-genanyl-CoA degradation,metacyc.SBGN,metacyc.SBGN
PWY-6673.sbgn,MetaCyc,,MetaCyc,PWY-6673,caffeoylglucarate biosynthesis,metacyc.SBGN,metacyc.SBGN
PWY-6675.sbgn,MetaCyc,,MetaCyc,PWY-6675,sulfur oxidation IV (intracellular sulfur),metacyc.SBGN,metacyc.SBGN
PWY-6676.sbgn,MetaCyc,,MetaCyc,PWY-6676,superpathway of sulfide oxidation (phototrophic sulfur bacteria),metacyc.SBGN,metacyc.SBGN
PWY-6677.sbgn,MetaCyc,,MetaCyc,PWY-6677,thiosulfate oxidation IV (multienzyme complex),metacyc.SBGN,metacyc.SBGN
PWY-6678.sbgn,MetaCyc,,MetaCyc,PWY-6678,geraniol and nerol degradation,metacyc.SBGN,metacyc.SBGN
PWY-6679.sbgn,MetaCyc,,MetaCyc,PWY-6679,jadomycin biosynthesis,metacyc.SBGN,metacyc.SBGN
PWY-6681.sbgn,MetaCyc,,MetaCyc,PWY-6681,neurosporaxanthin biosynthesis,metacyc.SBGN,metacyc.SBGN
PWY-6682.sbgn,MetaCyc,,MetaCyc,PWY-6682,dehydrophos biosynthesis,metacyc.SBGN,metacyc.SBGN
PWY-6683.sbgn,MetaCyc,,MetaCyc,PWY-6683,sulfate reduction III (assimilatory),metacyc.SBGN,metacyc.SBGN
PWY-6684.sbgn,MetaCyc,,MetaCyc,PWY-6684,aromatic  glucosinolate activation,metacyc.SBGN,metacyc.SBGN
PWY-6685.sbgn,MetaCyc,,MetaCyc,PWY-6685,glucosylglycerate biosynthesis II,metacyc.SBGN,metacyc.SBGN
PWY-6686.sbgn,MetaCyc,,MetaCyc,PWY-6686,mannosylglucosylglycerate biosynthesis I,metacyc.SBGN,metacyc.SBGN
PWY-6687.sbgn,MetaCyc,,MetaCyc,PWY-6687,mannosylglucosylglycerate biosynthesis II,metacyc.SBGN,metacyc.SBGN
PWY-6688.sbgn,MetaCyc,,MetaCyc,PWY-6688,thyronamine and iodothyronamine metabolism,metacyc.SBGN,metacyc.SBGN
PWY-6689.sbgn,MetaCyc,,MetaCyc,PWY-6689,tRNA splicing I,metacyc.SBGN,metacyc.SBGN
PWY-6690.sbgn,MetaCyc,,MetaCyc,PWY-6690,cinnamate and 3-hydroxycinnamate degradation to 2-oxopent-4-enoate,metacyc.SBGN,metacyc.SBGN
PWY-6691.sbgn,MetaCyc,,MetaCyc,PWY-6691,plaunotol biosynthesis,metacyc.SBGN,metacyc.SBGN
PWY-6692.sbgn,MetaCyc,,MetaCyc,PWY-6692,Fe(II) oxidation,metacyc.SBGN,metacyc.SBGN
PWY-6693.sbgn,MetaCyc,,MetaCyc,PWY-6693,D-galactose degradation IV,metacyc.SBGN,metacyc.SBGN
PWY-6694.sbgn,MetaCyc,,MetaCyc,PWY-6694,oxalate degradation I,metacyc.SBGN,metacyc.SBGN
PWY-6695.sbgn,MetaCyc,,MetaCyc,PWY-6695,oxalate degradation II,metacyc.SBGN,metacyc.SBGN
PWY-6696.sbgn,MetaCyc,,MetaCyc,PWY-6696,oxalate degradation III,metacyc.SBGN,metacyc.SBGN
PWY-6697.sbgn,MetaCyc,,MetaCyc,PWY-6697,oxalate degradation IV,metacyc.SBGN,metacyc.SBGN
PWY-6698.sbgn,MetaCyc,,MetaCyc,PWY-6698,oxalate degradation V,metacyc.SBGN,metacyc.SBGN
PWY-6699.sbgn,MetaCyc,,MetaCyc,PWY-6699,oxalate biosynthesis,metacyc.SBGN,metacyc.SBGN
PWY-6700.sbgn,MetaCyc,,MetaCyc,PWY-6700,queuosine biosynthesis,metacyc.SBGN,metacyc.SBGN
PWY-6703.sbgn,MetaCyc,,MetaCyc,PWY-6703,preQ<sub>0</sub> biosynthesis,metacyc.SBGN,metacyc.SBGN
PWY-6704.sbgn,MetaCyc,,MetaCyc,PWY-6704,L-ascorbate degradation IV,metacyc.SBGN,metacyc.SBGN
PWY-6707.sbgn,MetaCyc,,MetaCyc,PWY-6707,gallate biosynthesis,metacyc.SBGN,metacyc.SBGN
PWY-6708.sbgn,MetaCyc,,MetaCyc,PWY-6708,ubiquinol-8 biosynthesis (prokaryotic),metacyc.SBGN,metacyc.SBGN
PWY-6710.sbgn,MetaCyc,,MetaCyc,PWY-6710,poly-hydroxy fatty acids biosynthesis,metacyc.SBGN,metacyc.SBGN
PWY-6711.sbgn,MetaCyc,,MetaCyc,PWY-6711,archaeosine biosynthesis I,metacyc.SBGN,metacyc.SBGN
PWY-6713.sbgn,MetaCyc,,MetaCyc,PWY-6713,L-rhamnose degradation II,metacyc.SBGN,metacyc.SBGN
PWY-6714.sbgn,MetaCyc,,MetaCyc,PWY-6714,L-rhamnose degradation III,metacyc.SBGN,metacyc.SBGN
PWY-6717.sbgn,MetaCyc,,MetaCyc,PWY-6717,"(1,4)-&beta;-xylan degradation",metacyc.SBGN,metacyc.SBGN
PWY-6718.sbgn,MetaCyc,,MetaCyc,PWY-6718,sulfoacetaldehyde degradation III,metacyc.SBGN,metacyc.SBGN
PWY-6720.sbgn,MetaCyc,,MetaCyc,PWY-6720,toyocamycin biosynthesis,metacyc.SBGN,metacyc.SBGN
PWY-6721.sbgn,MetaCyc,,MetaCyc,PWY-6721,sangivamycin biosynthesis,metacyc.SBGN,metacyc.SBGN
PWY-6722.sbgn,MetaCyc,,MetaCyc,PWY-6722,candicidin biosynthesis,metacyc.SBGN,metacyc.SBGN
PWY-6724.sbgn,MetaCyc,,MetaCyc,PWY-6724,starch degradation II,metacyc.SBGN,metacyc.SBGN
PWY-6728.sbgn,MetaCyc,,MetaCyc,PWY-6728,methylaspartate cycle,metacyc.SBGN,metacyc.SBGN
PWY-6730.sbgn,MetaCyc,,MetaCyc,PWY-6730,methylhalides biosynthesis (plants),metacyc.SBGN,metacyc.SBGN
PWY-6731.sbgn,MetaCyc,,MetaCyc,PWY-6731,starch degradation III,metacyc.SBGN,metacyc.SBGN
PWY-6733.sbgn,MetaCyc,,MetaCyc,PWY-6733,sporopollenin precursors biosynthesis,metacyc.SBGN,metacyc.SBGN
PWY-6735.sbgn,MetaCyc,,MetaCyc,PWY-6735,starch degradation IV,metacyc.SBGN,metacyc.SBGN
PWY-6736.sbgn,MetaCyc,,MetaCyc,PWY-6736,sulfur volatiles biosynthesis,metacyc.SBGN,metacyc.SBGN
PWY-6737.sbgn,MetaCyc,,MetaCyc,PWY-6737,starch degradation V,metacyc.SBGN,metacyc.SBGN
PWY-6738.sbgn,MetaCyc,,MetaCyc,PWY-6738,pinitol biosynthesis I,metacyc.SBGN,metacyc.SBGN
PWY-6739.sbgn,MetaCyc,,MetaCyc,PWY-6739,pinitol biosynthesis II,metacyc.SBGN,metacyc.SBGN
PWY-6742.sbgn,MetaCyc,,MetaCyc,PWY-6742,methane oxidation to methanol II,metacyc.SBGN,metacyc.SBGN
PWY-6744.sbgn,MetaCyc,,MetaCyc,PWY-6744,hydrogen production I,metacyc.SBGN,metacyc.SBGN
PWY-6745.sbgn,MetaCyc,,MetaCyc,PWY-6745,phytochelatins biosynthesis,metacyc.SBGN,metacyc.SBGN
PWY-6748.sbgn,MetaCyc,,MetaCyc,PWY-6748,nitrate reduction VII (denitrification),metacyc.SBGN,metacyc.SBGN
PWY-6749.sbgn,MetaCyc,,MetaCyc,PWY-6749,CMP-legionaminate biosynthesis I,metacyc.SBGN,metacyc.SBGN
PWY-6751.sbgn,MetaCyc,,MetaCyc,PWY-6751,superpathway of hydrogen production,metacyc.SBGN,metacyc.SBGN
PWY-6752.sbgn,MetaCyc,,MetaCyc,PWY-6752,<i>o</i>-diquinones biosynthesis,metacyc.SBGN,metacyc.SBGN
PWY-6753.sbgn,MetaCyc,,MetaCyc,PWY-6753,<i>S</i>-methyl-5'-thioadenosine degradation III,metacyc.SBGN,metacyc.SBGN
PWY-6754.sbgn,MetaCyc,,MetaCyc,PWY-6754,<i>S</i>-methyl-5'-thioadenosine degradation I,metacyc.SBGN,metacyc.SBGN
PWY-6756.sbgn,MetaCyc,,MetaCyc,PWY-6756,<i>S</i>-methyl-5'-thioadenosine degradation II,metacyc.SBGN,metacyc.SBGN
PWY-6758.sbgn,MetaCyc,,MetaCyc,PWY-6758,hydrogen production II,metacyc.SBGN,metacyc.SBGN
PWY-6759.sbgn,MetaCyc,,MetaCyc,PWY-6759,hydrogen production III,metacyc.SBGN,metacyc.SBGN
PWY-6760.sbgn,MetaCyc,,MetaCyc,PWY-6760,xylose degradation III,metacyc.SBGN,metacyc.SBGN
PWY-6762.sbgn,MetaCyc,,MetaCyc,PWY-6762,salicylate glucosides biosynthesis IV,metacyc.SBGN,metacyc.SBGN
PWY-6763.sbgn,MetaCyc,,MetaCyc,PWY-6763,salicortin biosynthesis,metacyc.SBGN,metacyc.SBGN
PWY-6765.sbgn,MetaCyc,,MetaCyc,PWY-6765,hydrogen production IV,metacyc.SBGN,metacyc.SBGN
PWY-6766.sbgn,MetaCyc,,MetaCyc,PWY-6766,salicin biosynthesis,metacyc.SBGN,metacyc.SBGN
PWY-6767.sbgn,MetaCyc,,MetaCyc,PWY-6767,"4,4'-diapolycopenedioate biosynthesis",metacyc.SBGN,metacyc.SBGN
PWY-6769.sbgn,MetaCyc,,MetaCyc,PWY-6769,rhamnogalacturonan type I degradation I (fungi),metacyc.SBGN,metacyc.SBGN
PWY-6771.sbgn,MetaCyc,,MetaCyc,PWY-6771,rhamnogalacturonan type I degradation II (bacteria),metacyc.SBGN,metacyc.SBGN
PWY-6772.sbgn,MetaCyc,,MetaCyc,PWY-6772,hydrogen production V,metacyc.SBGN,metacyc.SBGN
PWY-6773.sbgn,MetaCyc,,MetaCyc,PWY-6773,"1,3-&beta;-D-glucan biosynthesis",metacyc.SBGN,metacyc.SBGN
PWY-6778.sbgn,MetaCyc,,MetaCyc,PWY-6778,laminaribiose degradation,metacyc.SBGN,metacyc.SBGN
PWY-6780.sbgn,MetaCyc,,MetaCyc,PWY-6780,hydrogen production VI,metacyc.SBGN,metacyc.SBGN
PWY-6781.sbgn,MetaCyc,,MetaCyc,PWY-6781,chlorogenic acid degradation,metacyc.SBGN,metacyc.SBGN
PWY-6784.sbgn,MetaCyc,,MetaCyc,PWY-6784,cellulose and hemicellulose degradation (cellulolosome),metacyc.SBGN,metacyc.SBGN
PWY-6785.sbgn,MetaCyc,,MetaCyc,PWY-6785,hydrogen production VIII,metacyc.SBGN,metacyc.SBGN
PWY-6786.sbgn,MetaCyc,,MetaCyc,PWY-6786,detoxification of reactive carbonyls in chloroplasts,metacyc.SBGN,metacyc.SBGN
PWY-6787.sbgn,MetaCyc,,MetaCyc,PWY-6787,flavonoid biosynthesis (in equisetum),metacyc.SBGN,metacyc.SBGN
PWY-6788.sbgn,MetaCyc,,MetaCyc,PWY-6788,cellulose degradation II (fungi),metacyc.SBGN,metacyc.SBGN
PWY-6789.sbgn,MetaCyc,,MetaCyc,PWY-6789,"(1,3)-&beta;-D-xylan degradation",metacyc.SBGN,metacyc.SBGN
PWY-6790.sbgn,MetaCyc,,MetaCyc,PWY-6790,L-arabinan degradation,metacyc.SBGN,metacyc.SBGN
PWY-6791.sbgn,MetaCyc,,MetaCyc,PWY-6791,xyloglucan degradation I (endoglucanase),metacyc.SBGN,metacyc.SBGN
PWY-6792.sbgn,MetaCyc,,MetaCyc,PWY-6792,scopoletin biosynthesis,metacyc.SBGN,metacyc.SBGN
PWY-6794.sbgn,MetaCyc,,MetaCyc,PWY-6794,adenosine 5'-phosphoramidate biosynthesis,metacyc.SBGN,metacyc.SBGN
PWY-6795.sbgn,MetaCyc,,MetaCyc,PWY-6795,"diacylglyceryl-<i>N,N,N</i>-trimethylhomoserine biosynthesis",metacyc.SBGN,metacyc.SBGN
PWY-6797.sbgn,MetaCyc,,MetaCyc,PWY-6797,6-hydroxymethyl-dihydropterin diphosphate biosynthesis II (<i>Methanocaldococcus</i>),metacyc.SBGN,metacyc.SBGN
PWY-6799.sbgn,MetaCyc,,MetaCyc,PWY-6799,fatty acid biosynthesis (plant mitochondria),metacyc.SBGN,metacyc.SBGN
PWY-6801.sbgn,MetaCyc,,MetaCyc,PWY-6801,volatile esters biosynthesis (during fruit ripening),metacyc.SBGN,metacyc.SBGN
PWY-6802.sbgn,MetaCyc,,MetaCyc,PWY-6802,salidroside biosynthesis,metacyc.SBGN,metacyc.SBGN
PWY-6803.sbgn,MetaCyc,,MetaCyc,PWY-6803,phosphatidylcholine acyl editing,metacyc.SBGN,metacyc.SBGN
PWY-6804.sbgn,MetaCyc,,MetaCyc,PWY-6804,diacylglycerol biosynthesis (PUFA enrichment in oilseed),metacyc.SBGN,metacyc.SBGN
PWY-6805.sbgn,MetaCyc,,MetaCyc,PWY-6805,cellulose degradation I (cellulosome),metacyc.SBGN,metacyc.SBGN
PWY-6806.sbgn,MetaCyc,,MetaCyc,PWY-6806,carotenoid cleavage,metacyc.SBGN,metacyc.SBGN
PWY-6807.sbgn,MetaCyc,,MetaCyc,PWY-6807,xyloglucan degradation II (exoglucanase),metacyc.SBGN,metacyc.SBGN
PWY-6808.sbgn,MetaCyc,,MetaCyc,PWY-6808,dTDP-D-forosamine biosynthesis,metacyc.SBGN,metacyc.SBGN
PWY-6809.sbgn,MetaCyc,,MetaCyc,PWY-6809,neoxanthin biosynthesis,metacyc.SBGN,metacyc.SBGN
PWY-681.sbgn,MetaCyc,,MetaCyc,PWY-681,dibenzothiophene desulfurization,metacyc.SBGN,metacyc.SBGN
PWY-6812.sbgn,MetaCyc,,MetaCyc,PWY-6812,xyloglucan degradation III (cellobiohydrolase),metacyc.SBGN,metacyc.SBGN
PWY-6813.sbgn,MetaCyc,,MetaCyc,PWY-6813,glucuronoarabinoxylan degradation,metacyc.SBGN,metacyc.SBGN
PWY-6815.sbgn,MetaCyc,,MetaCyc,PWY-6815,porphyran degradation,metacyc.SBGN,metacyc.SBGN
PWY-6816.sbgn,MetaCyc,,MetaCyc,PWY-6816,agarose degradation,metacyc.SBGN,metacyc.SBGN
PWY-6817.sbgn,MetaCyc,,MetaCyc,PWY-6817,&lambda;-carrageenan degradation,metacyc.SBGN,metacyc.SBGN
PWY-6818.sbgn,MetaCyc,,MetaCyc,PWY-6818,ornithine lipid biosynthesis,metacyc.SBGN,metacyc.SBGN
PWY-6820.sbgn,MetaCyc,,MetaCyc,PWY-6820,diphyllin biosynthesis,metacyc.SBGN,metacyc.SBGN
PWY-6821.sbgn,MetaCyc,,MetaCyc,PWY-6821,&kappa;-carrageenan degradation,metacyc.SBGN,metacyc.SBGN
PWY-6822.sbgn,MetaCyc,,MetaCyc,PWY-6822,&iota;-carrageenan degradation,metacyc.SBGN,metacyc.SBGN
PWY-6823.sbgn,MetaCyc,,MetaCyc,PWY-6823,molybdenum cofactor biosynthesis,metacyc.SBGN,metacyc.SBGN
PWY-6824.sbgn,MetaCyc,,MetaCyc,PWY-6824,justicidin B biosynthesis,metacyc.SBGN,metacyc.SBGN
PWY-6825.sbgn,MetaCyc,,MetaCyc,PWY-6825,phosphatidylcholine biosynthesis V,metacyc.SBGN,metacyc.SBGN
PWY-6826.sbgn,MetaCyc,,MetaCyc,PWY-6826,phosphatidylcholine biosynthesis VI,metacyc.SBGN,metacyc.SBGN
PWY-6827.sbgn,MetaCyc,,MetaCyc,PWY-6827,gellan degradation,metacyc.SBGN,metacyc.SBGN
PWY-6828.sbgn,MetaCyc,,MetaCyc,PWY-6828,linezolid resistance,metacyc.SBGN,metacyc.SBGN
PWY-6829.sbgn,MetaCyc,,MetaCyc,PWY-6829,tRNA methylation (yeast),metacyc.SBGN,metacyc.SBGN
PWY-6830.sbgn,MetaCyc,,MetaCyc,PWY-6830,superpathway of methanogenesis,metacyc.SBGN,metacyc.SBGN
PWY-6831.sbgn,MetaCyc,,MetaCyc,PWY-6831,pyrrolnitrin biosynthesis,metacyc.SBGN,metacyc.SBGN
PWY-6832.sbgn,MetaCyc,,MetaCyc,PWY-6832,2-aminoethylphosphonate degradation II,metacyc.SBGN,metacyc.SBGN
PWY-6834.sbgn,MetaCyc,,MetaCyc,PWY-6834,spermidine biosynthesis III,metacyc.SBGN,metacyc.SBGN
PWY-6835.sbgn,MetaCyc,,MetaCyc,PWY-6835,6-gingerol biosynthesis,metacyc.SBGN,metacyc.SBGN
PWY-6836.sbgn,MetaCyc,,MetaCyc,PWY-6836,santalene biosynthesis II,metacyc.SBGN,metacyc.SBGN
PWY-6837.sbgn,MetaCyc,,MetaCyc,PWY-6837,"fatty acid beta-oxidation V (unsaturated, odd number, di-isomerase-dependent)",metacyc.SBGN,metacyc.SBGN
PWY-6839.sbgn,MetaCyc,,MetaCyc,PWY-6839,2-aminoethylphosphonate biosynthesis,metacyc.SBGN,metacyc.SBGN
PWY-6840.sbgn,MetaCyc,,MetaCyc,PWY-6840,homoglutathione biosynthesis,metacyc.SBGN,metacyc.SBGN
PWY-6841.sbgn,MetaCyc,,MetaCyc,PWY-6841,homophytochelatin biosynthesis,metacyc.SBGN,metacyc.SBGN
PWY-6842.sbgn,MetaCyc,,MetaCyc,PWY-6842,glutathione-mediated detoxification II,metacyc.SBGN,metacyc.SBGN
PWY-6845.sbgn,MetaCyc,,MetaCyc,PWY-6845,nitric oxide biosynthesis I (plants),metacyc.SBGN,metacyc.SBGN
PWY-6848.sbgn,MetaCyc,,MetaCyc,PWY-6848,rutin degradation,metacyc.SBGN,metacyc.SBGN
PWY-6852.sbgn,MetaCyc,,MetaCyc,PWY-6852,senecionine N-oxide biosynthesis,metacyc.SBGN,metacyc.SBGN
PWY-6853.sbgn,MetaCyc,,MetaCyc,PWY-6853,ethylene biosynthesis II (microbes),metacyc.SBGN,metacyc.SBGN
PWY-6854.sbgn,MetaCyc,,MetaCyc,PWY-6854,ethylene biosynthesis III (microbes),metacyc.SBGN,metacyc.SBGN
PWY-6855.sbgn,MetaCyc,,MetaCyc,PWY-6855,chitin degradation I (archaea),metacyc.SBGN,metacyc.SBGN
PWY-6857.sbgn,MetaCyc,,MetaCyc,PWY-6857,retinol biosynthesis,metacyc.SBGN,metacyc.SBGN
PWY-6859.sbgn,MetaCyc,,MetaCyc,PWY-6859,<i>all-trans</i>-farnesol biosynthesis,metacyc.SBGN,metacyc.SBGN
PWY-6861.sbgn,MetaCyc,,MetaCyc,PWY-6861,the visual cycle I (vertebrates),metacyc.SBGN,metacyc.SBGN
PWY-6863.sbgn,MetaCyc,,MetaCyc,PWY-6863,pyruvate fermentation to hexanol (engineered),metacyc.SBGN,metacyc.SBGN
PWY-6871.sbgn,MetaCyc,,MetaCyc,PWY-6871,3-methylbutanol biosynthesis (engineered),metacyc.SBGN,metacyc.SBGN
PWY-6872.sbgn,MetaCyc,,MetaCyc,PWY-6872,retinoate biosynthesis I,metacyc.SBGN,metacyc.SBGN
PWY-6873.sbgn,MetaCyc,,MetaCyc,PWY-6873,long chain fatty acid ester synthesis (engineered),metacyc.SBGN,metacyc.SBGN
PWY-6875.sbgn,MetaCyc,,MetaCyc,PWY-6875,retinoate biosynthesis II,metacyc.SBGN,metacyc.SBGN
PWY-6876.sbgn,MetaCyc,,MetaCyc,PWY-6876,isopropanol biosynthesis (engineered),metacyc.SBGN,metacyc.SBGN
PWY-6883.sbgn,MetaCyc,,MetaCyc,PWY-6883,pyruvate fermentation to butanol II (engineered),metacyc.SBGN,metacyc.SBGN
PWY-6887.sbgn,MetaCyc,,MetaCyc,PWY-6887,kauralexin biosynthesis,metacyc.SBGN,metacyc.SBGN
PWY-6888.sbgn,MetaCyc,,MetaCyc,PWY-6888,zealexin biosynthesis,metacyc.SBGN,metacyc.SBGN
PWY-6890.sbgn,MetaCyc,,MetaCyc,PWY-6890,4-amino-2-methyl-5-diphosphomethylpyrimidine biosynthesis,metacyc.SBGN,metacyc.SBGN
PWY-6891.sbgn,MetaCyc,,MetaCyc,PWY-6891,thiazole biosynthesis II (aerobic bacteria),metacyc.SBGN,metacyc.SBGN
PWY-6892.sbgn,MetaCyc,,MetaCyc,PWY-6892,thiazole biosynthesis I (facultative anaerobic bacteria),metacyc.SBGN,metacyc.SBGN
PWY-6893.sbgn,MetaCyc,,MetaCyc,PWY-6893,thiamine diphosphate biosynthesis II (Bacillus),metacyc.SBGN,metacyc.SBGN
PWY-6894.sbgn,MetaCyc,,MetaCyc,PWY-6894,thiamine diphosphate biosynthesis I (E. coli),metacyc.SBGN,metacyc.SBGN
PWY-6895.sbgn,MetaCyc,,MetaCyc,PWY-6895,superpathway of thiamine diphosphate biosynthesis II,metacyc.SBGN,metacyc.SBGN
PWY-6896.sbgn,MetaCyc,,MetaCyc,PWY-6896,thiamine salvage I,metacyc.SBGN,metacyc.SBGN
PWY-6897.sbgn,MetaCyc,,MetaCyc,PWY-6897,thiamine salvage II,metacyc.SBGN,metacyc.SBGN
PWY-6898.sbgn,MetaCyc,,MetaCyc,PWY-6898,thiamine salvage III,metacyc.SBGN,metacyc.SBGN
PWY-6899.sbgn,MetaCyc,,MetaCyc,PWY-6899,base-degraded thiamine salvage,metacyc.SBGN,metacyc.SBGN
PWY-6900.sbgn,MetaCyc,,MetaCyc,PWY-6900,(<i>Z</i>)-butanethial-<i>S</i>-oxide biosynthesis,metacyc.SBGN,metacyc.SBGN
PWY-6901.sbgn,MetaCyc,,MetaCyc,PWY-6901,superpathway of glucose and xylose degradation,metacyc.SBGN,metacyc.SBGN
PWY-6902.sbgn,MetaCyc,,MetaCyc,PWY-6902,chitin degradation II (Vibrio),metacyc.SBGN,metacyc.SBGN
PWY-6906.sbgn,MetaCyc,,MetaCyc,PWY-6906,chitin derivatives degradation,metacyc.SBGN,metacyc.SBGN
PWY-6907.sbgn,MetaCyc,,MetaCyc,PWY-6907,thiamine diphosphate biosynthesis III (Staphylococcus),metacyc.SBGN,metacyc.SBGN
PWY-6908.sbgn,MetaCyc,,MetaCyc,PWY-6908,thiamine diphosphate biosynthesis IV (eukaryotes),metacyc.SBGN,metacyc.SBGN
PWY-6909.sbgn,MetaCyc,,MetaCyc,PWY-6909,thiazole biosynthesis III (eukaryotes),metacyc.SBGN,metacyc.SBGN
PWY-6910.sbgn,MetaCyc,,MetaCyc,PWY-6910,hydroxymethylpyrimidine salvage,metacyc.SBGN,metacyc.SBGN
PWY-6913.sbgn,MetaCyc,,MetaCyc,PWY-6913,methylbutenol biosynthesis,metacyc.SBGN,metacyc.SBGN
PWY-6914.sbgn,MetaCyc,,MetaCyc,PWY-6914,sophoraflavanone G biosynthesis,metacyc.SBGN,metacyc.SBGN
PWY-6915.sbgn,MetaCyc,,MetaCyc,PWY-6915,pentalenolactone biosynthesis,metacyc.SBGN,metacyc.SBGN
PWY-6917.sbgn,MetaCyc,,MetaCyc,PWY-6917,vernolate biosynthesis III,metacyc.SBGN,metacyc.SBGN
PWY-6919.sbgn,MetaCyc,,MetaCyc,PWY-6919,neopentalenoketolactone and pentalenate biosynthesis,metacyc.SBGN,metacyc.SBGN
PWY-6920.sbgn,MetaCyc,,MetaCyc,PWY-6920,6-gingerol analog biosynthesis (engineered),metacyc.SBGN,metacyc.SBGN
PWY-6922.sbgn,MetaCyc,,MetaCyc,PWY-6922,L-<i>N<sup>&delta;</sup></i>-acetylornithine biosynthesis,metacyc.SBGN,metacyc.SBGN
PWY-6923.sbgn,MetaCyc,,MetaCyc,PWY-6923,ricinine degradation,metacyc.SBGN,metacyc.SBGN
PWY-6926.sbgn,MetaCyc,,MetaCyc,PWY-6926,pyrethrin I biosynthesis,metacyc.SBGN,metacyc.SBGN
PWY-6927.sbgn,MetaCyc,,MetaCyc,PWY-6927,chlorophyll <i>a</i> degradation II,metacyc.SBGN,metacyc.SBGN
PWY-6928.sbgn,MetaCyc,,MetaCyc,PWY-6928,superpathway of cholesterol degradation I (cholesterol oxidase),metacyc.SBGN,metacyc.SBGN
PWY-6930.sbgn,MetaCyc,,MetaCyc,PWY-6930,phenolic malonylglucosides biosynthesis,metacyc.SBGN,metacyc.SBGN
PWY-6931.sbgn,MetaCyc,,MetaCyc,PWY-6931,seleno-amino acid detoxification and volatilization I,metacyc.SBGN,metacyc.SBGN
PWY-6932.sbgn,MetaCyc,,MetaCyc,PWY-6932,selenate reduction,metacyc.SBGN,metacyc.SBGN
PWY-6933.sbgn,MetaCyc,,MetaCyc,PWY-6933,seleno-amino acid detoxification and volatilization III,metacyc.SBGN,metacyc.SBGN
PWY-6935.sbgn,MetaCyc,,MetaCyc,PWY-6935,seleno-amino acid detoxification and volatilization II,metacyc.SBGN,metacyc.SBGN
PWY-6936.sbgn,MetaCyc,,MetaCyc,PWY-6936,seleno-amino acid biosynthesis,metacyc.SBGN,metacyc.SBGN
PWY-6937.sbgn,MetaCyc,,MetaCyc,PWY-6937,superpathway of testosterone and androsterone degradation,metacyc.SBGN,metacyc.SBGN
PWY-6938.sbgn,MetaCyc,,MetaCyc,PWY-6938,NADH repair,metacyc.SBGN,metacyc.SBGN
PWY-6940.sbgn,MetaCyc,,MetaCyc,PWY-6940,icosapentaenoate biosynthesis III (fungi),metacyc.SBGN,metacyc.SBGN
PWY-6941.sbgn,MetaCyc,,MetaCyc,PWY-6941,styrene degradation,metacyc.SBGN,metacyc.SBGN
PWY-6942.sbgn,MetaCyc,,MetaCyc,PWY-6942,dTDP-D-desosamine biosynthesis,metacyc.SBGN,metacyc.SBGN
PWY-6943.sbgn,MetaCyc,,MetaCyc,PWY-6943,testosterone and androsterone degradation to androstendione,metacyc.SBGN,metacyc.SBGN
PWY-6944.sbgn,MetaCyc,,MetaCyc,PWY-6944,androstenedione degradation,metacyc.SBGN,metacyc.SBGN
PWY-6945.sbgn,MetaCyc,,MetaCyc,PWY-6945,cholesterol degradation to androstenedione I (cholesterol oxidase),metacyc.SBGN,metacyc.SBGN
PWY-6946.sbgn,MetaCyc,,MetaCyc,PWY-6946,cholesterol degradation to androstenedione II (cholesterol dehydrogenase),metacyc.SBGN,metacyc.SBGN
PWY-6947.sbgn,MetaCyc,,MetaCyc,PWY-6947,superpathway of cholesterol degradation II (cholesterol dehydrogenase),metacyc.SBGN,metacyc.SBGN
PWY-6948.sbgn,MetaCyc,,MetaCyc,PWY-6948,sitosterol degradation to androstenedione,metacyc.SBGN,metacyc.SBGN
PWY-6949.sbgn,MetaCyc,,MetaCyc,PWY-6949,DIBOA-glucoside biosynthesis,metacyc.SBGN,metacyc.SBGN
PWY-695.sbgn,MetaCyc,,MetaCyc,PWY-695,abscisic acid biosynthesis,metacyc.SBGN,metacyc.SBGN
PWY-6950.sbgn,MetaCyc,,MetaCyc,PWY-6950,DIMBOA-glucoside biosynthesis,metacyc.SBGN,metacyc.SBGN
PWY-6952.sbgn,MetaCyc,,MetaCyc,PWY-6952,glycerophosphodiester degradation,metacyc.SBGN,metacyc.SBGN
PWY-6953.sbgn,MetaCyc,,MetaCyc,PWY-6953,dTDP-3-acetamido-&alpha;-D-fucose biosynthesis,metacyc.SBGN,metacyc.SBGN
PWY-6954.sbgn,MetaCyc,,MetaCyc,PWY-6954,superpathway of aromatic compound degradation via 2-oxopent-4-enoate,metacyc.SBGN,metacyc.SBGN
PWY-6955.sbgn,MetaCyc,,MetaCyc,PWY-6955,lincomycin biosynthesis,metacyc.SBGN,metacyc.SBGN
PWY-6956.sbgn,MetaCyc,,MetaCyc,PWY-6956,naphthalene degradation to acetyl-CoA,metacyc.SBGN,metacyc.SBGN
PWY-6957.sbgn,MetaCyc,,MetaCyc,PWY-6957,mandelate degradation to acetyl-CoA,metacyc.SBGN,metacyc.SBGN
PWY-6958.sbgn,MetaCyc,,MetaCyc,PWY-6958,icosapentaenoate biosynthesis I (lower eukaryotes),metacyc.SBGN,metacyc.SBGN
PWY-6959.sbgn,MetaCyc,,MetaCyc,PWY-6959,L-ascorbate degradation V,metacyc.SBGN,metacyc.SBGN
PWY-6960.sbgn,MetaCyc,,MetaCyc,PWY-6960,L-ascorbate degradation III,metacyc.SBGN,metacyc.SBGN
PWY-6961.sbgn,MetaCyc,,MetaCyc,PWY-6961,"L-ascorbate degradation II (bacterial, aerobic)",metacyc.SBGN,metacyc.SBGN
PWY-6962.sbgn,MetaCyc,,MetaCyc,PWY-6962,superpathway of trimethylamine degradation,metacyc.SBGN,metacyc.SBGN
PWY-6963.sbgn,MetaCyc,,MetaCyc,PWY-6963,ammonia assimilation cycle I,metacyc.SBGN,metacyc.SBGN
PWY-6964.sbgn,MetaCyc,,MetaCyc,PWY-6964,ammonia assimilation cycle II,metacyc.SBGN,metacyc.SBGN
PWY-6965.sbgn,MetaCyc,,MetaCyc,PWY-6965,methylamine degradation II,metacyc.SBGN,metacyc.SBGN
PWY-6966.sbgn,MetaCyc,,MetaCyc,PWY-6966,methanol oxidation to formaldehyde I,metacyc.SBGN,metacyc.SBGN
PWY-6967.sbgn,MetaCyc,,MetaCyc,PWY-6967,methylamine degradation I,metacyc.SBGN,metacyc.SBGN
PWY-6968.sbgn,MetaCyc,,MetaCyc,PWY-6968,trimethylamine degradation,metacyc.SBGN,metacyc.SBGN
PWY-6969.sbgn,MetaCyc,,MetaCyc,PWY-6969,TCA cycle V (2-oxoglutarate:ferredoxin oxidoreductase),metacyc.SBGN,metacyc.SBGN
PWY-6970.sbgn,MetaCyc,,MetaCyc,PWY-6970,acetyl-CoA biosynthesis II (NADP-dependent pyruvate dehydrogenase),metacyc.SBGN,metacyc.SBGN
PWY-6971.sbgn,MetaCyc,,MetaCyc,PWY-6971,oleandomycin biosynthesis,metacyc.SBGN,metacyc.SBGN
PWY-6972.sbgn,MetaCyc,,MetaCyc,PWY-6972,oleandomycin activation/inactivation,metacyc.SBGN,metacyc.SBGN
PWY-6973.sbgn,MetaCyc,,MetaCyc,PWY-6973,"dTDP-D-olivose, dTDP-D-oliose and dTDP-D-mycarose biosynthesis",metacyc.SBGN,metacyc.SBGN
PWY-6974.sbgn,MetaCyc,,MetaCyc,PWY-6974,dTDP-L-olivose biosynthesis,metacyc.SBGN,metacyc.SBGN
PWY-6975.sbgn,MetaCyc,,MetaCyc,PWY-6975,superpathway of erythromycin biosynthesis (without sugar biosynthesis),metacyc.SBGN,metacyc.SBGN
PWY-6976.sbgn,MetaCyc,,MetaCyc,PWY-6976,dTDP-L-mycarose biosynthesis,metacyc.SBGN,metacyc.SBGN
PWY-6977.sbgn,MetaCyc,,MetaCyc,PWY-6977,superpathway of erythromycin biosynthesis,metacyc.SBGN,metacyc.SBGN
PWY-6978.sbgn,MetaCyc,,MetaCyc,PWY-6978,plastoquinol-9 biosynthesis II,metacyc.SBGN,metacyc.SBGN
PWY-6981.sbgn,MetaCyc,,MetaCyc,PWY-6981,chitin biosynthesis,metacyc.SBGN,metacyc.SBGN
PWY-6982.sbgn,MetaCyc,,MetaCyc,PWY-6982,umbelliferone biosynthesis,metacyc.SBGN,metacyc.SBGN
PWY-6983.sbgn,MetaCyc,,MetaCyc,PWY-6983,<i>threo</i>-tetrahydrobiopterin biosynthesis,metacyc.SBGN,metacyc.SBGN
PWY-6984.sbgn,MetaCyc,,MetaCyc,PWY-6984,lipoate salvage II,metacyc.SBGN,metacyc.SBGN
PWY-6986.sbgn,MetaCyc,,MetaCyc,PWY-6986,alginate degradation,metacyc.SBGN,metacyc.SBGN
PWY-6987.sbgn,MetaCyc,,MetaCyc,PWY-6987,lipoate biosynthesis and incorporation III (Bacillus),metacyc.SBGN,metacyc.SBGN
PWY-6989.sbgn,MetaCyc,,MetaCyc,PWY-6989,(-)-camphor degradation,metacyc.SBGN,metacyc.SBGN
PWY-699.sbgn,MetaCyc,,MetaCyc,PWY-699,brassinosteroid biosynthesis I,metacyc.SBGN,metacyc.SBGN
PWY-6990.sbgn,MetaCyc,,MetaCyc,PWY-6990,(+)-camphor biosynthesis,metacyc.SBGN,metacyc.SBGN
PWY-6991.sbgn,MetaCyc,,MetaCyc,PWY-6991,(-)-camphor biosynthesis,metacyc.SBGN,metacyc.SBGN
PWY-6992.sbgn,MetaCyc,,MetaCyc,PWY-6992,"1,5-anhydrofructose degradation",metacyc.SBGN,metacyc.SBGN
PWY-6993.sbgn,MetaCyc,,MetaCyc,PWY-6993,nicotine degradation II (pyrrolidine pathway),metacyc.SBGN,metacyc.SBGN
PWY-6994.sbgn,MetaCyc,,MetaCyc,PWY-6994,L-pyrrolysine biosynthesis,metacyc.SBGN,metacyc.SBGN
PWY-6995.sbgn,MetaCyc,,MetaCyc,PWY-6995,5-hydroxymethylfurfural degradation,metacyc.SBGN,metacyc.SBGN
PWY-6996.sbgn,MetaCyc,,MetaCyc,PWY-6996,daidzin and daidzein degradation,metacyc.SBGN,metacyc.SBGN
PWY-6997.sbgn,MetaCyc,,MetaCyc,PWY-6997,furfural degradation,metacyc.SBGN,metacyc.SBGN
PWY-6998.sbgn,MetaCyc,,MetaCyc,PWY-6998,CDP-D-arabitol biosynthesis,metacyc.SBGN,metacyc.SBGN
PWY-6999.sbgn,MetaCyc,,MetaCyc,PWY-6999,theophylline degradation,metacyc.SBGN,metacyc.SBGN
PWY-7000.sbgn,MetaCyc,,MetaCyc,PWY-7000,kanamycin biosynthesis,metacyc.SBGN,metacyc.SBGN
PWY-7002.sbgn,MetaCyc,,MetaCyc,PWY-7002,4-hydroxyacetophenone degradation,metacyc.SBGN,metacyc.SBGN
PWY-7003.sbgn,MetaCyc,,MetaCyc,PWY-7003,glycerol degradation to butanol,metacyc.SBGN,metacyc.SBGN
PWY-7006.sbgn,MetaCyc,,MetaCyc,PWY-7006,4-amino-3-hydroxybenzoate degradation,metacyc.SBGN,metacyc.SBGN
PWY-7007.sbgn,MetaCyc,,MetaCyc,PWY-7007,methyl ketone biosynthesis (engineered),metacyc.SBGN,metacyc.SBGN
PWY-7008.sbgn,MetaCyc,,MetaCyc,PWY-7008,2-hydroxybiphenyl degradation,metacyc.SBGN,metacyc.SBGN
PWY-7009.sbgn,MetaCyc,,MetaCyc,PWY-7009,"2,2'-dihydroxybiphenyl degradation",metacyc.SBGN,metacyc.SBGN
PWY-701.sbgn,MetaCyc,,MetaCyc,PWY-701,L-methionine degradation II,metacyc.SBGN,metacyc.SBGN
PWY-7010.sbgn,MetaCyc,,MetaCyc,PWY-7010,2-propylphenol degradation,metacyc.SBGN,metacyc.SBGN
PWY-7011.sbgn,MetaCyc,,MetaCyc,PWY-7011,2-isopropylphenol degradation,metacyc.SBGN,metacyc.SBGN
PWY-7013.sbgn,MetaCyc,,MetaCyc,PWY-7013,"L-1,2-propanediol degradation",metacyc.SBGN,metacyc.SBGN
PWY-7014.sbgn,MetaCyc,,MetaCyc,PWY-7014,paromamine biosynthesis I,metacyc.SBGN,metacyc.SBGN
PWY-7015.sbgn,MetaCyc,,MetaCyc,PWY-7015,ribostamycin biosynthesis,metacyc.SBGN,metacyc.SBGN
PWY-7016.sbgn,MetaCyc,,MetaCyc,PWY-7016,neomycin biosynthesis,metacyc.SBGN,metacyc.SBGN
PWY-7018.sbgn,MetaCyc,,MetaCyc,PWY-7018,paromomycin biosynthesis,metacyc.SBGN,metacyc.SBGN
PWY-7019.sbgn,MetaCyc,,MetaCyc,PWY-7019,butirosin biosynthesis,metacyc.SBGN,metacyc.SBGN
PWY-702.sbgn,MetaCyc,,MetaCyc,PWY-702,L-methionine biosynthesis II,metacyc.SBGN,metacyc.SBGN
PWY-7020.sbgn,MetaCyc,,MetaCyc,PWY-7020,superpathway of butirocin biosynthesis,metacyc.SBGN,metacyc.SBGN
PWY-7021.sbgn,MetaCyc,,MetaCyc,PWY-7021,superpathway of neomycin biosynthesis,metacyc.SBGN,metacyc.SBGN
PWY-7022.sbgn,MetaCyc,,MetaCyc,PWY-7022,paromamine biosynthesis II,metacyc.SBGN,metacyc.SBGN
PWY-7024.sbgn,MetaCyc,,MetaCyc,PWY-7024,superpathway of the 3-hydroxypropanoate cycle,metacyc.SBGN,metacyc.SBGN
PWY-7025.sbgn,MetaCyc,,MetaCyc,PWY-7025,gentamicin biosynthesis,metacyc.SBGN,metacyc.SBGN
PWY-7026.sbgn,MetaCyc,,MetaCyc,PWY-7026,terminal olefins biosynthesis I,metacyc.SBGN,metacyc.SBGN
PWY-7027.sbgn,MetaCyc,,MetaCyc,PWY-7027,"hentriaconta-3,6,9,12,15,19,22,25,28-nonaene biosynthesis",metacyc.SBGN,metacyc.SBGN
PWY-7028.sbgn,MetaCyc,,MetaCyc,PWY-7028,"UDP-<i>N,N'</i>-diacetylbacillosamine biosynthesis",metacyc.SBGN,metacyc.SBGN
PWY-7029.sbgn,MetaCyc,,MetaCyc,PWY-7029,terminal olefins biosynthesis II,metacyc.SBGN,metacyc.SBGN
PWY-7031.sbgn,MetaCyc,,MetaCyc,PWY-7031,protein <i>N</i>-glycosylation (bacterial),metacyc.SBGN,metacyc.SBGN
PWY-7032.sbgn,MetaCyc,,MetaCyc,PWY-7032,alkane biosynthesis I,metacyc.SBGN,metacyc.SBGN
PWY-7033.sbgn,MetaCyc,,MetaCyc,PWY-7033,alkane biosynthesis II,metacyc.SBGN,metacyc.SBGN
PWY-7035.sbgn,MetaCyc,,MetaCyc,PWY-7035,(<i>Z</i>)-9-tricosene biosynthesis,metacyc.SBGN,metacyc.SBGN
PWY-7036.sbgn,MetaCyc,,MetaCyc,PWY-7036,very long chain fatty acid biosynthesis II,metacyc.SBGN,metacyc.SBGN
PWY-7037.sbgn,MetaCyc,,MetaCyc,PWY-7037,protein <i>O</i>-glycosylation (Neisseria),metacyc.SBGN,metacyc.SBGN
PWY-7039.sbgn,MetaCyc,,MetaCyc,PWY-7039,"phosphatidate metabolism, as a signaling molecule",metacyc.SBGN,metacyc.SBGN
PWY-7040.sbgn,MetaCyc,,MetaCyc,PWY-7040,violacein biosynthesis,metacyc.SBGN,metacyc.SBGN
PWY-7041.sbgn,MetaCyc,,MetaCyc,PWY-7041,the visual cycle II (molluscs),metacyc.SBGN,metacyc.SBGN
PWY-7042.sbgn,MetaCyc,,MetaCyc,PWY-7042,the visual cycle (insects),metacyc.SBGN,metacyc.SBGN
PWY-7044.sbgn,MetaCyc,,MetaCyc,PWY-7044,5-nitroanthranilate degradation,metacyc.SBGN,metacyc.SBGN
PWY-7045.sbgn,MetaCyc,,MetaCyc,PWY-7045,mithramycin biosynthesis,metacyc.SBGN,metacyc.SBGN
PWY-7046.sbgn,MetaCyc,,MetaCyc,PWY-7046,4-coumarate degradation (anaerobic),metacyc.SBGN,metacyc.SBGN
PWY-7049.sbgn,MetaCyc,,MetaCyc,PWY-7049,"icosapentaenoate biosynthesis II (6-desaturase, mammals)",metacyc.SBGN,metacyc.SBGN
PWY-7050.sbgn,MetaCyc,,MetaCyc,PWY-7050,icosapentaenoate biosynthesis IV (bacteria),metacyc.SBGN,metacyc.SBGN
PWY-7052.sbgn,MetaCyc,,MetaCyc,PWY-7052,cyanophycin metabolism,metacyc.SBGN,metacyc.SBGN
PWY-7053.sbgn,MetaCyc,,MetaCyc,PWY-7053,docosahexaenoate biosynthesis I (lower eukaryotes),metacyc.SBGN,metacyc.SBGN
PWY-7054.sbgn,MetaCyc,,MetaCyc,PWY-7054,<i>N</i>-acetylglutaminylglutamine amide biosynthesis,metacyc.SBGN,metacyc.SBGN
PWY-7055.sbgn,MetaCyc,,MetaCyc,PWY-7055,daphnetin modification,metacyc.SBGN,metacyc.SBGN
PWY-7056.sbgn,MetaCyc,,MetaCyc,PWY-7056,daphnin interconversion,metacyc.SBGN,metacyc.SBGN
PWY-7057.sbgn,MetaCyc,,MetaCyc,PWY-7057,cichoriin interconversion,metacyc.SBGN,metacyc.SBGN
PWY-7058.sbgn,MetaCyc,,MetaCyc,PWY-7058,esculetin modification,metacyc.SBGN,metacyc.SBGN
PWY-7059.sbgn,MetaCyc,,MetaCyc,PWY-7059,fumigaclavine biosynthesis,metacyc.SBGN,metacyc.SBGN
PWY-7064.sbgn,MetaCyc,,MetaCyc,PWY-7064,3-amino-3-phenylpropanoyl-CoA biosynthesis,metacyc.SBGN,metacyc.SBGN
PWY-7065.sbgn,MetaCyc,,MetaCyc,PWY-7065,"2&alpha;,7&beta;-dihydroxylation of taxusin",metacyc.SBGN,metacyc.SBGN
PWY-7066.sbgn,MetaCyc,,MetaCyc,PWY-7066,glycyrrhetinate biosynthesis,metacyc.SBGN,metacyc.SBGN
PWY-7067.sbgn,MetaCyc,,MetaCyc,PWY-7067,betulinate biosynthesis,metacyc.SBGN,metacyc.SBGN
PWY-7068.sbgn,MetaCyc,,MetaCyc,PWY-7068,ursolate biosynthesis,metacyc.SBGN,metacyc.SBGN
PWY-7069.sbgn,MetaCyc,,MetaCyc,PWY-7069,oleanolate biosynthesis,metacyc.SBGN,metacyc.SBGN
PWY-7070.sbgn,MetaCyc,,MetaCyc,PWY-7070,steviol biosynthesis,metacyc.SBGN,metacyc.SBGN
PWY-7071.sbgn,MetaCyc,,MetaCyc,PWY-7071,steviol glucoside biosynthesis (rebaudioside A biosynthesis),metacyc.SBGN,metacyc.SBGN
PWY-7072.sbgn,MetaCyc,,MetaCyc,PWY-7072,hopanoid biosynthesis (bacteria),metacyc.SBGN,metacyc.SBGN
PWY-7074.sbgn,MetaCyc,,MetaCyc,PWY-7074,phenylethanol glycoconjugate biosynthesis,metacyc.SBGN,metacyc.SBGN
PWY-7075.sbgn,MetaCyc,,MetaCyc,PWY-7075,phenylethyl acetate biosynthesis,metacyc.SBGN,metacyc.SBGN
PWY-7076.sbgn,MetaCyc,,MetaCyc,PWY-7076,"3,5-dimethoxytoluene biosynthesis",metacyc.SBGN,metacyc.SBGN
PWY-7077.sbgn,MetaCyc,,MetaCyc,PWY-7077,<i>N</i>-acetyl-D-galactosamine degradation,metacyc.SBGN,metacyc.SBGN
PWY-7079.sbgn,MetaCyc,,MetaCyc,PWY-7079,geodin biosynthesis,metacyc.SBGN,metacyc.SBGN
PWY-7080.sbgn,MetaCyc,,MetaCyc,PWY-7080,asterrate biosynthesis,metacyc.SBGN,metacyc.SBGN
PWY-7081.sbgn,MetaCyc,,MetaCyc,PWY-7081,4-aminophenol degradation,metacyc.SBGN,metacyc.SBGN
PWY-7082.sbgn,MetaCyc,,MetaCyc,PWY-7082,ammonia oxidation IV (autotrophic ammonia oxidizers),metacyc.SBGN,metacyc.SBGN
PWY-7084.sbgn,MetaCyc,,MetaCyc,PWY-7084,nitrifier denitrification,metacyc.SBGN,metacyc.SBGN
PWY-7085.sbgn,MetaCyc,,MetaCyc,PWY-7085,triethylamine degradation,metacyc.SBGN,metacyc.SBGN
PWY-7087.sbgn,MetaCyc,,MetaCyc,PWY-7087,2-methylisoborneol biosynthesis,metacyc.SBGN,metacyc.SBGN
PWY-7088.sbgn,MetaCyc,,MetaCyc,PWY-7088,taxiphyllin biosynthesis,metacyc.SBGN,metacyc.SBGN
PWY-7089.sbgn,MetaCyc,,MetaCyc,PWY-7089,taxiphyllin bioactivation,metacyc.SBGN,metacyc.SBGN
PWY-7090.sbgn,MetaCyc,,MetaCyc,PWY-7090,"UDP-2,3-diacetamido-2,3-dideoxy-&alpha;-D-mannuronate biosynthesis",metacyc.SBGN,metacyc.SBGN
PWY-7091.sbgn,MetaCyc,,MetaCyc,PWY-7091,linustatin bioactivation,metacyc.SBGN,metacyc.SBGN
PWY-7092.sbgn,MetaCyc,,MetaCyc,PWY-7092,neolinustatin bioactivation,metacyc.SBGN,metacyc.SBGN
PWY-7093.sbgn,MetaCyc,,MetaCyc,PWY-7093,vicianin bioactivation,metacyc.SBGN,metacyc.SBGN
PWY-7094.sbgn,MetaCyc,,MetaCyc,PWY-7094,fatty acid salvage,metacyc.SBGN,metacyc.SBGN
PWY-7095.sbgn,MetaCyc,,MetaCyc,PWY-7095,"3,4-dihydroxymandelonitrile &beta;-<i>D</i>-glucose biosynthesis",metacyc.SBGN,metacyc.SBGN
PWY-7096.sbgn,MetaCyc,,MetaCyc,PWY-7096,triclosan resistance,metacyc.SBGN,metacyc.SBGN
PWY-7097.sbgn,MetaCyc,,MetaCyc,PWY-7097,vanillin and vanillate degradation I,metacyc.SBGN,metacyc.SBGN
PWY-7098.sbgn,MetaCyc,,MetaCyc,PWY-7098,vanillin and vanillate degradation II,metacyc.SBGN,metacyc.SBGN
PWY-7100.sbgn,MetaCyc,,MetaCyc,PWY-7100,spinosyn A biosynthesis,metacyc.SBGN,metacyc.SBGN
PWY-7101.sbgn,MetaCyc,,MetaCyc,PWY-7101,5-deoxystrigol biosynthesis,metacyc.SBGN,metacyc.SBGN
PWY-7102.sbgn,MetaCyc,,MetaCyc,PWY-7102,bisabolene biosynthesis (engineered),metacyc.SBGN,metacyc.SBGN
PWY-7104.sbgn,MetaCyc,,MetaCyc,PWY-7104,dTDP-L-megosamine biosynthesis,metacyc.SBGN,metacyc.SBGN
PWY-7105.sbgn,MetaCyc,,MetaCyc,PWY-7105,olivetol biosynthesis,metacyc.SBGN,metacyc.SBGN
PWY-7106.sbgn,MetaCyc,,MetaCyc,PWY-7106,erythromycin D biosynthesis,metacyc.SBGN,metacyc.SBGN
PWY-7108.sbgn,MetaCyc,,MetaCyc,PWY-7108,erythromycin A biosynthesis,metacyc.SBGN,metacyc.SBGN
PWY-7109.sbgn,MetaCyc,,MetaCyc,PWY-7109,megalomicin A biosynthesis,metacyc.SBGN,metacyc.SBGN
PWY-7110.sbgn,MetaCyc,,MetaCyc,PWY-7110,superpathway of megalomicin A biosynthesis,metacyc.SBGN,metacyc.SBGN
PWY-7111.sbgn,MetaCyc,,MetaCyc,PWY-7111,pyruvate fermentation to isobutanol (engineered),metacyc.SBGN,metacyc.SBGN
PWY-7112.sbgn,MetaCyc,,MetaCyc,PWY-7112,4-hydroxy-2-nonenal detoxification,metacyc.SBGN,metacyc.SBGN
PWY-7113.sbgn,MetaCyc,,MetaCyc,PWY-7113,furcatin degradation,metacyc.SBGN,metacyc.SBGN
PWY-7114.sbgn,MetaCyc,,MetaCyc,PWY-7114,tea aroma glycosidic precursor bioactivation,metacyc.SBGN,metacyc.SBGN
PWY-7115.sbgn,MetaCyc,,MetaCyc,PWY-7115,"C4 photosynthetic carbon assimilation cycle, NAD-ME type",metacyc.SBGN,metacyc.SBGN
PWY-7117.sbgn,MetaCyc,,MetaCyc,PWY-7117,"C4 photosynthetic carbon assimilation cycle, PEPCK type",metacyc.SBGN,metacyc.SBGN
PWY-7118.sbgn,MetaCyc,,MetaCyc,PWY-7118,chitin degradation to ethanol,metacyc.SBGN,metacyc.SBGN
PWY-7119.sbgn,MetaCyc,,MetaCyc,PWY-7119,sphingolipid recycling and degradation (yeast),metacyc.SBGN,metacyc.SBGN
PWY-7120.sbgn,MetaCyc,,MetaCyc,PWY-7120,esterified suberin biosynthesis,metacyc.SBGN,metacyc.SBGN
PWY-7126.sbgn,MetaCyc,,MetaCyc,PWY-7126,ethylene biosynthesis IV (engineered),metacyc.SBGN,metacyc.SBGN
PWY-7127.sbgn,MetaCyc,,MetaCyc,PWY-7127,CDP-D-mannitol biosynthesis,metacyc.SBGN,metacyc.SBGN
PWY-7128.sbgn,MetaCyc,,MetaCyc,PWY-7128,nicotine degradation III (VPP pathway),metacyc.SBGN,metacyc.SBGN
PWY-7129.sbgn,MetaCyc,,MetaCyc,PWY-7129,quercetin glucoside biosynthesis (<i>Allium</i>),metacyc.SBGN,metacyc.SBGN
PWY-7130.sbgn,MetaCyc,,MetaCyc,PWY-7130,L-glucose degradation,metacyc.SBGN,metacyc.SBGN
PWY-7131.sbgn,MetaCyc,,MetaCyc,PWY-7131,CMP-legionaminate biosynthesis II,metacyc.SBGN,metacyc.SBGN
PWY-7133.sbgn,MetaCyc,,MetaCyc,PWY-7133,quercetin glucoside degradation (<i>Allium</i>),metacyc.SBGN,metacyc.SBGN
PWY-7134.sbgn,MetaCyc,,MetaCyc,PWY-7134,rutin degradation (plants),metacyc.SBGN,metacyc.SBGN
PWY-7135.sbgn,MetaCyc,,MetaCyc,PWY-7135,emetine biosynthesis,metacyc.SBGN,metacyc.SBGN
PWY-7136.sbgn,MetaCyc,,MetaCyc,PWY-7136,&beta; myrcene degradation,metacyc.SBGN,metacyc.SBGN
PWY-7137.sbgn,MetaCyc,,MetaCyc,PWY-7137,quercetin gentiotetraside biosynthesis,metacyc.SBGN,metacyc.SBGN
PWY-7138.sbgn,MetaCyc,,MetaCyc,PWY-7138,noscapine biosynthesis,metacyc.SBGN,metacyc.SBGN
PWY-7139.sbgn,MetaCyc,,MetaCyc,PWY-7139,sesaminol glucoside biosynthesis,metacyc.SBGN,metacyc.SBGN
PWY-7140.sbgn,MetaCyc,,MetaCyc,PWY-7140,myricetin gentiobioside biosynthesis,metacyc.SBGN,metacyc.SBGN
PWY-7141.sbgn,MetaCyc,,MetaCyc,PWY-7141,(3<i>S</i>)-linalool biosynthesis,metacyc.SBGN,metacyc.SBGN
PWY-7142.sbgn,MetaCyc,,MetaCyc,PWY-7142,cyanide detoxification II,metacyc.SBGN,metacyc.SBGN
PWY-7143.sbgn,MetaCyc,,MetaCyc,PWY-7143,kaempferol gentiobioside biosynthesis,metacyc.SBGN,metacyc.SBGN
PWY-7145.sbgn,MetaCyc,,MetaCyc,PWY-7145,genistin gentiobioside biosynthesis,metacyc.SBGN,metacyc.SBGN
PWY-7147.sbgn,MetaCyc,,MetaCyc,PWY-7147,8-amino-7-oxononanoate biosynthesis II,metacyc.SBGN,metacyc.SBGN
PWY-7149.sbgn,MetaCyc,,MetaCyc,PWY-7149,superpathway of polymethylated quercetin/quercetagetin glucoside biosynthesis (Chrysosplenium),metacyc.SBGN,metacyc.SBGN
PWY-7150.sbgn,MetaCyc,,MetaCyc,PWY-7150,polymethylated quercetin glucoside biosynthesis I - quercetin series (Chrysosplenium),metacyc.SBGN,metacyc.SBGN
PWY-7151.sbgn,MetaCyc,,MetaCyc,PWY-7151,polymethylated quercetin glucoside biosynthesis II - quercetagetin series (Chrysosplenium),metacyc.SBGN,metacyc.SBGN
PWY-7152.sbgn,MetaCyc,,MetaCyc,PWY-7152,pinolenate and coniferonate biosynthesis,metacyc.SBGN,metacyc.SBGN
PWY-7153.sbgn,MetaCyc,,MetaCyc,PWY-7153,grixazone biosynthesis,metacyc.SBGN,metacyc.SBGN
PWY-7154.sbgn,MetaCyc,,MetaCyc,PWY-7154,ergosterol biosynthesis II,metacyc.SBGN,metacyc.SBGN
PWY-7155.sbgn,MetaCyc,,MetaCyc,PWY-7155,7-dehydroporiferasterol biosynthesis,metacyc.SBGN,metacyc.SBGN
PWY-7156.sbgn,MetaCyc,,MetaCyc,PWY-7156,superpathway of ergosterol biosynthesis II,metacyc.SBGN,metacyc.SBGN
PWY-7157.sbgn,MetaCyc,,MetaCyc,PWY-7157,eupatolitin 3-<i>O</i>-glucoside biosynthesis,metacyc.SBGN,metacyc.SBGN
PWY-7158.sbgn,MetaCyc,,MetaCyc,PWY-7158,L-phenylalanine degradation V,metacyc.SBGN,metacyc.SBGN
PWY-7159.sbgn,MetaCyc,,MetaCyc,PWY-7159,"3,8-divinyl-chlorophyllide <i>a</i> biosynthesis III (aerobic, light independent)",metacyc.SBGN,metacyc.SBGN
PWY-7160.sbgn,MetaCyc,,MetaCyc,PWY-7160,polymethylated myricetin biosynthesis (tomato),metacyc.SBGN,metacyc.SBGN
PWY-7161.sbgn,MetaCyc,,MetaCyc,PWY-7161,polymethylated quercetin biosynthesis,metacyc.SBGN,metacyc.SBGN
PWY-7163.sbgn,MetaCyc,,MetaCyc,PWY-7163,polymethylated kaempferol biosynthesis,metacyc.SBGN,metacyc.SBGN
PWY-7164.sbgn,MetaCyc,,MetaCyc,PWY-7164,chlorophyll <i>a</i> degradation III,metacyc.SBGN,metacyc.SBGN
PWY-7165.sbgn,MetaCyc,,MetaCyc,PWY-7165,L-ascorbate biosynthesis VI (engineered pathway),metacyc.SBGN,metacyc.SBGN
PWY-7166.sbgn,MetaCyc,,MetaCyc,PWY-7166,kaempferide triglycoside biosynthesis,metacyc.SBGN,metacyc.SBGN
PWY-7167.sbgn,MetaCyc,,MetaCyc,PWY-7167,choline degradation III,metacyc.SBGN,metacyc.SBGN
PWY-7168.sbgn,MetaCyc,,MetaCyc,PWY-7168,flavonol acylglucoside biosynthesis I - kaempferol derivatives,metacyc.SBGN,metacyc.SBGN
PWY-7169.sbgn,MetaCyc,,MetaCyc,PWY-7169,hyperxanthone E biosynthesis,metacyc.SBGN,metacyc.SBGN
PWY-7170.sbgn,MetaCyc,,MetaCyc,PWY-7170,phytochromobilin biosynthesis,metacyc.SBGN,metacyc.SBGN
PWY-7171.sbgn,MetaCyc,,MetaCyc,PWY-7171,flavonol acylglucoside biosynthesis II - isorhamnetin derivatives,metacyc.SBGN,metacyc.SBGN
PWY-7172.sbgn,MetaCyc,,MetaCyc,PWY-7172,flavonol acylglucoside biosynthesis III - quercetin derivatives,metacyc.SBGN,metacyc.SBGN
PWY-7173.sbgn,MetaCyc,,MetaCyc,PWY-7173,quercetin triglucoside biosynthesis,metacyc.SBGN,metacyc.SBGN
PWY-7174.sbgn,MetaCyc,,MetaCyc,PWY-7174,<i>S</i>-methyl-5-thio-&alpha;-D-ribose 1-phosphate degradation II,metacyc.SBGN,metacyc.SBGN
PWY-7175.sbgn,MetaCyc,,MetaCyc,PWY-7175,nostoxanthin biosynthesis,metacyc.SBGN,metacyc.SBGN
PWY-7176.sbgn,MetaCyc,,MetaCyc,PWY-7176,UTP and CTP <i>de novo</i> biosynthesis,metacyc.SBGN,metacyc.SBGN
PWY-7177.sbgn,MetaCyc,,MetaCyc,PWY-7177,UTP and CTP dephosphorylation II,metacyc.SBGN,metacyc.SBGN
PWY-7178.sbgn,MetaCyc,,MetaCyc,PWY-7178,ethylene glycol biosynthesis (engineered),metacyc.SBGN,metacyc.SBGN
PWY-7179.sbgn,MetaCyc,,MetaCyc,PWY-7179,purine deoxyribonucleosides degradation I,metacyc.SBGN,metacyc.SBGN
PWY-7180.sbgn,MetaCyc,,MetaCyc,PWY-7180,2'-deoxy-&alpha;-D-ribose 1-phosphate degradation,metacyc.SBGN,metacyc.SBGN
PWY-7181.sbgn,MetaCyc,,MetaCyc,PWY-7181,pyrimidine deoxyribonucleosides degradation,metacyc.SBGN,metacyc.SBGN
PWY-7182.sbgn,MetaCyc,,MetaCyc,PWY-7182,linalool biosynthesis I,metacyc.SBGN,metacyc.SBGN
PWY-7183.sbgn,MetaCyc,,MetaCyc,PWY-7183,pyrimidine nucleobases salvage I,metacyc.SBGN,metacyc.SBGN
PWY-7184.sbgn,MetaCyc,,MetaCyc,PWY-7184,pyrimidine deoxyribonucleotides <i>de novo</i> biosynthesis I,metacyc.SBGN,metacyc.SBGN
PWY-7185.sbgn,MetaCyc,,MetaCyc,PWY-7185,UTP and CTP dephosphorylation I,metacyc.SBGN,metacyc.SBGN
PWY-7186.sbgn,MetaCyc,,MetaCyc,PWY-7186,superpathway of scopolin and esculin biosynthesis,metacyc.SBGN,metacyc.SBGN
PWY-7187.sbgn,MetaCyc,,MetaCyc,PWY-7187,pyrimidine deoxyribonucleotides <i>de novo</i> biosynthesis II,metacyc.SBGN,metacyc.SBGN
PWY-7188.sbgn,MetaCyc,,MetaCyc,PWY-7188,eriodictyol <I>C</i>-glucosylation,metacyc.SBGN,metacyc.SBGN
PWY-7189.sbgn,MetaCyc,,MetaCyc,PWY-7189,pinocembrin <i>C</i>-glucosylation,metacyc.SBGN,metacyc.SBGN
PWY-7191.sbgn,MetaCyc,,MetaCyc,PWY-7191,kaempferol diglycoside biosynthesis (pollen-specific),metacyc.SBGN,metacyc.SBGN
PWY-7192.sbgn,MetaCyc,,MetaCyc,PWY-7192,quercetin diglycoside biosynthesis (pollen-specific),metacyc.SBGN,metacyc.SBGN
PWY-7193.sbgn,MetaCyc,,MetaCyc,PWY-7193,pyrimidine ribonucleosides salvage I,metacyc.SBGN,metacyc.SBGN
PWY-7194.sbgn,MetaCyc,,MetaCyc,PWY-7194,pyrimidine nucleobases salvage II,metacyc.SBGN,metacyc.SBGN
PWY-7195.sbgn,MetaCyc,,MetaCyc,PWY-7195,pyrimidine ribonucleosides salvage III,metacyc.SBGN,metacyc.SBGN
PWY-7196.sbgn,MetaCyc,,MetaCyc,PWY-7196,superpathway of pyrimidine ribonucleosides salvage,metacyc.SBGN,metacyc.SBGN
PWY-7197.sbgn,MetaCyc,,MetaCyc,PWY-7197,pyrimidine deoxyribonucleotide phosphorylation,metacyc.SBGN,metacyc.SBGN
PWY-7198.sbgn,MetaCyc,,MetaCyc,PWY-7198,pyrimidine deoxyribonucleotides <i>de novo</i> biosynthesis IV,metacyc.SBGN,metacyc.SBGN
PWY-7199.sbgn,MetaCyc,,MetaCyc,PWY-7199,pyrimidine deoxyribonucleosides salvage,metacyc.SBGN,metacyc.SBGN
PWY-7200.sbgn,MetaCyc,,MetaCyc,PWY-7200,superpathway of pyrimidine deoxyribonucleoside salvage,metacyc.SBGN,metacyc.SBGN
PWY-7204.sbgn,MetaCyc,,MetaCyc,PWY-7204,pyridoxal 5'-phosphate salvage II (plants),metacyc.SBGN,metacyc.SBGN
PWY-7205.sbgn,MetaCyc,,MetaCyc,PWY-7205,CMP phosphorylation,metacyc.SBGN,metacyc.SBGN
PWY-7206.sbgn,MetaCyc,,MetaCyc,PWY-7206,pyrimidine deoxyribonucleotides dephosphorylation,metacyc.SBGN,metacyc.SBGN
PWY-7208.sbgn,MetaCyc,,MetaCyc,PWY-7208,superpathway of pyrimidine nucleobases salvage,metacyc.SBGN,metacyc.SBGN
PWY-7209.sbgn,MetaCyc,,MetaCyc,PWY-7209,superpathway of pyrimidine ribonucleosides degradation,metacyc.SBGN,metacyc.SBGN
PWY-721.sbgn,MetaCyc,,MetaCyc,PWY-721,3-methylquinoline degradation,metacyc.SBGN,metacyc.SBGN
PWY-7210.sbgn,MetaCyc,,MetaCyc,PWY-7210,pyrimidine deoxyribonucleotides biosynthesis from CTP,metacyc.SBGN,metacyc.SBGN
PWY-7211.sbgn,MetaCyc,,MetaCyc,PWY-7211,superpathway of pyrimidine deoxyribonucleotides <i>de novo</i> biosynthesis,metacyc.SBGN,metacyc.SBGN
PWY-7212.sbgn,MetaCyc,,MetaCyc,PWY-7212,baicalein metabolism,metacyc.SBGN,metacyc.SBGN
PWY-7213.sbgn,MetaCyc,,MetaCyc,PWY-7213,wogonin metabolism,metacyc.SBGN,metacyc.SBGN
PWY-7214.sbgn,MetaCyc,,MetaCyc,PWY-7214,baicalein degradation (hydrogen peroxide detoxification),metacyc.SBGN,metacyc.SBGN
PWY-7216.sbgn,MetaCyc,,MetaCyc,PWY-7216,(R)- and (S)-3-hydroxybutanoate biosynthesis (engineered),metacyc.SBGN,metacyc.SBGN
PWY-7219.sbgn,MetaCyc,,MetaCyc,PWY-7219,adenosine ribonucleotides <i>de novo</i> biosynthesis,metacyc.SBGN,metacyc.SBGN
PWY-722.sbgn,MetaCyc,,MetaCyc,PWY-722,nicotinate degradation I,metacyc.SBGN,metacyc.SBGN
PWY-7220.sbgn,MetaCyc,,MetaCyc,PWY-7220,adenosine deoxyribonucleotides <i>de novo</i> biosynthesis II,metacyc.SBGN,metacyc.SBGN
PWY-7221.sbgn,MetaCyc,,MetaCyc,PWY-7221,guanosine ribonucleotides <i>de novo</i> biosynthesis,metacyc.SBGN,metacyc.SBGN
PWY-7222.sbgn,MetaCyc,,MetaCyc,PWY-7222,guanosine deoxyribonucleotides <i>de novo</i> biosynthesis II,metacyc.SBGN,metacyc.SBGN
PWY-7224.sbgn,MetaCyc,,MetaCyc,PWY-7224,purine deoxyribonucleosides salvage,metacyc.SBGN,metacyc.SBGN
PWY-7226.sbgn,MetaCyc,,MetaCyc,PWY-7226,guanosine deoxyribonucleotides <i>de novo</i> biosynthesis I,metacyc.SBGN,metacyc.SBGN
PWY-7227.sbgn,MetaCyc,,MetaCyc,PWY-7227,adenosine deoxyribonucleotides <i>de novo</i> biosynthesis,metacyc.SBGN,metacyc.SBGN
PWY-7228.sbgn,MetaCyc,,MetaCyc,PWY-7228,superpathway of guanosine nucleotides <i>de novo</i> biosynthesis I,metacyc.SBGN,metacyc.SBGN
PWY-7229.sbgn,MetaCyc,,MetaCyc,PWY-7229,superpathway of adenosine nucleotides <i>de novo</i> biosynthesis I,metacyc.SBGN,metacyc.SBGN
PWY-723.sbgn,MetaCyc,,MetaCyc,PWY-723,alkylnitronates degradation,metacyc.SBGN,metacyc.SBGN
PWY-7230.sbgn,MetaCyc,,MetaCyc,PWY-7230,ubiquinol-6 biosynthesis from 4-aminobenzoate (eukaryotic),metacyc.SBGN,metacyc.SBGN
PWY-7232.sbgn,MetaCyc,,MetaCyc,PWY-7232,gibberellin biosynthesis V,metacyc.SBGN,metacyc.SBGN
PWY-7233.sbgn,MetaCyc,,MetaCyc,PWY-7233,ubiquinol-6 bypass biosynthesis (eukaryotic),metacyc.SBGN,metacyc.SBGN
PWY-7234.sbgn,MetaCyc,,MetaCyc,PWY-7234,inosine-5'-phosphate biosynthesis III,metacyc.SBGN,metacyc.SBGN
PWY-7235.sbgn,MetaCyc,,MetaCyc,PWY-7235,superpathway of ubiquinol-6 biosynthesis (eukaryotic),metacyc.SBGN,metacyc.SBGN
PWY-7236.sbgn,MetaCyc,,MetaCyc,PWY-7236,mycocyclosin biosynthesis,metacyc.SBGN,metacyc.SBGN
PWY-7237.sbgn,MetaCyc,,MetaCyc,PWY-7237,"<i>myo</i>-, <i>chiro</i>- and <i>scyllo</i>-inositol degradation",metacyc.SBGN,metacyc.SBGN
PWY-7238.sbgn,MetaCyc,,MetaCyc,PWY-7238,sucrose biosynthesis II,metacyc.SBGN,metacyc.SBGN
PWY-724.sbgn,MetaCyc,,MetaCyc,PWY-724,"superpathway of L-lysine, L-threonine and L-methionine biosynthesis II",metacyc.SBGN,metacyc.SBGN
PWY-7241.sbgn,MetaCyc,,MetaCyc,PWY-7241,<I>myo</I>-inositol degradation II,metacyc.SBGN,metacyc.SBGN
PWY-7242.sbgn,MetaCyc,,MetaCyc,PWY-7242,D-fructuronate degradation,metacyc.SBGN,metacyc.SBGN
PWY-7245.sbgn,MetaCyc,,MetaCyc,PWY-7245,superpathway NAD/NADP - NADH/NADPH interconversion (yeast),metacyc.SBGN,metacyc.SBGN
PWY-7246.sbgn,MetaCyc,,MetaCyc,PWY-7246,pectin degradation II,metacyc.SBGN,metacyc.SBGN
PWY-7247.sbgn,MetaCyc,,MetaCyc,PWY-7247,&beta;-D-glucuronide and D-glucuronate degradation,metacyc.SBGN,metacyc.SBGN
PWY-7248.sbgn,MetaCyc,,MetaCyc,PWY-7248,pectin degradation III,metacyc.SBGN,metacyc.SBGN
PWY-7250.sbgn,MetaCyc,,MetaCyc,PWY-7250,[2Fe-2S] iron-sulfur cluster biosynthesis,metacyc.SBGN,metacyc.SBGN
PWY-7251.sbgn,MetaCyc,,MetaCyc,PWY-7251,pentacyclic triterpene biosynthesis,metacyc.SBGN,metacyc.SBGN
PWY-7252.sbgn,MetaCyc,,MetaCyc,PWY-7252,luteolinidin 5-<i>O</i>-glucoside biosynthesis,metacyc.SBGN,metacyc.SBGN
PWY-7253.sbgn,MetaCyc,,MetaCyc,PWY-7253,apigeninidin 5-<i>O</i>-glucoside biosynthesis,metacyc.SBGN,metacyc.SBGN
PWY-7254.sbgn,MetaCyc,,MetaCyc,PWY-7254,TCA cycle VII (acetate-producers),metacyc.SBGN,metacyc.SBGN
PWY-7255.sbgn,MetaCyc,,MetaCyc,PWY-7255,ergothioneine biosynthesis I (bacteria),metacyc.SBGN,metacyc.SBGN
PWY-7256.sbgn,MetaCyc,,MetaCyc,PWY-7256,cyanidin diglucoside biosynthesis (acyl-glucose dependent),metacyc.SBGN,metacyc.SBGN
PWY-7259.sbgn,MetaCyc,,MetaCyc,PWY-7259,pelargonidin diglucoside biosynthesis (acyl-glucose dependent),metacyc.SBGN,metacyc.SBGN
PWY-7260.sbgn,MetaCyc,,MetaCyc,PWY-7260,delphinidin diglucoside biosynthesis (acyl-glucose dependent),metacyc.SBGN,metacyc.SBGN
PWY-7261.sbgn,MetaCyc,,MetaCyc,PWY-7261,anthocyanidin 3-malylglucoside biosynthesis (acyl-glucose dependent),metacyc.SBGN,metacyc.SBGN
PWY-7262.sbgn,MetaCyc,,MetaCyc,PWY-7262,rose anthocyanin biosynthesis II (via cyanidin 3-<i>O</i>-&beta;-<i>D</i>-glucoside),metacyc.SBGN,metacyc.SBGN
PWY-7265.sbgn,MetaCyc,,MetaCyc,PWY-7265,lampranthin biosynthesis,metacyc.SBGN,metacyc.SBGN
PWY-7267.sbgn,MetaCyc,,MetaCyc,PWY-7267,anthocyanin biosynthesis (pelargonidin 3-<i>O</i>-glucoside),metacyc.SBGN,metacyc.SBGN
PWY-7268.sbgn,MetaCyc,,MetaCyc,PWY-7268,NAD/NADP-NADH/NADPH cytosolic interconversion (yeast),metacyc.SBGN,metacyc.SBGN
PWY-7269.sbgn,MetaCyc,,MetaCyc,PWY-7269,NAD/NADP-NADH/NADPH mitochondrial interconversion (yeast),metacyc.SBGN,metacyc.SBGN
PWY-7270.sbgn,MetaCyc,,MetaCyc,PWY-7270,L-methionine salvage cycle II (plants),metacyc.SBGN,metacyc.SBGN
PWY-7274.sbgn,MetaCyc,,MetaCyc,PWY-7274,D-cycloserine biosynthesis,metacyc.SBGN,metacyc.SBGN
PWY-7275.sbgn,MetaCyc,,MetaCyc,PWY-7275,L-homophenylalanine biosynthesis,metacyc.SBGN,metacyc.SBGN
PWY-7277.sbgn,MetaCyc,,MetaCyc,PWY-7277,sphingolipid biosynthesis (mammals),metacyc.SBGN,metacyc.SBGN
PWY-7279.sbgn,MetaCyc,,MetaCyc,PWY-7279,aerobic respiration II (cytochrome c) (yeast),metacyc.SBGN,metacyc.SBGN
PWY-7280.sbgn,MetaCyc,,MetaCyc,PWY-7280,ternatin C3 biosynthesis,metacyc.SBGN,metacyc.SBGN
PWY-7282.sbgn,MetaCyc,,MetaCyc,PWY-7282,4-amino-2-methyl-5-diphosphomethylpyrimidine biosynthesis (yeast),metacyc.SBGN,metacyc.SBGN
PWY-7283.sbgn,MetaCyc,,MetaCyc,PWY-7283,wybutosine biosynthesis,metacyc.SBGN,metacyc.SBGN
PWY-7285.sbgn,MetaCyc,,MetaCyc,PWY-7285,methylwyosine biosynthesis,metacyc.SBGN,metacyc.SBGN
PWY-7286.sbgn,MetaCyc,,MetaCyc,PWY-7286,7-(3-amino-3-carboxypropyl)-wyosine biosynthesis,metacyc.SBGN,metacyc.SBGN
PWY-7287.sbgn,MetaCyc,,MetaCyc,PWY-7287,novobiocin biosynthesis,metacyc.SBGN,metacyc.SBGN
PWY-7288.sbgn,MetaCyc,,MetaCyc,PWY-7288,"fatty acid &beta;-oxidation (peroxisome, yeast)",metacyc.SBGN,metacyc.SBGN
PWY-7289.sbgn,MetaCyc,,MetaCyc,PWY-7289,L-cysteine biosynthesis V,metacyc.SBGN,metacyc.SBGN
PWY-7290.sbgn,MetaCyc,,MetaCyc,PWY-7290,<i>Escherichia coli</i> serotype O86 <i>O</i>-antigen biosynthesis,metacyc.SBGN,metacyc.SBGN
PWY-7291.sbgn,MetaCyc,,MetaCyc,PWY-7291,"oleate &beta;-oxidation (isomerase-dependent, yeast)",metacyc.SBGN,metacyc.SBGN
PWY-7292.sbgn,MetaCyc,,MetaCyc,PWY-7292,"oleate &beta;-oxidation (thioesterase-dependent, yeast)",metacyc.SBGN,metacyc.SBGN
PWY-7294.sbgn,MetaCyc,,MetaCyc,PWY-7294,xylose degradation IV,metacyc.SBGN,metacyc.SBGN
PWY-7295.sbgn,MetaCyc,,MetaCyc,PWY-7295,L-arabinose degradation IV,metacyc.SBGN,metacyc.SBGN
PWY-7297.sbgn,MetaCyc,,MetaCyc,PWY-7297,octopamine biosynthesis,metacyc.SBGN,metacyc.SBGN
PWY-7298.sbgn,MetaCyc,,MetaCyc,PWY-7298,nevadensin biosynthesis,metacyc.SBGN,metacyc.SBGN
PWY-7299.sbgn,MetaCyc,,MetaCyc,PWY-7299,progesterone biosynthesis,metacyc.SBGN,metacyc.SBGN
PWY-7300.sbgn,MetaCyc,,MetaCyc,PWY-7300,ecdysone and 20-hydroxyecdysone biosynthesis,metacyc.SBGN,metacyc.SBGN
PWY-7301.sbgn,MetaCyc,,MetaCyc,PWY-7301,dTDP-4-<i>O</i>-demethyl-&beta;-L-noviose biosynthesis,metacyc.SBGN,metacyc.SBGN
PWY-7303.sbgn,MetaCyc,,MetaCyc,PWY-7303,3-dimethylallyl-4-hydroxybenzoate biosynthesis,metacyc.SBGN,metacyc.SBGN
PWY-7304.sbgn,MetaCyc,,MetaCyc,PWY-7304,"3-amino-4,7-dihydroxy-coumarin biosynthesis",metacyc.SBGN,metacyc.SBGN
PWY-7305.sbgn,MetaCyc,,MetaCyc,PWY-7305,superpathway of steroid hormone biosynthesis,metacyc.SBGN,metacyc.SBGN
PWY-7306.sbgn,MetaCyc,,MetaCyc,PWY-7306,estradiol biosynthesis II,metacyc.SBGN,metacyc.SBGN
PWY-7307.sbgn,MetaCyc,,MetaCyc,PWY-7307,"oleate &beta;-oxidation (reductase-dependent, yeast)",metacyc.SBGN,metacyc.SBGN
PWY-7308.sbgn,MetaCyc,,MetaCyc,PWY-7308,acrylonitrile degradation I,metacyc.SBGN,metacyc.SBGN
PWY-7309.sbgn,MetaCyc,,MetaCyc,PWY-7309,acrylonitrile degradation II,metacyc.SBGN,metacyc.SBGN
PWY-7310.sbgn,MetaCyc,,MetaCyc,PWY-7310,D-glucosaminate degradation,metacyc.SBGN,metacyc.SBGN
PWY-7312.sbgn,MetaCyc,,MetaCyc,PWY-7312,dTDP-D-&beta;-fucofuranose biosynthesis,metacyc.SBGN,metacyc.SBGN
PWY-7315.sbgn,MetaCyc,,MetaCyc,PWY-7315,dTDP-<i>N</i>-acetylthomosamine biosynthesis,metacyc.SBGN,metacyc.SBGN
PWY-7316.sbgn,MetaCyc,,MetaCyc,PWY-7316,dTDP-<i>N</i>-acetylviosamine biosynthesis,metacyc.SBGN,metacyc.SBGN
PWY-7317.sbgn,MetaCyc,,MetaCyc,PWY-7317,superpathway of dTDP-glucose-derived O-antigen building blocks biosynthesis,metacyc.SBGN,metacyc.SBGN
PWY-7318.sbgn,MetaCyc,,MetaCyc,PWY-7318,"dTDP-3-acetamido-3,6-dideoxy-&alpha;-D-glucose biosynthesis",metacyc.SBGN,metacyc.SBGN
PWY-7321.sbgn,MetaCyc,,MetaCyc,PWY-7321,ecdysteroid metabolism (arthropods),metacyc.SBGN,metacyc.SBGN
PWY-7323.sbgn,MetaCyc,,MetaCyc,PWY-7323,superpathway of GDP-mannose-derived O-antigen building blocks biosynthesis,metacyc.SBGN,metacyc.SBGN
PWY-7325.sbgn,MetaCyc,,MetaCyc,PWY-7325,salvigenin biosynthesis,metacyc.SBGN,metacyc.SBGN
PWY-7328.sbgn,MetaCyc,,MetaCyc,PWY-7328,superpathway of UDP-glucose-derived O-antigen building blocks biosynthesis,metacyc.SBGN,metacyc.SBGN
PWY-7330.sbgn,MetaCyc,,MetaCyc,PWY-7330,UDP-<i>N</i>-acetyl-&beta;-L-fucosamine biosynthesis,metacyc.SBGN,metacyc.SBGN
PWY-7331.sbgn,MetaCyc,,MetaCyc,PWY-7331,UDP-<i>N</i>-acetyl-&beta;-L-quinovosamine biosynthesis,metacyc.SBGN,metacyc.SBGN
PWY-7332.sbgn,MetaCyc,,MetaCyc,PWY-7332,superpathway of UDP-<I>N</i>-acetylglucosamine-derived O-antigen building blocks biosynthesis,metacyc.SBGN,metacyc.SBGN
PWY-7333.sbgn,MetaCyc,,MetaCyc,PWY-7333,UDP-<i>N</i>-acetyl-&alpha;-D-fucosamine biosynthesis,metacyc.SBGN,metacyc.SBGN
PWY-7334.sbgn,MetaCyc,,MetaCyc,PWY-7334,UDP-<i>N</i>-acetyl-&alpha;-D-quinovosamine biosynthesis,metacyc.SBGN,metacyc.SBGN
PWY-7335.sbgn,MetaCyc,,MetaCyc,PWY-7335,UDP-<i>N</i>-acetyl-&alpha;-D-mannosaminouronate biosynthesis,metacyc.SBGN,metacyc.SBGN
PWY-7336.sbgn,MetaCyc,,MetaCyc,PWY-7336,UDP-<i>N</i>-acetyl-&alpha;-D-galactosaminuronate biosynthesis,metacyc.SBGN,metacyc.SBGN
PWY-7337.sbgn,MetaCyc,,MetaCyc,PWY-7337,10-<i>cis</i>-heptadecenoyl-CoA degradation (yeast),metacyc.SBGN,metacyc.SBGN
PWY-7338.sbgn,MetaCyc,,MetaCyc,PWY-7338,"10-<i>trans</i>-heptadecenoyl-CoA degradation (reductase-dependent, yeast)",metacyc.SBGN,metacyc.SBGN
PWY-7339.sbgn,MetaCyc,,MetaCyc,PWY-7339,"10-<i>trans</i>-heptadecenoyl-CoA degradation (MFE-dependent, yeast)",metacyc.SBGN,metacyc.SBGN
PWY-7340.sbgn,MetaCyc,,MetaCyc,PWY-7340,"9-<i>cis</i>, 11-<i>trans</i>-octadecadienoyl-CoA degradation (isomerase-dependent, yeast)",metacyc.SBGN,metacyc.SBGN
PWY-7341.sbgn,MetaCyc,,MetaCyc,PWY-7341,superpathway of hyoscyamine and scopolamine biosynthesis,metacyc.SBGN,metacyc.SBGN
PWY-7342.sbgn,MetaCyc,,MetaCyc,PWY-7342,superpathway of nicotine biosynthesis,metacyc.SBGN,metacyc.SBGN
PWY-7343.sbgn,MetaCyc,,MetaCyc,PWY-7343,UDP-&alpha;-D-glucose biosynthesis I,metacyc.SBGN,metacyc.SBGN
PWY-7344.sbgn,MetaCyc,,MetaCyc,PWY-7344,UDP-&alpha;-D-galactose biosynthesis,metacyc.SBGN,metacyc.SBGN
PWY-7346.sbgn,MetaCyc,,MetaCyc,PWY-7346,UDP-&alpha;-D-glucuronate biosynthesis (from UDP-glucose),metacyc.SBGN,metacyc.SBGN
PWY-7347.sbgn,MetaCyc,,MetaCyc,PWY-7347,sucrose biosynthesis III,metacyc.SBGN,metacyc.SBGN
PWY-735.sbgn,MetaCyc,,MetaCyc,PWY-735,jasmonic acid biosynthesis,metacyc.SBGN,metacyc.SBGN
PWY-7351.sbgn,MetaCyc,,MetaCyc,PWY-7351,pyruvate fermentation to opines,metacyc.SBGN,metacyc.SBGN
PWY-7352.sbgn,MetaCyc,,MetaCyc,PWY-7352,daunorubicin biosynthesis,metacyc.SBGN,metacyc.SBGN
PWY-7354.sbgn,MetaCyc,,MetaCyc,PWY-7354,aclacinomycin biosynthesis,metacyc.SBGN,metacyc.SBGN
PWY-7355.sbgn,MetaCyc,,MetaCyc,PWY-7355,doxorubicin biosynthesis,metacyc.SBGN,metacyc.SBGN
PWY-7356.sbgn,MetaCyc,,MetaCyc,PWY-7356,thiamine salvage IV (yeast),metacyc.SBGN,metacyc.SBGN
PWY-7357.sbgn,MetaCyc,,MetaCyc,PWY-7357,thiamine formation from pyrithiamine and oxythiamine (yeast),metacyc.SBGN,metacyc.SBGN
PWY-7363.sbgn,MetaCyc,,MetaCyc,PWY-7363,papaverine biosynthesis,metacyc.SBGN,metacyc.SBGN
PWY-7366.sbgn,MetaCyc,,MetaCyc,PWY-7366,phosphatidylglycerol degradation,metacyc.SBGN,metacyc.SBGN
PWY-7367.sbgn,MetaCyc,,MetaCyc,PWY-7367,phosphatidylcholine resynthesis via glycerophosphocholine,metacyc.SBGN,metacyc.SBGN
PWY-7369.sbgn,MetaCyc,,MetaCyc,PWY-7369,thiamine triphosphate metabolism,metacyc.SBGN,metacyc.SBGN
PWY-7371.sbgn,MetaCyc,,MetaCyc,PWY-7371,"1,4-dihydroxy-6-naphthoate biosynthesis II",metacyc.SBGN,metacyc.SBGN
PWY-7372.sbgn,MetaCyc,,MetaCyc,PWY-7372,demethylmenaquinol-6 biosynthesis II,metacyc.SBGN,metacyc.SBGN
PWY-7373.sbgn,MetaCyc,,MetaCyc,PWY-7373,superpathway of demethylmenaquinol-6 biosynthesis II,metacyc.SBGN,metacyc.SBGN
PWY-7374.sbgn,MetaCyc,,MetaCyc,PWY-7374,"1,4-dihydroxy-6-naphthoate biosynthesis I",metacyc.SBGN,metacyc.SBGN
PWY-7375.sbgn,MetaCyc,,MetaCyc,PWY-7375,mRNA capping I,metacyc.SBGN,metacyc.SBGN
PWY-7376.sbgn,MetaCyc,,MetaCyc,PWY-7376,"cob(II)yrinate <i>a,c</i>-diamide biosynthesis II (late cobalt incorporation)",metacyc.SBGN,metacyc.SBGN
PWY-7377.sbgn,MetaCyc,,MetaCyc,PWY-7377,"cob(II)yrinate <i>a,c</i>-diamide biosynthesis I (early cobalt insertion)",metacyc.SBGN,metacyc.SBGN
PWY-7378.sbgn,MetaCyc,,MetaCyc,PWY-7378,aminopropanol phosphate biosynthesis II,metacyc.SBGN,metacyc.SBGN
PWY-7379.sbgn,MetaCyc,,MetaCyc,PWY-7379,mRNA capping II,metacyc.SBGN,metacyc.SBGN
PWY-7380.sbgn,MetaCyc,,MetaCyc,PWY-7380,biotin biosynthesis from 8-amino-7-oxononanoate II,metacyc.SBGN,metacyc.SBGN
PWY-7382.sbgn,MetaCyc,,MetaCyc,PWY-7382,lipoate biosynthesis and incorporation (yeast),metacyc.SBGN,metacyc.SBGN
PWY-7383.sbgn,MetaCyc,,MetaCyc,PWY-7383,"anaerobic energy metabolism (invertebrates, cytosol)",metacyc.SBGN,metacyc.SBGN
PWY-7384.sbgn,MetaCyc,,MetaCyc,PWY-7384,"anaerobic energy metabolism (invertebrates, mitochondrial)",metacyc.SBGN,metacyc.SBGN
PWY-7385.sbgn,MetaCyc,,MetaCyc,PWY-7385,"1,3-propanediol biosynthesis (engineered)",metacyc.SBGN,metacyc.SBGN
PWY-7387.sbgn,MetaCyc,,MetaCyc,PWY-7387,hypotaurine degradation,metacyc.SBGN,metacyc.SBGN
PWY-7388.sbgn,MetaCyc,,MetaCyc,PWY-7388,"octanoyl-[acyl-carrier protein] biosynthesis (mitochondria, yeast)",metacyc.SBGN,metacyc.SBGN
PWY-7391.sbgn,MetaCyc,,MetaCyc,PWY-7391,isoprene biosynthesis II (engineered),metacyc.SBGN,metacyc.SBGN
PWY-7392.sbgn,MetaCyc,,MetaCyc,PWY-7392,taxadiene biosynthesis (engineered),metacyc.SBGN,metacyc.SBGN
PWY-7393.sbgn,MetaCyc,,MetaCyc,PWY-7393,&beta;-carotene biosynthesis (engineered),metacyc.SBGN,metacyc.SBGN
PWY-7394.sbgn,MetaCyc,,MetaCyc,PWY-7394,urate conversion to allantoin II,metacyc.SBGN,metacyc.SBGN
PWY-7395.sbgn,MetaCyc,,MetaCyc,PWY-7395,D-galactosamine and <i>N</i>-acetyl-D-galactosamine degradation,metacyc.SBGN,metacyc.SBGN
PWY-7396.sbgn,MetaCyc,,MetaCyc,PWY-7396,butanol and isobutanol biosynthesis (engineered),metacyc.SBGN,metacyc.SBGN
PWY-7397.sbgn,MetaCyc,,MetaCyc,PWY-7397,naringenin biosynthesis (engineered),metacyc.SBGN,metacyc.SBGN
PWY-7398.sbgn,MetaCyc,,MetaCyc,PWY-7398,coumarins biosynthesis (engineered),metacyc.SBGN,metacyc.SBGN
PWY-7399.sbgn,MetaCyc,,MetaCyc,PWY-7399,methylphosphonate degradation II,metacyc.SBGN,metacyc.SBGN
PWY-7400.sbgn,MetaCyc,,MetaCyc,PWY-7400,L-arginine biosynthesis IV (archaebacteria),metacyc.SBGN,metacyc.SBGN
PWY-7401.sbgn,MetaCyc,,MetaCyc,PWY-7401,crotonate fermentation (to acetate and cyclohexane carboxylate),metacyc.SBGN,metacyc.SBGN
PWY-7402.sbgn,MetaCyc,,MetaCyc,PWY-7402,benzoate fermentation (to acetate and cyclohexane carboxylate),metacyc.SBGN,metacyc.SBGN
PWY-7403.sbgn,MetaCyc,,MetaCyc,PWY-7403,tetramethylpyrazine degradation,metacyc.SBGN,metacyc.SBGN
PWY-7404.sbgn,MetaCyc,,MetaCyc,PWY-7404,ceramide phosphoethanolamine biosynthesis,metacyc.SBGN,metacyc.SBGN
PWY-7405.sbgn,MetaCyc,,MetaCyc,PWY-7405,aurachin RE biosynthesis,metacyc.SBGN,metacyc.SBGN
PWY-7407.sbgn,MetaCyc,,MetaCyc,PWY-7407,"aurachin A, B, C and D biosynthesis",metacyc.SBGN,metacyc.SBGN
PWY-7409.sbgn,MetaCyc,,MetaCyc,PWY-7409,"phospholipid remodeling (phosphatidylethanolamine, yeast)",metacyc.SBGN,metacyc.SBGN
PWY-741.sbgn,MetaCyc,,MetaCyc,PWY-741,<I>p</I>-cymene degradation to <I>p</I>-cumate,metacyc.SBGN,metacyc.SBGN
PWY-7410.sbgn,MetaCyc,,MetaCyc,PWY-7410,ipsdienol biosynthesis,metacyc.SBGN,metacyc.SBGN
PWY-7411.sbgn,MetaCyc,,MetaCyc,PWY-7411,phosphatidate biosynthesis (yeast),metacyc.SBGN,metacyc.SBGN
PWY-7412.sbgn,MetaCyc,,MetaCyc,PWY-7412,mycinamicin biosynthesis,metacyc.SBGN,metacyc.SBGN
PWY-7413.sbgn,MetaCyc,,MetaCyc,PWY-7413,dTDP-6-deoxy-&alpha;-D-allose biosynthesis,metacyc.SBGN,metacyc.SBGN
PWY-7414.sbgn,MetaCyc,,MetaCyc,PWY-7414,dTDP-&alpha;-D-mycaminose biosynthesis,metacyc.SBGN,metacyc.SBGN
PWY-7415.sbgn,MetaCyc,,MetaCyc,PWY-7415,tylosin biosynthesis,metacyc.SBGN,metacyc.SBGN
PWY-7416.sbgn,MetaCyc,,MetaCyc,PWY-7416,"phospholipid remodeling (phosphatidylcholine, yeast)",metacyc.SBGN,metacyc.SBGN
PWY-7417.sbgn,MetaCyc,,MetaCyc,PWY-7417,"phospholipid remodeling (phosphatidate, yeast)",metacyc.SBGN,metacyc.SBGN
PWY-7419.sbgn,MetaCyc,,MetaCyc,PWY-7419,FR-900098 and FR-33289 antibiotics biosynthesis,metacyc.SBGN,metacyc.SBGN
PWY-7420.sbgn,MetaCyc,,MetaCyc,PWY-7420,monoacylglycerol metabolism (yeast),metacyc.SBGN,metacyc.SBGN
PWY-7421.sbgn,MetaCyc,,MetaCyc,PWY-7421,"narbomycin, pikromycin and novapikromycin biosynthesis",metacyc.SBGN,metacyc.SBGN
PWY-7422.sbgn,MetaCyc,,MetaCyc,PWY-7422,"methymycin, neomethymycin and novamethymycin biosynthesis",metacyc.SBGN,metacyc.SBGN
PWY-7423.sbgn,MetaCyc,,MetaCyc,PWY-7423,bombykol biosynthesis,metacyc.SBGN,metacyc.SBGN
PWY-7424.sbgn,MetaCyc,,MetaCyc,PWY-7424,sterol:steryl ester interconversion (yeast),metacyc.SBGN,metacyc.SBGN
PWY-7425.sbgn,MetaCyc,,MetaCyc,PWY-7425,2-chloroacrylate degradation I,metacyc.SBGN,metacyc.SBGN
PWY-7426.sbgn,MetaCyc,,MetaCyc,PWY-7426,complex <i>N</i>-linked glycan biosynthesis (vertebrates),metacyc.SBGN,metacyc.SBGN
PWY-7428.sbgn,MetaCyc,,MetaCyc,PWY-7428,2-chloroacrylate degradation II,metacyc.SBGN,metacyc.SBGN
PWY-7429.sbgn,MetaCyc,,MetaCyc,PWY-7429,arsenite oxidation II (respiratory),metacyc.SBGN,metacyc.SBGN
PWY-743.sbgn,MetaCyc,,MetaCyc,PWY-743,thiocyanate degradation II,metacyc.SBGN,metacyc.SBGN
PWY-7430.sbgn,MetaCyc,,MetaCyc,PWY-7430,indole degradation to anthranil and anthranilate,metacyc.SBGN,metacyc.SBGN
PWY-7431.sbgn,MetaCyc,,MetaCyc,PWY-7431,aromatic biogenic amine degradation (bacteria),metacyc.SBGN,metacyc.SBGN
PWY-7432.sbgn,MetaCyc,,MetaCyc,PWY-7432,"L-phenylalanine biosynthesis III (cytosolic, plants)",metacyc.SBGN,metacyc.SBGN
PWY-7433.sbgn,MetaCyc,,MetaCyc,PWY-7433,mucin core 1 and core 2 <i>O</i>-glycosylation,metacyc.SBGN,metacyc.SBGN
PWY-7434.sbgn,MetaCyc,,MetaCyc,PWY-7434,terminal <i>O</i>-glycans residues modification (via type 2 precursor disaccharide),metacyc.SBGN,metacyc.SBGN
PWY-7435.sbgn,MetaCyc,,MetaCyc,PWY-7435,mucin core 3 and core 4 <i>O</i>-glycosylation,metacyc.SBGN,metacyc.SBGN
PWY-7436.sbgn,MetaCyc,,MetaCyc,PWY-7436,vitamin E biosynthesis (tocotrienols),metacyc.SBGN,metacyc.SBGN
PWY-7437.sbgn,MetaCyc,,MetaCyc,PWY-7437,protein <i>O</i>-[<i>N</i>-acetyl]-glucosylation,metacyc.SBGN,metacyc.SBGN
PWY-7438.sbgn,MetaCyc,,MetaCyc,PWY-7438,superpathway of dTDP-glucose-derived antibiotic building blocks biosynthesis,metacyc.SBGN,metacyc.SBGN
PWY-7439.sbgn,MetaCyc,,MetaCyc,PWY-7439,dTDP-&beta;-L-evernitrose biosynthesis,metacyc.SBGN,metacyc.SBGN
PWY-7440.sbgn,MetaCyc,,MetaCyc,PWY-7440,dTDP-&beta;-L-4-<i>epi</i>-vancosamine biosynthesis,metacyc.SBGN,metacyc.SBGN
PWY-7441.sbgn,MetaCyc,,MetaCyc,PWY-7441,polymyxin A biosynthesis,metacyc.SBGN,metacyc.SBGN
PWY-7442.sbgn,MetaCyc,,MetaCyc,PWY-7442,drosopterin and aurodrosopterin biosynthesis,metacyc.SBGN,metacyc.SBGN
PWY-7443.sbgn,MetaCyc,,MetaCyc,PWY-7443,(4S)-carvone biosynthesis,metacyc.SBGN,metacyc.SBGN
PWY-7444.sbgn,MetaCyc,,MetaCyc,PWY-7444,luteolin triglucuronide biosynthesis,metacyc.SBGN,metacyc.SBGN
PWY-7445.sbgn,MetaCyc,,MetaCyc,PWY-7445,luteolin triglucuronide degradation,metacyc.SBGN,metacyc.SBGN
PWY-7446.sbgn,MetaCyc,,MetaCyc,PWY-7446,sulfoquinovose degradation I,metacyc.SBGN,metacyc.SBGN
PWY-7447.sbgn,MetaCyc,,MetaCyc,PWY-7447,2-aminoethylphosphonate degradation III,metacyc.SBGN,metacyc.SBGN
PWY-7448.sbgn,MetaCyc,,MetaCyc,PWY-7448,galloylated catechin biosynthesis,metacyc.SBGN,metacyc.SBGN
PWY-7449.sbgn,MetaCyc,,MetaCyc,PWY-7449,acylated cyanidin galactoside biosynthesis,metacyc.SBGN,metacyc.SBGN
PWY-7450.sbgn,MetaCyc,,MetaCyc,PWY-7450,anthocyanidin modification (<i>Arabidopsis</i>),metacyc.SBGN,metacyc.SBGN
PWY-7452.sbgn,MetaCyc,,MetaCyc,PWY-7452,cyanidin dimalonylglucoside biosynthesis,metacyc.SBGN,metacyc.SBGN
PWY-7455.sbgn,MetaCyc,,MetaCyc,PWY-7455,allopregnanolone biosynthesis,metacyc.SBGN,metacyc.SBGN
PWY-7456.sbgn,MetaCyc,,MetaCyc,PWY-7456,"&beta;-(1,4)-mannan degradation",metacyc.SBGN,metacyc.SBGN
PWY-7457.sbgn,MetaCyc,,MetaCyc,PWY-7457,sulfite oxidation V (SoeABC),metacyc.SBGN,metacyc.SBGN
PWY-7458.sbgn,MetaCyc,,MetaCyc,PWY-7458,violdelphin biosynthesis,metacyc.SBGN,metacyc.SBGN
PWY-7459.sbgn,MetaCyc,,MetaCyc,PWY-7459,kojibiose degradation,metacyc.SBGN,metacyc.SBGN
PWY-7460.sbgn,MetaCyc,,MetaCyc,PWY-7460,2-<i>O</i>-acetyl-3-<i>O</i>-<i>trans</i>-coutarate biosynthesis,metacyc.SBGN,metacyc.SBGN
PWY-7461.sbgn,MetaCyc,,MetaCyc,PWY-7461,hydroxycinnamate sugar acid ester biosynthesis,metacyc.SBGN,metacyc.SBGN
PWY-7462.sbgn,MetaCyc,,MetaCyc,PWY-7462,"3,3'-disulfanediyldipropannoate degradation",metacyc.SBGN,metacyc.SBGN
PWY-7463.sbgn,MetaCyc,,MetaCyc,PWY-7463,<i>N</i>-methylanthraniloyl-&beta;-<i>D</i>-glucopyranose biosynthesis,metacyc.SBGN,metacyc.SBGN
PWY-7464.sbgn,MetaCyc,,MetaCyc,PWY-7464,"cyanidin 3,7-diglucoside polyacylation biosynthesis",metacyc.SBGN,metacyc.SBGN
PWY-7465.sbgn,MetaCyc,,MetaCyc,PWY-7465,"3,3'-thiodipropanoate degradation",metacyc.SBGN,metacyc.SBGN
PWY-7466.sbgn,MetaCyc,,MetaCyc,PWY-7466,"acetone degradation III (to propane-1,2-diol)",metacyc.SBGN,metacyc.SBGN
PWY-7467.sbgn,MetaCyc,,MetaCyc,PWY-7467,"2-acetamido-4-amino-2,4,6-trideoxy-&alpha;-D-galactosyl-diphospho-<i>ditrans,octacis</i>-undecaprenol biosynthesis",metacyc.SBGN,metacyc.SBGN
PWY-7468.sbgn,MetaCyc,,MetaCyc,PWY-7468,benzoyl-&beta;-<i>D</i>-glucopyranose biosynthesis,metacyc.SBGN,metacyc.SBGN
PWY-7469.sbgn,MetaCyc,,MetaCyc,PWY-7469,gentisate degradation II,metacyc.SBGN,metacyc.SBGN
PWY-7470.sbgn,MetaCyc,,MetaCyc,PWY-7470,phosphatidylcholine biosynthesis VII,metacyc.SBGN,metacyc.SBGN
PWY-7471.sbgn,MetaCyc,,MetaCyc,PWY-7471,D-carnitine degradation I,metacyc.SBGN,metacyc.SBGN
PWY-7472.sbgn,MetaCyc,,MetaCyc,PWY-7472,D-carnitine degradation II,metacyc.SBGN,metacyc.SBGN
PWY-7473.sbgn,MetaCyc,,MetaCyc,PWY-7473,avenacin A-1 biosynthesis,metacyc.SBGN,metacyc.SBGN
PWY-7474.sbgn,MetaCyc,,MetaCyc,PWY-7474,avenacin A-2 biosynthesis,metacyc.SBGN,metacyc.SBGN
PWY-7475.sbgn,MetaCyc,,MetaCyc,PWY-7475,des-methyl avenacin A-1 biosynthesis,metacyc.SBGN,metacyc.SBGN
PWY-7476.sbgn,MetaCyc,,MetaCyc,PWY-7476,superpathway of avenacin A biosynthesis,metacyc.SBGN,metacyc.SBGN
PWY-7477.sbgn,MetaCyc,,MetaCyc,PWY-7477,momilactone A biosynthesis,metacyc.SBGN,metacyc.SBGN
PWY-7478.sbgn,MetaCyc,,MetaCyc,PWY-7478,oryzalexin D and E biosynthesis,metacyc.SBGN,metacyc.SBGN
PWY-7480.sbgn,MetaCyc,,MetaCyc,PWY-7480,"2,3-dihydroxybenzoate degradation",metacyc.SBGN,metacyc.SBGN
PWY-7481.sbgn,MetaCyc,,MetaCyc,PWY-7481,oryzalide A biosynthesis,metacyc.SBGN,metacyc.SBGN
PWY-7482.sbgn,MetaCyc,,MetaCyc,PWY-7482,cyclooctatin biosynthesis,metacyc.SBGN,metacyc.SBGN
PWY-7483.sbgn,MetaCyc,,MetaCyc,PWY-7483,elloramycin biosynthesis,metacyc.SBGN,metacyc.SBGN
PWY-7484.sbgn,MetaCyc,,MetaCyc,PWY-7484,"phytocassanes biosynthesis, shared reactions",metacyc.SBGN,metacyc.SBGN
PWY-7485.sbgn,MetaCyc,,MetaCyc,PWY-7485,tetracenomycin C biosynthesis,metacyc.SBGN,metacyc.SBGN
PWY-7487.sbgn,MetaCyc,,MetaCyc,PWY-7487,(+)-secoisolariciresinol diglucoside biosynthesis,metacyc.SBGN,metacyc.SBGN
PWY-7489.sbgn,MetaCyc,,MetaCyc,PWY-7489,"oryzalexin A, B, and C biosynthesis",metacyc.SBGN,metacyc.SBGN
PWY-7490.sbgn,MetaCyc,,MetaCyc,PWY-7490,patulin biosynthesis,metacyc.SBGN,metacyc.SBGN
PWY-7491.sbgn,MetaCyc,,MetaCyc,PWY-7491,podophyllotoxin glucosides metabolism,metacyc.SBGN,metacyc.SBGN
PWY-7492.sbgn,MetaCyc,,MetaCyc,PWY-7492,paspaline biosynthesis,metacyc.SBGN,metacyc.SBGN
PWY-7493.sbgn,MetaCyc,,MetaCyc,PWY-7493,paxilline and diprenylpaxilline biosynthesis,metacyc.SBGN,metacyc.SBGN
PWY-7494.sbgn,MetaCyc,,MetaCyc,PWY-7494,choline degradation IV,metacyc.SBGN,metacyc.SBGN
PWY-7495.sbgn,MetaCyc,,MetaCyc,PWY-7495,gossypetin metabolism,metacyc.SBGN,metacyc.SBGN
PWY-7496.sbgn,MetaCyc,,MetaCyc,PWY-7496,linuron degradation,metacyc.SBGN,metacyc.SBGN
PWY-7497.sbgn,MetaCyc,,MetaCyc,PWY-7497,3&beta;-hydroxysesquiterpene lactone biosynthesis,metacyc.SBGN,metacyc.SBGN
PWY-7498.sbgn,MetaCyc,,MetaCyc,PWY-7498,phenylpropanoids methylation (ice plant),metacyc.SBGN,metacyc.SBGN
PWY-7501.sbgn,MetaCyc,,MetaCyc,PWY-7501,phosphatidylserine biosynthesis I,metacyc.SBGN,metacyc.SBGN
PWY-7506.sbgn,MetaCyc,,MetaCyc,PWY-7506,phosphatidylserine biosynthesis II,metacyc.SBGN,metacyc.SBGN
PWY-761.sbgn,MetaCyc,,MetaCyc,PWY-761,rhizobactin 1021 biosynthesis,metacyc.SBGN,metacyc.SBGN
PWY-762.sbgn,MetaCyc,,MetaCyc,PWY-762,phospholipid desaturation,metacyc.SBGN,metacyc.SBGN
PWY-782.sbgn,MetaCyc,,MetaCyc,PWY-782,glycolipid desaturation,metacyc.SBGN,metacyc.SBGN
PWY-801.sbgn,MetaCyc,,MetaCyc,PWY-801,homocysteine and cysteine interconversion,metacyc.SBGN,metacyc.SBGN
PWY-804.sbgn,MetaCyc,,MetaCyc,PWY-804,glycolate degradation II,metacyc.SBGN,metacyc.SBGN
PWY-81.sbgn,MetaCyc,,MetaCyc,PWY-81,toluene degradation to benzoyl-CoA (anaerobic),metacyc.SBGN,metacyc.SBGN
PWY-82.sbgn,MetaCyc,,MetaCyc,PWY-82,UDP-&beta;-L-arabinose biosynthesis II (from &beta;-L-arabinose),metacyc.SBGN,metacyc.SBGN
PWY-821.sbgn,MetaCyc,,MetaCyc,PWY-821,superpathway of sulfur amino acid biosynthesis (<i>Saccharomyces cerevisiae</i>),metacyc.SBGN,metacyc.SBGN
PWY-822.sbgn,MetaCyc,,MetaCyc,PWY-822,fructan biosynthesis,metacyc.SBGN,metacyc.SBGN
PWY-83.sbgn,MetaCyc,,MetaCyc,PWY-83,monolignol glucosides biosynthesis,metacyc.SBGN,metacyc.SBGN
PWY-84.sbgn,MetaCyc,,MetaCyc,PWY-84,resveratrol biosynthesis,metacyc.SBGN,metacyc.SBGN
PWY-841.sbgn,MetaCyc,,MetaCyc,PWY-841,superpathway of purine nucleotides <i>de novo</i> biosynthesis I,metacyc.SBGN,metacyc.SBGN
PWY-842.sbgn,MetaCyc,,MetaCyc,PWY-842,starch degradation I,metacyc.SBGN,metacyc.SBGN
PWY-861.sbgn,MetaCyc,,MetaCyc,PWY-861,dhurrin biosynthesis,metacyc.SBGN,metacyc.SBGN
PWY-862.sbgn,MetaCyc,,MetaCyc,PWY-862,fructan degradation,metacyc.SBGN,metacyc.SBGN
PWY-881.sbgn,MetaCyc,,MetaCyc,PWY-881,trehalose biosynthesis II,metacyc.SBGN,metacyc.SBGN
PWY-882.sbgn,MetaCyc,,MetaCyc,PWY-882,L-ascorbate biosynthesis I (L-galactose pathway),metacyc.SBGN,metacyc.SBGN
PWY-922.sbgn,MetaCyc,,MetaCyc,PWY-922,mevalonate pathway I,metacyc.SBGN,metacyc.SBGN
PWY-981.sbgn,MetaCyc,,MetaCyc,PWY-981,salicylate biosynthesis II,metacyc.SBGN,metacyc.SBGN
PWY0-1021.sbgn,MetaCyc,,MetaCyc,PWY0-1021,L-alanine biosynthesis III,metacyc.SBGN,metacyc.SBGN
PWY0-1061.sbgn,MetaCyc,,MetaCyc,PWY0-1061,superpathway of L-alanine biosynthesis,metacyc.SBGN,metacyc.SBGN
PWY0-1182.sbgn,MetaCyc,,MetaCyc,PWY0-1182,trehalose degradation II (trehalase),metacyc.SBGN,metacyc.SBGN
PWY0-1221.sbgn,MetaCyc,,MetaCyc,PWY0-1221,putrescine degradation II,metacyc.SBGN,metacyc.SBGN
PWY0-1241.sbgn,MetaCyc,,MetaCyc,PWY0-1241,ADP-L-<i>glycero</i>-&beta;-D-<i>manno</i>-heptose biosynthesis,metacyc.SBGN,metacyc.SBGN
PWY0-1261.sbgn,MetaCyc,,MetaCyc,PWY0-1261,anhydromuropeptides recycling I,metacyc.SBGN,metacyc.SBGN
PWY0-1264.sbgn,MetaCyc,,MetaCyc,PWY0-1264,biotin-carboxyl carrier protein assembly,metacyc.SBGN,metacyc.SBGN
PWY0-1275.sbgn,MetaCyc,,MetaCyc,PWY0-1275,lipoate biosynthesis and incorporation II,metacyc.SBGN,metacyc.SBGN
PWY0-1277.sbgn,MetaCyc,,MetaCyc,PWY0-1277,3-phenylpropanoate and 3-(3-hydroxyphenyl)propanoate degradation,metacyc.SBGN,metacyc.SBGN
PWY0-1280.sbgn,MetaCyc,,MetaCyc,PWY0-1280,ethylene glycol degradation,metacyc.SBGN,metacyc.SBGN
PWY0-1295.sbgn,MetaCyc,,MetaCyc,PWY0-1295,pyrimidine ribonucleosides degradation,metacyc.SBGN,metacyc.SBGN
PWY0-1296.sbgn,MetaCyc,,MetaCyc,PWY0-1296,purine ribonucleosides degradation,metacyc.SBGN,metacyc.SBGN
PWY0-1297.sbgn,MetaCyc,,MetaCyc,PWY0-1297,superpathway of purine deoxyribonucleosides degradation,metacyc.SBGN,metacyc.SBGN
PWY0-1298.sbgn,MetaCyc,,MetaCyc,PWY0-1298,superpathway of pyrimidine deoxyribonucleosides degradation,metacyc.SBGN,metacyc.SBGN
PWY0-1299.sbgn,MetaCyc,,MetaCyc,PWY0-1299,arginine dependent acid resistance,metacyc.SBGN,metacyc.SBGN
PWY0-1300.sbgn,MetaCyc,,MetaCyc,PWY0-1300,2-<I>O</I>-&alpha;-mannosyl-D-glycerate degradation,metacyc.SBGN,metacyc.SBGN
PWY0-1301.sbgn,MetaCyc,,MetaCyc,PWY0-1301,melibiose degradation,metacyc.SBGN,metacyc.SBGN
PWY0-1303.sbgn,MetaCyc,,MetaCyc,PWY0-1303,aminopropylcadaverine biosynthesis,metacyc.SBGN,metacyc.SBGN
PWY0-1305.sbgn,MetaCyc,,MetaCyc,PWY0-1305,L-glutamate degradation IX (via 4-aminobutanoate),metacyc.SBGN,metacyc.SBGN
PWY0-1306.sbgn,MetaCyc,,MetaCyc,PWY0-1306,L-galactonate degradation,metacyc.SBGN,metacyc.SBGN
PWY0-1309.sbgn,MetaCyc,,MetaCyc,PWY0-1309,chitobiose degradation,metacyc.SBGN,metacyc.SBGN
PWY0-1312.sbgn,MetaCyc,,MetaCyc,PWY0-1312,acetate formation from acetyl-CoA I,metacyc.SBGN,metacyc.SBGN
PWY0-1313.sbgn,MetaCyc,,MetaCyc,PWY0-1313,acetate conversion to acetyl-CoA,metacyc.SBGN,metacyc.SBGN
PWY0-1314.sbgn,MetaCyc,,MetaCyc,PWY0-1314,fructose degradation,metacyc.SBGN,metacyc.SBGN
PWY0-1315.sbgn,MetaCyc,,MetaCyc,PWY0-1315,L-lactaldehyde degradation (anaerobic),metacyc.SBGN,metacyc.SBGN
PWY0-1317.sbgn,MetaCyc,,MetaCyc,PWY0-1317,L-lactaldehyde degradation (aerobic),metacyc.SBGN,metacyc.SBGN
PWY0-1319.sbgn,MetaCyc,,MetaCyc,PWY0-1319,CDP-diacylglycerol biosynthesis II,metacyc.SBGN,metacyc.SBGN
PWY0-1321.sbgn,MetaCyc,,MetaCyc,PWY0-1321,nitrate reduction III (dissimilatory),metacyc.SBGN,metacyc.SBGN
PWY0-1324.sbgn,MetaCyc,,MetaCyc,PWY0-1324,<i>N</i>-acetylneuraminate and <i>N</i>-acetylmannosamine degradation I,metacyc.SBGN,metacyc.SBGN
PWY0-1325.sbgn,MetaCyc,,MetaCyc,PWY0-1325,superpathway of L-asparagine biosynthesis,metacyc.SBGN,metacyc.SBGN
PWY0-1329.sbgn,MetaCyc,,MetaCyc,PWY0-1329,succinate to cytochrome <i>bo</i> oxidase electron transfer,metacyc.SBGN,metacyc.SBGN
PWY0-1334.sbgn,MetaCyc,,MetaCyc,PWY0-1334,NADH to cytochrome <i>bd</i> oxidase electron transfer I,metacyc.SBGN,metacyc.SBGN
PWY0-1335.sbgn,MetaCyc,,MetaCyc,PWY0-1335,NADH to cytochrome <i>bo</i> oxidase electron transfer I,metacyc.SBGN,metacyc.SBGN
PWY0-1336.sbgn,MetaCyc,,MetaCyc,PWY0-1336,NADH to fumarate electron transfer,metacyc.SBGN,metacyc.SBGN
PWY0-1337.sbgn,MetaCyc,,MetaCyc,PWY0-1337,oleate &beta;-oxidation,metacyc.SBGN,metacyc.SBGN
PWY0-1338.sbgn,MetaCyc,,MetaCyc,PWY0-1338,polymyxin resistance,metacyc.SBGN,metacyc.SBGN
PWY0-1347.sbgn,MetaCyc,,MetaCyc,PWY0-1347,NADH to trimethylamine <i>N</i>-oxide electron transfer,metacyc.SBGN,metacyc.SBGN
PWY0-1348.sbgn,MetaCyc,,MetaCyc,PWY0-1348,NADH to dimethyl sulfoxide electron transfer,metacyc.SBGN,metacyc.SBGN
PWY0-1352.sbgn,MetaCyc,,MetaCyc,PWY0-1352,nitrate reduction VIII (dissimilatory),metacyc.SBGN,metacyc.SBGN
PWY0-1353.sbgn,MetaCyc,,MetaCyc,PWY0-1353,succinate to cytochrome <i>bd</i> oxidase electron transfer,metacyc.SBGN,metacyc.SBGN
PWY0-1355.sbgn,MetaCyc,,MetaCyc,PWY0-1355,formate to trimethylamine <i>N</i>-oxide electron transfer,metacyc.SBGN,metacyc.SBGN
PWY0-1356.sbgn,MetaCyc,,MetaCyc,PWY0-1356,formate to dimethyl sulfoxide electron transfer,metacyc.SBGN,metacyc.SBGN
PWY0-1391.sbgn,MetaCyc,,MetaCyc,PWY0-1391,<i>S</i>-methyl-5'-thioadenosine degradation IV,metacyc.SBGN,metacyc.SBGN
PWY0-1415.sbgn,MetaCyc,,MetaCyc,PWY0-1415,superpathway of heme <i>b</i> biosynthesis from uroporphyrinogen-III,metacyc.SBGN,metacyc.SBGN
PWY0-1433.sbgn,MetaCyc,,MetaCyc,PWY0-1433,tetrahydromonapterin biosynthesis,metacyc.SBGN,metacyc.SBGN
PWY0-1465.sbgn,MetaCyc,,MetaCyc,PWY0-1465,D-malate degradation,metacyc.SBGN,metacyc.SBGN
PWY0-1466.sbgn,MetaCyc,,MetaCyc,PWY0-1466,trehalose degradation VI (periplasmic),metacyc.SBGN,metacyc.SBGN
PWY0-1471.sbgn,MetaCyc,,MetaCyc,PWY0-1471,uracil degradation III,metacyc.SBGN,metacyc.SBGN
PWY0-1477.sbgn,MetaCyc,,MetaCyc,PWY0-1477,ethanolamine utilization,metacyc.SBGN,metacyc.SBGN
PWY0-1479.sbgn,MetaCyc,,MetaCyc,PWY0-1479,tRNA processing,metacyc.SBGN,metacyc.SBGN
PWY0-1507.sbgn,MetaCyc,,MetaCyc,PWY0-1507,biotin biosynthesis from 8-amino-7-oxononanoate I,metacyc.SBGN,metacyc.SBGN
PWY0-1517.sbgn,MetaCyc,,MetaCyc,PWY0-1517,sedoheptulose bisphosphate bypass,metacyc.SBGN,metacyc.SBGN
PWY0-1527.sbgn,MetaCyc,,MetaCyc,PWY0-1527,curcumin degradation,metacyc.SBGN,metacyc.SBGN
PWY0-1533.sbgn,MetaCyc,,MetaCyc,PWY0-1533,methylphosphonate degradation I,metacyc.SBGN,metacyc.SBGN
PWY0-1534.sbgn,MetaCyc,,MetaCyc,PWY0-1534,hydrogen sulfide biosynthesis I,metacyc.SBGN,metacyc.SBGN
PWY0-1535.sbgn,MetaCyc,,MetaCyc,PWY0-1535,D-serine degradation,metacyc.SBGN,metacyc.SBGN
PWY0-1544.sbgn,MetaCyc,,MetaCyc,PWY0-1544,proline to cytochrome <i>bo</i> oxidase electron transfer,metacyc.SBGN,metacyc.SBGN
PWY0-1545.sbgn,MetaCyc,,MetaCyc,PWY0-1545,cardiolipin biosynthesis III,metacyc.SBGN,metacyc.SBGN
PWY0-1546.sbgn,MetaCyc,,MetaCyc,PWY0-1546,muropeptide degradation,metacyc.SBGN,metacyc.SBGN
PWY0-1554.sbgn,MetaCyc,,MetaCyc,PWY0-1554,5-(carboxymethoxy)uridine biosynthesis,metacyc.SBGN,metacyc.SBGN
PWY0-162.sbgn,MetaCyc,,MetaCyc,PWY0-162,superpathway of pyrimidine ribonucleotides <i>de novo</i> biosynthesis,metacyc.SBGN,metacyc.SBGN
PWY0-166.sbgn,MetaCyc,,MetaCyc,PWY0-166,superpathway of pyrimidine deoxyribonucleotides <i>de novo</i> biosynthesis (E. coli),metacyc.SBGN,metacyc.SBGN
PWY0-301.sbgn,MetaCyc,,MetaCyc,PWY0-301,"L-ascorbate degradation I (bacterial, anaerobic)",metacyc.SBGN,metacyc.SBGN
PWY0-321.sbgn,MetaCyc,,MetaCyc,PWY0-321,phenylacetate degradation I (aerobic),metacyc.SBGN,metacyc.SBGN
PWY0-381.sbgn,MetaCyc,,MetaCyc,PWY0-381,glycerol and glycerophosphodiester degradation,metacyc.SBGN,metacyc.SBGN
PWY0-41.sbgn,MetaCyc,,MetaCyc,PWY0-41,allantoin degradation IV (anaerobic),metacyc.SBGN,metacyc.SBGN
PWY0-42.sbgn,MetaCyc,,MetaCyc,PWY0-42,2-methylcitrate cycle I,metacyc.SBGN,metacyc.SBGN
PWY0-43.sbgn,MetaCyc,,MetaCyc,PWY0-43,conversion of succinate to propanoate,metacyc.SBGN,metacyc.SBGN
PWY0-44.sbgn,MetaCyc,,MetaCyc,PWY0-44,D-allose degradation,metacyc.SBGN,metacyc.SBGN
PWY0-461.sbgn,MetaCyc,,MetaCyc,PWY0-461,L-lysine degradation I,metacyc.SBGN,metacyc.SBGN
PWY0-501.sbgn,MetaCyc,,MetaCyc,PWY0-501,lipoate biosynthesis and incorporation I,metacyc.SBGN,metacyc.SBGN
PWY0-521.sbgn,MetaCyc,,MetaCyc,PWY0-521,fructoselysine and psicoselysine degradation,metacyc.SBGN,metacyc.SBGN
PWY0-522.sbgn,MetaCyc,,MetaCyc,PWY0-522,lipoate salvage I,metacyc.SBGN,metacyc.SBGN
PWY0-541.sbgn,MetaCyc,,MetaCyc,PWY0-541,cyclopropane fatty acid (CFA) biosynthesis,metacyc.SBGN,metacyc.SBGN
PWY0-662.sbgn,MetaCyc,,MetaCyc,PWY0-662,PRPP biosynthesis I,metacyc.SBGN,metacyc.SBGN
PWY0-781.sbgn,MetaCyc,,MetaCyc,PWY0-781,aspartate superpathway,metacyc.SBGN,metacyc.SBGN
PWY0-823.sbgn,MetaCyc,,MetaCyc,PWY0-823,L-arginine degradation III (arginine decarboxylase/agmatinase pathway),metacyc.SBGN,metacyc.SBGN
PWY0-845.sbgn,MetaCyc,,MetaCyc,PWY0-845,superpathway of pyridoxal 5'-phosphate biosynthesis and salvage,metacyc.SBGN,metacyc.SBGN
PWY0-862.sbgn,MetaCyc,,MetaCyc,PWY0-862,(5Z)-dodec-5-enoate biosynthesis I,metacyc.SBGN,metacyc.SBGN
PWY0-881.sbgn,MetaCyc,,MetaCyc,PWY0-881,superpathway of fatty acid biosynthesis I (E. coli),metacyc.SBGN,metacyc.SBGN
PWY0-901.sbgn,MetaCyc,,MetaCyc,PWY0-901,L-selenocysteine biosynthesis I (bacteria),metacyc.SBGN,metacyc.SBGN
PWY0-981.sbgn,MetaCyc,,MetaCyc,PWY0-981,taurine degradation IV,metacyc.SBGN,metacyc.SBGN
PWY1-2.sbgn,MetaCyc,,MetaCyc,PWY1-2,L-alanine degradation IV,metacyc.SBGN,metacyc.SBGN
PWY1-3.sbgn,MetaCyc,,MetaCyc,PWY1-3,polyhydroxybutanoate biosynthesis,metacyc.SBGN,metacyc.SBGN
PWY1A0-6325.sbgn,MetaCyc,,MetaCyc,PWY1A0-6325,actinorhodin biosynthesis,metacyc.SBGN,metacyc.SBGN
PWY1F-353.sbgn,MetaCyc,,MetaCyc,PWY1F-353,glycine betaine biosynthesis III (plants),metacyc.SBGN,metacyc.SBGN
PWY1F-467.sbgn,MetaCyc,,MetaCyc,PWY1F-467,"phenylpropanoid biosynthesis, initial reactions",metacyc.SBGN,metacyc.SBGN
PWY1F-823.sbgn,MetaCyc,,MetaCyc,PWY1F-823,leucopelargonidin and leucocyanidin biosynthesis,metacyc.SBGN,metacyc.SBGN
PWY1F-FLAVSYN.sbgn,MetaCyc,,MetaCyc,PWY1F-FLAVSYN,flavonoid biosynthesis,metacyc.SBGN,metacyc.SBGN
PWY1G-0.sbgn,MetaCyc,,MetaCyc,PWY1G-0,mycothiol biosynthesis,metacyc.SBGN,metacyc.SBGN
PWY1G-1.sbgn,MetaCyc,,MetaCyc,PWY1G-1,mycothiol-mediated detoxification,metacyc.SBGN,metacyc.SBGN
PWY1G-126.sbgn,MetaCyc,,MetaCyc,PWY1G-126,mycothiol oxidation,metacyc.SBGN,metacyc.SBGN
PWY1G-170.sbgn,MetaCyc,,MetaCyc,PWY1G-170,formaldehyde oxidation III (mycothiol-dependent),metacyc.SBGN,metacyc.SBGN
PWY2OL-4.sbgn,MetaCyc,,MetaCyc,PWY2OL-4,superpathway of linalool biosynthesis,metacyc.SBGN,metacyc.SBGN
PWY3DJ-11281.sbgn,MetaCyc,,MetaCyc,PWY3DJ-11281,sphingomyelin metabolism,metacyc.SBGN,metacyc.SBGN
PWY3DJ-11470.sbgn,MetaCyc,,MetaCyc,PWY3DJ-11470,sphingosine and sphingosine-1-phosphate metabolism,metacyc.SBGN,metacyc.SBGN
PWY3DJ-12.sbgn,MetaCyc,,MetaCyc,PWY3DJ-12,ceramide <i>de novo</i> biosynthesis,metacyc.SBGN,metacyc.SBGN
PWY3DJ-35471.sbgn,MetaCyc,,MetaCyc,PWY3DJ-35471,L-ascorbate biosynthesis IV,metacyc.SBGN,metacyc.SBGN
PWY3O-1109.sbgn,MetaCyc,,MetaCyc,PWY3O-1109,superpathway of 4-hydroxybenzoate biosynthesis (yeast),metacyc.SBGN,metacyc.SBGN
PWY3O-19.sbgn,MetaCyc,,MetaCyc,PWY3O-19,ubiquinol-6 biosynthesis from 4-hydroxybenzoate (eukaryotic),metacyc.SBGN,metacyc.SBGN
PWY3O-246.sbgn,MetaCyc,,MetaCyc,PWY3O-246,"(R,R)-butanediol degradation",metacyc.SBGN,metacyc.SBGN
PWY3O-355.sbgn,MetaCyc,,MetaCyc,PWY3O-355,stearate biosynthesis III (fungi),metacyc.SBGN,metacyc.SBGN
PWY3O-4106.sbgn,MetaCyc,,MetaCyc,PWY3O-4106,NAD salvage pathway IV,metacyc.SBGN,metacyc.SBGN
PWY3O-4108.sbgn,MetaCyc,,MetaCyc,PWY3O-4108,L-tyrosine degradation III,metacyc.SBGN,metacyc.SBGN
PWY3O-440.sbgn,MetaCyc,,MetaCyc,PWY3O-440,pyruvate fermentation to acetoin III,metacyc.SBGN,metacyc.SBGN
PWY3O-450.sbgn,MetaCyc,,MetaCyc,PWY3O-450,phosphatidylcholine biosynthesis I,metacyc.SBGN,metacyc.SBGN
PWY3O-6.sbgn,MetaCyc,,MetaCyc,PWY3O-6,"dehydro-D-arabinono-1,4-lactone biosynthesis",metacyc.SBGN,metacyc.SBGN
PWY490-3.sbgn,MetaCyc,,MetaCyc,PWY490-3,nitrate reduction VI (assimilatory),metacyc.SBGN,metacyc.SBGN
PWY490-4.sbgn,MetaCyc,,MetaCyc,PWY490-4,L-asparagine biosynthesis III (tRNA-dependent),metacyc.SBGN,metacyc.SBGN
PWY4FS-11.sbgn,MetaCyc,,MetaCyc,PWY4FS-11,L-ascorbate biosynthesis II (L-gulose pathway),metacyc.SBGN,metacyc.SBGN
PWY4FS-12.sbgn,MetaCyc,,MetaCyc,PWY4FS-12,VTC2 cycle,metacyc.SBGN,metacyc.SBGN
PWY4FS-13.sbgn,MetaCyc,,MetaCyc,PWY4FS-13,extended VTC2 cycle,metacyc.SBGN,metacyc.SBGN
PWY4FS-17.sbgn,MetaCyc,,MetaCyc,PWY4FS-17,abscisic acid biosynthesis shunt,metacyc.SBGN,metacyc.SBGN
PWY4FS-2.sbgn,MetaCyc,,MetaCyc,PWY4FS-2,phosphatidylcholine biosynthesis II,metacyc.SBGN,metacyc.SBGN
PWY4FS-3.sbgn,MetaCyc,,MetaCyc,PWY4FS-3,phosphatidylcholine biosynthesis III,metacyc.SBGN,metacyc.SBGN
PWY4FS-4.sbgn,MetaCyc,,MetaCyc,PWY4FS-4,phosphatidylcholine biosynthesis IV,metacyc.SBGN,metacyc.SBGN
PWY4FS-5.sbgn,MetaCyc,,MetaCyc,PWY4FS-5,superpathway of phosphatidylcholine biosynthesis,metacyc.SBGN,metacyc.SBGN
PWY4FS-6.sbgn,MetaCyc,,MetaCyc,PWY4FS-6,phosphatidylethanolamine biosynthesis II,metacyc.SBGN,metacyc.SBGN
PWY4FS-7.sbgn,MetaCyc,,MetaCyc,PWY4FS-7,phosphatidylglycerol biosynthesis I (plastidic),metacyc.SBGN,metacyc.SBGN
PWY4FS-8.sbgn,MetaCyc,,MetaCyc,PWY4FS-8,phosphatidylglycerol biosynthesis II (non-plastidic),metacyc.SBGN,metacyc.SBGN
PWY4LZ-257.sbgn,MetaCyc,,MetaCyc,PWY4LZ-257,superpathway of fermentation (<i>Chlamydomonas reinhardtii</i>),metacyc.SBGN,metacyc.SBGN
PWY5F9-12.sbgn,MetaCyc,,MetaCyc,PWY5F9-12,biphenyl degradation,metacyc.SBGN,metacyc.SBGN
PWY5F9-3233.sbgn,MetaCyc,,MetaCyc,PWY5F9-3233,phthalate degradation,metacyc.SBGN,metacyc.SBGN
PWY66-161.sbgn,MetaCyc,,MetaCyc,PWY66-161,ethanol degradation III,metacyc.SBGN,metacyc.SBGN
PWY66-162.sbgn,MetaCyc,,MetaCyc,PWY66-162,ethanol degradation IV,metacyc.SBGN,metacyc.SBGN
PWY66-201.sbgn,MetaCyc,,MetaCyc,PWY66-201,nicotine degradation IV,metacyc.SBGN,metacyc.SBGN
PWY66-21.sbgn,MetaCyc,,MetaCyc,PWY66-21,ethanol degradation II,metacyc.SBGN,metacyc.SBGN
PWY66-221.sbgn,MetaCyc,,MetaCyc,PWY66-221,nicotine degradation V,metacyc.SBGN,metacyc.SBGN
PWY66-241.sbgn,MetaCyc,,MetaCyc,PWY66-241,bupropion degradation,metacyc.SBGN,metacyc.SBGN
PWY66-3.sbgn,MetaCyc,,MetaCyc,PWY66-3,"cholesterol biosynthesis II (via 24,25-dihydrolanosterol)",metacyc.SBGN,metacyc.SBGN
PWY66-301.sbgn,MetaCyc,,MetaCyc,PWY66-301,catecholamine biosynthesis,metacyc.SBGN,metacyc.SBGN
PWY66-341.sbgn,MetaCyc,,MetaCyc,PWY66-341,cholesterol biosynthesis I,metacyc.SBGN,metacyc.SBGN
PWY66-366.sbgn,MetaCyc,,MetaCyc,PWY66-366,flavin biosynthesis IV (mammalian),metacyc.SBGN,metacyc.SBGN
PWY66-367.sbgn,MetaCyc,,MetaCyc,PWY66-367,ketogenesis,metacyc.SBGN,metacyc.SBGN
PWY66-368.sbgn,MetaCyc,,MetaCyc,PWY66-368,ketolysis,metacyc.SBGN,metacyc.SBGN
PWY66-373.sbgn,MetaCyc,,MetaCyc,PWY66-373,sucrose degradation V (sucrose &alpha;-glucosidase),metacyc.SBGN,metacyc.SBGN
PWY66-374.sbgn,MetaCyc,,MetaCyc,PWY66-374,C20 prostanoid biosynthesis,metacyc.SBGN,metacyc.SBGN
PWY66-375.sbgn,MetaCyc,,MetaCyc,PWY66-375,leukotriene biosynthesis,metacyc.SBGN,metacyc.SBGN
PWY66-377.sbgn,MetaCyc,,MetaCyc,PWY66-377,pregnenolone biosynthesis,metacyc.SBGN,metacyc.SBGN
PWY66-378.sbgn,MetaCyc,,MetaCyc,PWY66-378,androgen biosynthesis,metacyc.SBGN,metacyc.SBGN
PWY66-380.sbgn,MetaCyc,,MetaCyc,PWY66-380,estradiol biosynthesis I (via estrone),metacyc.SBGN,metacyc.SBGN
PWY66-381.sbgn,MetaCyc,,MetaCyc,PWY66-381,glucocorticoid biosynthesis,metacyc.SBGN,metacyc.SBGN
PWY66-382.sbgn,MetaCyc,,MetaCyc,PWY66-382,mineralocorticoid biosynthesis,metacyc.SBGN,metacyc.SBGN
PWY66-387.sbgn,MetaCyc,,MetaCyc,PWY66-387,fatty acid &alpha;-oxidation II,metacyc.SBGN,metacyc.SBGN
PWY66-388.sbgn,MetaCyc,,MetaCyc,PWY66-388,fatty acid &alpha;-oxidation III,metacyc.SBGN,metacyc.SBGN
PWY66-389.sbgn,MetaCyc,,MetaCyc,PWY66-389,phytol degradation,metacyc.SBGN,metacyc.SBGN
PWY66-391.sbgn,MetaCyc,,MetaCyc,PWY66-391,fatty acid &beta;-oxidation VI (peroxisome),metacyc.SBGN,metacyc.SBGN
PWY66-392.sbgn,MetaCyc,,MetaCyc,PWY66-392,lipoxin biosynthesis,metacyc.SBGN,metacyc.SBGN
PWY66-393.sbgn,MetaCyc,,MetaCyc,PWY66-393,aspirin-triggered lipoxin biosynthesis,metacyc.SBGN,metacyc.SBGN
PWY66-394.sbgn,MetaCyc,,MetaCyc,PWY66-394,aspirin triggered resolvin E biosynthesis,metacyc.SBGN,metacyc.SBGN
PWY66-395.sbgn,MetaCyc,,MetaCyc,PWY66-395,aspirin triggered resolvin D biosynthesis,metacyc.SBGN,metacyc.SBGN
PWY66-397.sbgn,MetaCyc,,MetaCyc,PWY66-397,resolvin D biosynthesis,metacyc.SBGN,metacyc.SBGN
PWY66-398.sbgn,MetaCyc,,MetaCyc,PWY66-398,TCA cycle III (animals),metacyc.SBGN,metacyc.SBGN
PWY66-399.sbgn,MetaCyc,,MetaCyc,PWY66-399,gluconeogenesis III,metacyc.SBGN,metacyc.SBGN
PWY66-4.sbgn,MetaCyc,,MetaCyc,PWY66-4,cholesterol biosynthesis III (via desmosterol),metacyc.SBGN,metacyc.SBGN
PWY66-409.sbgn,MetaCyc,,MetaCyc,PWY66-409,superpathway of purine nucleotide salvage,metacyc.SBGN,metacyc.SBGN
PWY66-420.sbgn,MetaCyc,,MetaCyc,PWY66-420,carnosine biosynthesis,metacyc.SBGN,metacyc.SBGN
PWY66-422.sbgn,MetaCyc,,MetaCyc,PWY66-422,D-galactose degradation V (Leloir pathway),metacyc.SBGN,metacyc.SBGN
PWY66-425.sbgn,MetaCyc,,MetaCyc,PWY66-425,L-lysine degradation II (L-pipecolate pathway),metacyc.SBGN,metacyc.SBGN
PWY66-426.sbgn,MetaCyc,,MetaCyc,PWY66-426,hydrogen sulfide biosynthesis II (mammalian),metacyc.SBGN,metacyc.SBGN
PWY66-428.sbgn,MetaCyc,,MetaCyc,PWY66-428,L-threonine degradation V,metacyc.SBGN,metacyc.SBGN
PWY66-5.sbgn,MetaCyc,,MetaCyc,PWY66-5,superpathway of cholesterol biosynthesis,metacyc.SBGN,metacyc.SBGN
PWY6666-1.sbgn,MetaCyc,,MetaCyc,PWY6666-1,anandamide degradation,metacyc.SBGN,metacyc.SBGN
PWY6666-2.sbgn,MetaCyc,,MetaCyc,PWY6666-2,dopamine degradation,metacyc.SBGN,metacyc.SBGN
PWY8J2-1.sbgn,MetaCyc,,MetaCyc,PWY8J2-1,bacillithiol biosynthesis,metacyc.SBGN,metacyc.SBGN
PWY8J2-20.sbgn,MetaCyc,,MetaCyc,PWY8J2-20,pulcherrimin biosynthesis,metacyc.SBGN,metacyc.SBGN
PWY8J2-22.sbgn,MetaCyc,,MetaCyc,PWY8J2-22,kanosamine biosynthesis II,metacyc.SBGN,metacyc.SBGN
PWYDQC-4.sbgn,MetaCyc,,MetaCyc,PWYDQC-4,indole-3-acetate biosynthesis I,metacyc.SBGN,metacyc.SBGN
PWYG-321.sbgn,MetaCyc,,MetaCyc,PWYG-321,mycolate biosynthesis,metacyc.SBGN,metacyc.SBGN
PWYQT-4427.sbgn,MetaCyc,,MetaCyc,PWYQT-4427,sulfoquinovosyl diacylglycerol biosynthesis,metacyc.SBGN,metacyc.SBGN
PWYQT-4429.sbgn,MetaCyc,,MetaCyc,PWYQT-4429,CO<sub>2</sub> fixation into oxaloacetate (anaplerotic),metacyc.SBGN,metacyc.SBGN
PWYQT-4450.sbgn,MetaCyc,,MetaCyc,PWYQT-4450,"aliphatic glucosinolate biosynthesis, side chain elongation cycle",metacyc.SBGN,metacyc.SBGN
PWYQT-4471.sbgn,MetaCyc,,MetaCyc,PWYQT-4471,glucosinolate biosynthesis from dihomomethionine,metacyc.SBGN,metacyc.SBGN
PWYQT-4472.sbgn,MetaCyc,,MetaCyc,PWYQT-4472,glucosinolate biosynthesis from trihomomethionine,metacyc.SBGN,metacyc.SBGN
PWYQT-4473.sbgn,MetaCyc,,MetaCyc,PWYQT-4473,glucosinolate biosynthesis from tetrahomomethionine,metacyc.SBGN,metacyc.SBGN
PWYQT-4474.sbgn,MetaCyc,,MetaCyc,PWYQT-4474,glucosinolate biosynthesis from pentahomomethionine,metacyc.SBGN,metacyc.SBGN
PWYQT-4475.sbgn,MetaCyc,,MetaCyc,PWYQT-4475,glucosinolate biosynthesis from hexahomomethionine,metacyc.SBGN,metacyc.SBGN
PWYQT-4476.sbgn,MetaCyc,,MetaCyc,PWYQT-4476,indole glucosinolate activation (herbivore attack),metacyc.SBGN,metacyc.SBGN
PWYQT-4477.sbgn,MetaCyc,,MetaCyc,PWYQT-4477,indole glucosinolate activation (intact plant cell),metacyc.SBGN,metacyc.SBGN
PYRIDNUCSAL-PWY.sbgn,MetaCyc,,MetaCyc,PYRIDNUCSAL-PWY,NAD salvage pathway I,metacyc.SBGN,metacyc.SBGN
PYRIDNUCSYN-PWY.sbgn,MetaCyc,,MetaCyc,PYRIDNUCSYN-PWY,NAD biosynthesis I (from aspartate),metacyc.SBGN,metacyc.SBGN
PYRIDOXSYN-PWY.sbgn,MetaCyc,,MetaCyc,PYRIDOXSYN-PWY,pyridoxal 5'-phosphate biosynthesis I,metacyc.SBGN,metacyc.SBGN
PYRUVDEHYD-PWY.sbgn,MetaCyc,,MetaCyc,PYRUVDEHYD-PWY,pyruvate decarboxylation to acetyl CoA,metacyc.SBGN,metacyc.SBGN
QUINATEDEG-PWY.sbgn,MetaCyc,,MetaCyc,QUINATEDEG-PWY,quinate degradation I,metacyc.SBGN,metacyc.SBGN
REDCITCYC.sbgn,MetaCyc,,MetaCyc,REDCITCYC,TCA cycle VIII (helicobacter),metacyc.SBGN,metacyc.SBGN
RHAMCAT-PWY.sbgn,MetaCyc,,MetaCyc,RHAMCAT-PWY,L-rhamnose degradation I,metacyc.SBGN,metacyc.SBGN
RIBITOLUTIL-PWY.sbgn,MetaCyc,,MetaCyc,RIBITOLUTIL-PWY,ribitol degradation,metacyc.SBGN,metacyc.SBGN
RIBOKIN-PWY.sbgn,MetaCyc,,MetaCyc,RIBOKIN-PWY,ribose phosphorylation,metacyc.SBGN,metacyc.SBGN
RIBOSYN2-PWY.sbgn,MetaCyc,,MetaCyc,RIBOSYN2-PWY,flavin biosynthesis I (bacteria and plants),metacyc.SBGN,metacyc.SBGN
RUMP-PWY.sbgn,MetaCyc,,MetaCyc,RUMP-PWY,formaldehyde oxidation I,metacyc.SBGN,metacyc.SBGN
SALVADEHYPOX-PWY.sbgn,MetaCyc,,MetaCyc,SALVADEHYPOX-PWY,adenosine nucleotides degradation II,metacyc.SBGN,metacyc.SBGN
SALVPURINE2-PWY.sbgn,MetaCyc,,MetaCyc,SALVPURINE2-PWY,xanthine and xanthosine salvage,metacyc.SBGN,metacyc.SBGN
SAM-PWY.sbgn,MetaCyc,,MetaCyc,SAM-PWY,S-adenosyl-L-methionine biosynthesis,metacyc.SBGN,metacyc.SBGN
SER-GLYSYN-PWY.sbgn,MetaCyc,,MetaCyc,SER-GLYSYN-PWY,superpathway of L-serine and glycine biosynthesis I,metacyc.SBGN,metacyc.SBGN
SERDEG-PWY.sbgn,MetaCyc,,MetaCyc,SERDEG-PWY,L-serine degradation,metacyc.SBGN,metacyc.SBGN
SERSYN-PWY.sbgn,MetaCyc,,MetaCyc,SERSYN-PWY,L-serine biosynthesis,metacyc.SBGN,metacyc.SBGN
SHIKIMATEDEG-PWY.sbgn,MetaCyc,,MetaCyc,SHIKIMATEDEG-PWY,shikimate degradation I,metacyc.SBGN,metacyc.SBGN
SO4ASSIM-PWY.sbgn,MetaCyc,,MetaCyc,SO4ASSIM-PWY,sulfate reduction I (assimilatory),metacyc.SBGN,metacyc.SBGN
SOPHOROSYLOXYDOCOSANOATE-DEG-PWY.sbgn,MetaCyc,,MetaCyc,SOPHOROSYLOXYDOCOSANOATE-DEG-PWY,sophorosyloxydocosanoate deacetylation,metacyc.SBGN,metacyc.SBGN
SOPHOROSYLOXYDOCOSANOATE-SYN-PWY.sbgn,MetaCyc,,MetaCyc,SOPHOROSYLOXYDOCOSANOATE-SYN-PWY,sophorolipid biosynthesis,metacyc.SBGN,metacyc.SBGN
SORBDEG-PWY.sbgn,MetaCyc,,MetaCyc,SORBDEG-PWY,D-sorbitol degradation II,metacyc.SBGN,metacyc.SBGN
SPHINGOLIPID-SYN-PWY.sbgn,MetaCyc,,MetaCyc,SPHINGOLIPID-SYN-PWY,sphingolipid biosynthesis (yeast),metacyc.SBGN,metacyc.SBGN
SUCROSEUTIL2-PWY.sbgn,MetaCyc,,MetaCyc,SUCROSEUTIL2-PWY,sucrose degradation VII (sucrose 3-dehydrogenase),metacyc.SBGN,metacyc.SBGN
SUCSYN-PWY.sbgn,MetaCyc,,MetaCyc,SUCSYN-PWY,sucrose biosynthesis I (from photosynthesis),metacyc.SBGN,metacyc.SBGN
SUCUTIL-PWY.sbgn,MetaCyc,,MetaCyc,SUCUTIL-PWY,sucrose degradation I (sucrose phosphotransferase),metacyc.SBGN,metacyc.SBGN
SULFATE-CYS-PWY.sbgn,MetaCyc,,MetaCyc,SULFATE-CYS-PWY,superpathway of sulfate assimilation and cysteine biosynthesis,metacyc.SBGN,metacyc.SBGN
SULFMETII-PWY.sbgn,MetaCyc,,MetaCyc,SULFMETII-PWY,sulfate reduction II (assimilatory),metacyc.SBGN,metacyc.SBGN
SULFUROX-PWY.sbgn,MetaCyc,,MetaCyc,SULFUROX-PWY,sulfur oxidation I (aerobic),metacyc.SBGN,metacyc.SBGN
TAURINEDEG-PWY.sbgn,MetaCyc,,MetaCyc,TAURINEDEG-PWY,taurine degradation III,metacyc.SBGN,metacyc.SBGN
TCA-GLYOX-BYPASS.sbgn,MetaCyc,,MetaCyc,TCA-GLYOX-BYPASS,superpathway of glyoxylate bypass and TCA,metacyc.SBGN,metacyc.SBGN
TCA.sbgn,MetaCyc,,MetaCyc,TCA,TCA cycle I (prokaryotic),metacyc.SBGN,metacyc.SBGN
TEICHOICACID-PWY.sbgn,MetaCyc,,MetaCyc,TEICHOICACID-PWY,poly(glycerol phosphate) wall teichoic acid biosynthesis,metacyc.SBGN,metacyc.SBGN
THIOREDOX-PWY.sbgn,MetaCyc,,MetaCyc,THIOREDOX-PWY,thioredoxin pathway,metacyc.SBGN,metacyc.SBGN
THIOSULFOX-PWY.sbgn,MetaCyc,,MetaCyc,THIOSULFOX-PWY,thiosulfate oxidation I (to tetrathionate),metacyc.SBGN,metacyc.SBGN
THISYN-PWY.sbgn,MetaCyc,,MetaCyc,THISYN-PWY,superpathway of thiamine diphosphate biosynthesis I,metacyc.SBGN,metacyc.SBGN
THISYNARA-PWY.sbgn,MetaCyc,,MetaCyc,THISYNARA-PWY,superpathway of thiamine diphosphate biosynthesis III (eukaryotes),metacyc.SBGN,metacyc.SBGN
THRDLCTCAT-PWY.sbgn,MetaCyc,,MetaCyc,THRDLCTCAT-PWY,L-threonine degradation III (to methylglyoxal),metacyc.SBGN,metacyc.SBGN
THREOCAT-PWY.sbgn,MetaCyc,,MetaCyc,THREOCAT-PWY,superpathway of L-threonine metabolism,metacyc.SBGN,metacyc.SBGN
THREONINE-DEG2-PWY.sbgn,MetaCyc,,MetaCyc,THREONINE-DEG2-PWY,L-threonine degradation II,metacyc.SBGN,metacyc.SBGN
THRESYN-PWY.sbgn,MetaCyc,,MetaCyc,THRESYN-PWY,superpathway of L-threonine biosynthesis,metacyc.SBGN,metacyc.SBGN
TOLSULFDEG-PWY.sbgn,MetaCyc,,MetaCyc,TOLSULFDEG-PWY,4-toluenesulfonate degradation I,metacyc.SBGN,metacyc.SBGN
TOLUENE-DEG-2-OH-PWY.sbgn,MetaCyc,,MetaCyc,TOLUENE-DEG-2-OH-PWY,toluene degradation to 2-oxopent-4-enoate I (<I>via</I> <i>o</I>-cresol),metacyc.SBGN,metacyc.SBGN
TOLUENE-DEG-3-OH-PWY.sbgn,MetaCyc,,MetaCyc,TOLUENE-DEG-3-OH-PWY,toluene degradation to 2-oxopent-4-enoate (<I>via 4-methylcatechol</i>),metacyc.SBGN,metacyc.SBGN
TOLUENE-DEG-4-OH-PWY.sbgn,MetaCyc,,MetaCyc,TOLUENE-DEG-4-OH-PWY,toluene degradation to 4-methylphenol,metacyc.SBGN,metacyc.SBGN
TOLUENE-DEG-CATECHOL-PWY.sbgn,MetaCyc,,MetaCyc,TOLUENE-DEG-CATECHOL-PWY,toluene degradation to benzoate,metacyc.SBGN,metacyc.SBGN
TOLUENE-DEG-DIOL-PWY.sbgn,MetaCyc,,MetaCyc,TOLUENE-DEG-DIOL-PWY,toluene degradation to 2-oxopent-4-enoate (<I>via</I> toluene-<I>cis</I>-diol),metacyc.SBGN,metacyc.SBGN
TREDEGLOW-PWY.sbgn,MetaCyc,,MetaCyc,TREDEGLOW-PWY,trehalose degradation I (low osmolarity),metacyc.SBGN,metacyc.SBGN
TREHALOSESYN-PWY.sbgn,MetaCyc,,MetaCyc,TREHALOSESYN-PWY,trehalose biosynthesis III,metacyc.SBGN,metacyc.SBGN
TRESYN-PWY.sbgn,MetaCyc,,MetaCyc,TRESYN-PWY,trehalose biosynthesis I,metacyc.SBGN,metacyc.SBGN
TRIGLSYN-PWY.sbgn,MetaCyc,,MetaCyc,TRIGLSYN-PWY,diacylglycerol and triacylglycerol biosynthesis,metacyc.SBGN,metacyc.SBGN
TRNA-CHARGING-PWY.sbgn,MetaCyc,,MetaCyc,TRNA-CHARGING-PWY,tRNA charging,metacyc.SBGN,metacyc.SBGN
TRPCAT-PWY.sbgn,MetaCyc,,MetaCyc,TRPCAT-PWY,L-tryptophan degradation I (via anthranilate),metacyc.SBGN,metacyc.SBGN
TRPIAACAT-PWY.sbgn,MetaCyc,,MetaCyc,TRPIAACAT-PWY,indole-3-acetate biosynthesis VI (bacteria),metacyc.SBGN,metacyc.SBGN
TRPKYNCAT-PWY.sbgn,MetaCyc,,MetaCyc,TRPKYNCAT-PWY,L-tryptophan degradation IV (via indole-3-lactate),metacyc.SBGN,metacyc.SBGN
TRPSYN-PWY.sbgn,MetaCyc,,MetaCyc,TRPSYN-PWY,L-tryptophan biosynthesis,metacyc.SBGN,metacyc.SBGN
TRYPANOSYN-PWY.sbgn,MetaCyc,,MetaCyc,TRYPANOSYN-PWY,trypanothione biosynthesis,metacyc.SBGN,metacyc.SBGN
TRYPDEG-PWY.sbgn,MetaCyc,,MetaCyc,TRYPDEG-PWY,L-tryptophan degradation II (via pyruvate),metacyc.SBGN,metacyc.SBGN
TRYPTOPHAN-DEGRADATION-1.sbgn,MetaCyc,,MetaCyc,TRYPTOPHAN-DEGRADATION-1,L-tryptophan degradation III (eukaryotic),metacyc.SBGN,metacyc.SBGN
TYRFUMCAT-PWY.sbgn,MetaCyc,,MetaCyc,TYRFUMCAT-PWY,L-tyrosine degradation I,metacyc.SBGN,metacyc.SBGN
TYRSYN.sbgn,MetaCyc,,MetaCyc,TYRSYN,L-tyrosine biosynthesis I,metacyc.SBGN,metacyc.SBGN
UBISYN-PWY.sbgn,MetaCyc,,MetaCyc,UBISYN-PWY,superpathway of ubiquinol-8 biosynthesis (prokaryotic),metacyc.SBGN,metacyc.SBGN
UDPNACETYLGALSYN-PWY.sbgn,MetaCyc,,MetaCyc,UDPNACETYLGALSYN-PWY,UDP-<i>N</i>-acetyl-D-glucosamine biosynthesis II,metacyc.SBGN,metacyc.SBGN
UDPNAGSYN-PWY.sbgn,MetaCyc,,MetaCyc,UDPNAGSYN-PWY,UDP-<i>N</i>-acetyl-D-glucosamine biosynthesis I,metacyc.SBGN,metacyc.SBGN
URDEGR-PWY.sbgn,MetaCyc,,MetaCyc,URDEGR-PWY,superpathway of allantoin degradation in plants,metacyc.SBGN,metacyc.SBGN
URSIN-PWY.sbgn,MetaCyc,,MetaCyc,URSIN-PWY,ureide biosynthesis,metacyc.SBGN,metacyc.SBGN
VALDEG-PWY.sbgn,MetaCyc,,MetaCyc,VALDEG-PWY,L-valine degradation I,metacyc.SBGN,metacyc.SBGN
VALSYN-PWY.sbgn,MetaCyc,,MetaCyc,VALSYN-PWY,L-valine biosynthesis,metacyc.SBGN,metacyc.SBGN
XYLCAT-PWY.sbgn,MetaCyc,,MetaCyc,XYLCAT-PWY,xylose degradation I,metacyc.SBGN,metacyc.SBGN
Alanine Degradation.sbgn,MetaCrop,,MetaCrop,Alanine Degradation,Alanine Degradation,ENZYME,compound.name
"""Alanine, Valine, Leucine biosynthesis.sbgn""",MetaCrop,,MetaCrop,"Alanine, Valine, Leucine biosynthesis","""Alanine, Valine, Leucine biosynthesis""",ENZYME,compound.name
"""Arabinoxylan, Beta-Glucan, Cellulose biosynthesis.sbgn""",MetaCrop,,MetaCrop,"Arabinoxylan, Beta-Glucan, Cellulose biosynthesis","""Arabinoxylan, Beta-Glucan, Cellulose biosynthesis""",ENZYME,compound.name
Arginine biosynthesis.sbgn,MetaCrop,,MetaCrop,Arginine biosynthesis,Arginine biosynthesis,ENZYME,compound.name
Arginine degradation.sbgn,MetaCrop,,MetaCrop,Arginine degradation,Arginine degradation,ENZYME,compound.name
Ascorbate biosynthesis.sbgn,MetaCrop,,MetaCrop,Ascorbate biosynthesis,Ascorbate biosynthesis,ENZYME,compound.name
Ascorbate-Glutathione cycle.sbgn,MetaCrop,,MetaCrop,Ascorbate-Glutathione cycle,Ascorbate-Glutathione cycle,ENZYME,compound.name
Asparagine biosynthesis.sbgn,MetaCrop,,MetaCrop,Asparagine biosynthesis,Asparagine biosynthesis,ENZYME,compound.name
Asparagine degradation.sbgn,MetaCrop,,MetaCrop,Asparagine degradation,Asparagine degradation,ENZYME,compound.name
Aspartate degradation.sbgn,MetaCrop,,MetaCrop,Aspartate degradation,Aspartate degradation,ENZYME,compound.name
C4-metabolism (NADP-ME subtype).sbgn,MetaCrop,,MetaCrop,C4-metabolism (NADP-ME subtype),C4-metabolism (NADP-ME subtype),ENZYME,compound.name
Calvin Cycle C4.sbgn,MetaCrop,,MetaCrop,Calvin Cycle C4,Calvin Cycle C4,ENZYME,compound.name
Calvin Cycle.sbgn,MetaCrop,,MetaCrop,Calvin Cycle,Calvin Cycle,ENZYME,compound.name
Chlorogenic acid biosynthesis.sbgn,MetaCrop,,MetaCrop,Chlorogenic acid biosynthesis,Chlorogenic acid biosynthesis,ENZYME,compound.name
Cyclic photophosphorylation.sbgn,MetaCrop,,MetaCrop,Cyclic photophosphorylation,Cyclic photophosphorylation,ENZYME,compound.name
Cysteine degradation.sbgn,MetaCrop,,MetaCrop,Cysteine degradation,Cysteine degradation,ENZYME,compound.name
Fatty acid biosynthesis.sbgn,MetaCrop,,MetaCrop,Fatty acid biosynthesis,Fatty acid biosynthesis,ENZYME,compound.name
Fermentation.sbgn,MetaCrop,,MetaCrop,Fermentation,Fermentation,ENZYME,compound.name
Folate biosynthesis.sbgn,MetaCrop,,MetaCrop,Folate biosynthesis,Folate biosynthesis,ENZYME,compound.name
Fructan biosynthesis.sbgn,MetaCrop,,MetaCrop,Fructan biosynthesis,Fructan biosynthesis,ENZYME,compound.name
GDP sugars.sbgn,MetaCrop,,MetaCrop,GDP sugars,GDP sugars,ENZYME,compound.name
GS-GOGAT cycle.sbgn,MetaCrop,,MetaCrop,GS-GOGAT cycle,GS-GOGAT cycle,ENZYME,compound.name
Glutathione biosynthesis.sbgn,MetaCrop,,MetaCrop,Glutathione biosynthesis,Glutathione biosynthesis,ENZYME,compound.name
Glycine degradation.sbgn,MetaCrop,,MetaCrop,Glycine degradation,Glycine degradation,ENZYME,compound.name
"""Glycolysis, Gluconeogenesis.sbgn""",MetaCrop,,MetaCrop,"Glycolysis, Gluconeogenesis","""Glycolysis, Gluconeogenesis""",ENZYME,compound.name
Glyoxylate cycle.sbgn,MetaCrop,,MetaCrop,Glyoxylate cycle,Glyoxylate cycle,ENZYME,compound.name
Histidine biosynthesis.sbgn,MetaCrop,,MetaCrop,Histidine biosynthesis,Histidine biosynthesis,ENZYME,compound.name
Isoleucine biosynthesis.sbgn,MetaCrop,,MetaCrop,Isoleucine biosynthesis,Isoleucine biosynthesis,ENZYME,compound.name
Isoleucine degradation.sbgn,MetaCrop,,MetaCrop,Isoleucine degradation,Isoleucine degradation,ENZYME,compound.name
Leucine degradation.sbgn,MetaCrop,,MetaCrop,Leucine degradation,Leucine degradation,ENZYME,compound.name
Lysine biosynthesis.sbgn,MetaCrop,,MetaCrop,Lysine biosynthesis,Lysine biosynthesis,ENZYME,compound.name
Lysine degradation.sbgn,MetaCrop,,MetaCrop,Lysine degradation,Lysine degradation,ENZYME,compound.name
Methionine biosynthesis.sbgn,MetaCrop,,MetaCrop,Methionine biosynthesis,Methionine biosynthesis,ENZYME,compound.name
Methionine degradation.sbgn,MetaCrop,,MetaCrop,Methionine degradation,Methionine degradation,ENZYME,compound.name
Methionine recycling.sbgn,MetaCrop,,MetaCrop,Methionine recycling,Methionine recycling,ENZYME,compound.name
NAD+ NADP+ de novo biosynthesis.sbgn,MetaCrop,,MetaCrop,NAD+ NADP+ de novo biosynthesis,NAD+ NADP+ de novo biosynthesis,ENZYME,compound.name
Non-cyclic photophosphorylation.sbgn,MetaCrop,,MetaCrop,Non-cyclic photophosphorylation,Non-cyclic photophosphorylation,ENZYME,compound.name
Oxidative phosphorylation.sbgn,MetaCrop,,MetaCrop,Oxidative phosphorylation,Oxidative phosphorylation,ENZYME,compound.name
Pentose phosphate pathway.sbgn,MetaCrop,,MetaCrop,Pentose phosphate pathway,Pentose phosphate pathway,ENZYME,compound.name
Phenylalanine degradation.sbgn,MetaCrop,,MetaCrop,Phenylalanine degradation,Phenylalanine degradation,ENZYME,compound.name
"""Phenylalanine, Tyrosine, Tryptophan biosynthesis.sbgn""",MetaCrop,,MetaCrop,"Phenylalanine, Tyrosine, Tryptophan biosynthesis","""Phenylalanine, Tyrosine, Tryptophan biosynthesis""",ENZYME,compound.name
Photorespiration C4.sbgn,MetaCrop,,MetaCrop,Photorespiration C4,Photorespiration C4,ENZYME,compound.name
Photorespiration.sbgn,MetaCrop,,MetaCrop,Photorespiration,Photorespiration,ENZYME,compound.name
Proline biosynthesis.sbgn,MetaCrop,,MetaCrop,Proline biosynthesis,Proline biosynthesis,ENZYME,compound.name
Proline degradation.sbgn,MetaCrop,,MetaCrop,Proline degradation,Proline degradation,ENZYME,compound.name
Purine de novo biosynthesis.sbgn,MetaCrop,,MetaCrop,Purine de novo biosynthesis,Purine de novo biosynthesis,ENZYME,compound.name
Pyrimidine de novo biosynthesis.sbgn,MetaCrop,,MetaCrop,Pyrimidine de novo biosynthesis,Pyrimidine de novo biosynthesis,ENZYME,compound.name
Serine degradation.sbgn,MetaCrop,,MetaCrop,Serine degradation,Serine degradation,ENZYME,compound.name
"""Serine, Glycine, Cysteine biosynthesis.sbgn""",MetaCrop,,MetaCrop,"Serine, Glycine, Cysteine biosynthesis","""Serine, Glycine, Cysteine biosynthesis""",ENZYME,compound.name
Shikimate biosynthesis.sbgn,MetaCrop,,MetaCrop,Shikimate biosynthesis,Shikimate biosynthesis,ENZYME,compound.name
Starch metabolism (monocots).sbgn,MetaCrop,,MetaCrop,Starch metabolism (monocots),Starch metabolism (monocots),ENZYME,compound.name
Sucrose breakdown pathway (dicots).sbgn,MetaCrop,,MetaCrop,Sucrose breakdown pathway (dicots),Sucrose breakdown pathway (dicots),ENZYME,compound.name
Sucrose breakdown pathway (monocots).sbgn,MetaCrop,,MetaCrop,Sucrose breakdown pathway (monocots),Sucrose breakdown pathway (monocots),ENZYME,compound.name
Sugar metabolism.sbgn,MetaCrop,,MetaCrop,Sugar metabolism,Sugar metabolism,ENZYME,compound.name
TAG biosynthesis (simpl.).sbgn,MetaCrop,,MetaCrop,TAG biosynthesis (simpl.),TAG biosynthesis (simpl.),ENZYME,compound.name
TCA cycle.sbgn,MetaCrop,,MetaCrop,TCA cycle,TCA cycle,ENZYME,compound.name
Threonine biosynthesis.sbgn,MetaCrop,,MetaCrop,Threonine biosynthesis,Threonine biosynthesis,ENZYME,compound.name
Threonine degradation.sbgn,MetaCrop,,MetaCrop,Threonine degradation,Threonine degradation,ENZYME,compound.name
Tryptophan degradation.sbgn,MetaCrop,,MetaCrop,Tryptophan degradation,Tryptophan degradation,ENZYME,compound.name
Tyrosine degradation.sbgn,MetaCrop,,MetaCrop,Tyrosine degradation,Tyrosine degradation,ENZYME,compound.name
UDP sugars.sbgn,MetaCrop,,MetaCrop,UDP sugars,UDP sugars,ENZYME,compound.name
Valine degradation.sbgn,MetaCrop,,MetaCrop,Valine degradation,Valine degradation,ENZYME,compound.name
